date,expiry,T,bates_v0,bates_kappa,bates_theta,bates_sigma_v,bates_rho,bates_lam,bates_muJ,bates_delta,bates_rmse,sabr_rmse,js_rmse
2024-01-05,2024-01-12,0.0192,0.6479,7.9421,0.0001,5.0,0.4765,0.7204,-0.7485,0.3392,0.012933,0.00917,0.020779
2024-01-05,2024-01-19,0.0383,0.6618,7.9768,0.0153,5.0,0.0261,0.4999,-0.0002,0.0994,0.007534,0.00524,0.004021
2024-01-05,2024-01-26,0.0575,0.4341,7.9986,0.4941,1.0991,0.6668,0.4977,0.034,0.0555,0.022438,0.022274,0.01813
2024-01-05,2024-02-23,0.1342,0.4051,0.9999,0.1004,1.0,0.3001,0.4999,-0.0001,0.0995,0.002719,0.002666,0.002619
2024-01-05,2024-03-29,0.23,0.2905,1.0065,0.0956,0.1028,0.1115,0.4545,-0.2087,0.6345,0.00331,0.003469,0.003469
2024-01-05,2024-06-28,0.4791,0.1022,7.9968,0.4834,1.039,0.3994,0.4999,-0.0001,0.0993,0.004421,0.002923,0.003956
2024-01-12,2024-06-28,0.46,0.3781,0.9997,0.0926,0.3429,0.1684,0.4999,-0.0001,0.0993,0.001994,0.001979,0.001972
2024-01-12,2024-02-23,0.115,0.4338,7.9764,0.0001,1.8006,-0.1843,0.5008,-0.0331,0.2847,0.00621,0.006228,0.006184
2024-01-12,2024-03-29,0.2108,0.0674,7.9925,0.3897,0.6218,-0.6018,0.5028,-0.1125,0.464,0.004878,0.004702,0.004673
2024-01-12,2024-01-26,0.0383,0.0001,8.0884,2.3802,3.0439,-0.3668,0.0041,1.4419,0.0214,0.023218,0.029692,0.0141
2024-01-12,2024-01-19,0.0192,0.3446,0.1531,0.0293,4.3802,-0.5033,0.7062,-0.2076,0.262,0.009421,0.016769,0.009337
2024-01-12,2024-02-02,0.0575,0.1689,8.0107,0.9663,5.0,-0.2827,0.4899,-0.1604,0.003,0.011086,0.008556,0.008556
2024-01-19,2024-01-26,0.0192,0.1584,8.0142,0.7476,4.7636,-0.223,1.075,-0.0844,0.2149,0.007686,0.014263,0.008417
2024-01-19,2024-02-02,0.0383,0.2287,7.9501,0.2714,4.9996,-0.1126,0.4999,-0.0011,0.0985,0.007132,0.009464,0.006976
2024-01-19,2024-02-09,0.0575,0.143,7.7851,0.5424,4.0895,-0.2115,0.4999,-0.0017,0.0983,0.003925,0.005035,0.004509
2024-01-19,2024-02-23,0.0958,0.0192,7.8506,0.7944,4.635,-0.1948,0.4926,-0.1232,0.0001,0.00648,0.005907,0.005426
2024-01-19,2024-03-29,0.1916,0.2591,7.5784,0.0446,0.0561,-0.0693,0.475,-0.2282,0.5251,0.003489,0.003487,0.003502
2024-01-19,2024-04-26,0.2683,0.0881,3.0194,0.579,0.8514,0.0307,0.4999,-0.0002,0.0991,0.00489,0.005185,0.004837
2024-01-19,2024-06-28,0.4408,0.3966,3.0002,0.0973,0.2999,0.2999,0.4999,-0.0001,0.0991,0.00233,0.002299,0.001873
2024-01-26,2024-04-26,0.2491,0.3991,7.999,0.0885,1.0148,0.0691,0.4999,-0.0002,0.0991,0.003851,0.003805,0.003834
2024-01-26,2024-06-28,0.4216,0.0953,2.9962,0.4828,1.0216,0.1279,0.4999,-0.0001,0.099,0.00265,0.00273,0.002782
2024-01-26,2024-03-29,0.1725,0.227,2.9959,0.2245,1.9848,-0.0421,0.4999,-0.0001,0.0992,0.002853,0.013766,0.002883
2024-01-26,2024-02-02,0.0192,0.0787,8.2252,1.3002,4.8355,-0.2564,0.4974,0.0845,0.1135,0.016286,0.019385,0.017434
2024-01-26,2024-02-16,0.0575,0.0441,7.9712,0.6158,1.3961,0.006,0.0941,-0.875,0.9717,0.002296,0.005691,0.0056
2024-01-26,2024-02-09,0.0383,0.056,7.9158,1.0257,5.0,-0.1868,0.4891,-0.1154,0.0001,0.014599,0.009852,0.009758
2024-01-26,2024-02-23,0.0767,0.0051,7.9049,0.7156,3.2637,0.0224,0.4876,-0.1191,0.0001,0.010832,0.009851,0.005208
2024-02-02,2024-02-09,0.0192,0.0234,8.0958,1.6787,4.251,-0.0678,0.1084,0.2565,0.0081,0.003985,0.007218,0.003873
2024-02-02,2024-02-16,0.0383,0.0535,7.9262,0.9165,5.0,0.0846,0.4782,-0.0811,0.0001,0.008893,0.006726,0.006585
2024-02-02,2024-02-23,0.0575,0.096,7.9332,0.5687,5.0,-0.0168,0.4922,-0.1126,0.0001,0.010966,0.007292,0.007347
2024-02-02,2024-03-29,0.1533,0.2282,2.9217,0.1968,2.0625,-0.0451,0.4999,-0.0001,0.0992,0.005014,0.004865,0.004925
2024-02-02,2024-04-26,0.23,0.3974,7.9975,0.0665,1.0474,0.2706,0.4999,-0.0002,0.0991,0.002356,0.002609,0.002329
2024-02-09,2024-02-16,0.0192,0.1763,7.9209,0.3288,4.472,0.2279,0.175,-0.3636,0.0542,0.013192,0.019478,0.019479
2024-02-09,2024-02-23,0.0383,0.0001,7.9998,1.4006,4.402,0.2003,0.1108,-0.2666,0.7469,0.01745,0.018838,0.018839
2024-02-09,2024-03-01,0.0575,0.0079,7.9336,1.0554,4.7,0.0713,0.4947,-0.0434,0.03,0.00472,0.003349,0.00332
2024-02-09,2024-03-29,0.1342,0.2649,7.9525,0.0416,4.8127,-0.1003,5.4864,0.1199,0.0009,0.009247,0.011828,0.011828
2024-02-09,2024-04-26,0.2108,0.4203,7.9955,0.0713,1.0725,0.4707,0.4999,-0.0001,0.0999,0.005579,0.00547,0.005457
2024-02-09,2024-06-28,0.3833,0.4226,2.9966,0.0908,1.0482,0.4386,0.4998,0.0,0.0985,0.007383,0.007354,0.00735
2024-02-16,2024-04-26,0.1916,0.3611,0.9958,0.0933,1.0583,0.4485,0.4999,-0.0001,0.0995,0.003072,0.002914,0.002657
2024-02-16,2024-03-29,0.115,0.2679,7.8956,0.0136,5.0,-0.1706,9.218,0.1277,0.0064,0.006885,0.009996,0.009996
2024-02-16,2024-06-28,0.3641,0.1146,7.9936,0.4791,1.0748,0.531,0.4999,-0.0001,0.0992,0.005669,0.00507,0.005049
2024-02-16,2024-03-01,0.0383,0.3302,7.9795,0.034,3.4967,0.1115,0.4962,-0.006,0.0673,0.006189,0.005626,0.008017
2024-02-16,2024-02-23,0.0192,0.2168,0.1,0.0001,5.0,0.4419,2.4677,-0.1914,0.0001,0.037267,0.040425,0.040426
2024-02-16,2024-03-08,0.0575,0.2517,8.0005,0.1482,1.0161,0.4296,0.5068,-0.1822,0.4517,0.002688,0.007097,0.007687
2024-02-23,2024-05-31,0.2683,0.3851,0.9997,0.0967,1.0117,0.3138,0.4997,0.0009,0.0983,0.002646,0.002613,0.002819
2024-02-23,2024-04-26,0.1725,0.4462,2.9815,0.0483,1.9849,0.0116,0.4999,-0.0001,0.0992,0.005222,0.005328,0.005328
2024-02-23,2024-03-29,0.0958,0.0263,7.9246,0.8625,4.053,-0.0087,0.5202,0.1831,0.0001,0.007233,0.006919,0.00692
2024-02-23,2024-06-28,0.345,0.1168,7.9946,0.4771,1.0822,0.5389,0.4999,-0.0001,0.0992,0.004683,0.004961,0.004926
2024-02-23,2024-03-08,0.0383,0.318,7.9092,0.0018,4.082,-0.0783,0.4997,-0.0021,0.098,0.009323,0.00838,0.005598
2024-02-23,2024-03-01,0.0192,0.0218,8.1205,2.6603,1.2883,-0.6966,0.6302,0.2294,0.0001,0.003021,0.009749,0.003082
2024-02-23,2024-03-15,0.0575,0.0119,7.9658,1.3303,5.0,-0.0525,0.4895,-0.0908,0.0001,0.006831,0.005933,0.004126
2024-03-01,2024-03-08,0.0192,0.4028,7.8984,0.0585,4.78,-0.0029,0.3614,0.3467,0.1284,0.015791,0.02027,0.010972
2024-03-01,2024-03-15,0.0383,0.4443,7.959,0.3064,4.0883,0.0894,0.4999,-0.0001,0.0994,0.00561,0.004909,0.005887
2024-03-01,2024-03-22,0.0575,0.435,2.9536,0.4233,3.3819,0.0198,0.4999,-0.0002,0.0994,0.004488,0.003723,0.003803
2024-03-01,2024-03-29,0.0767,0.4372,2.9467,0.3709,2.8555,0.1549,0.4999,0.0001,0.0994,0.012214,0.011941,0.011941
2024-03-01,2024-04-26,0.1533,0.4265,0.9466,0.4614,1.9166,0.1175,0.4999,-0.0001,0.0994,0.005064,0.004971,0.004987
2024-03-01,2024-05-31,0.2491,0.3829,2.9966,0.4826,1.0379,0.4002,0.4999,-0.0001,0.0992,0.004798,0.004669,0.004495
2024-03-01,2024-06-28,0.3258,0.5292,2.8972,0.3127,1.9028,0.0808,0.4999,-0.0,0.099,0.004704,0.004703,0.004708
2024-03-08,2024-05-31,0.23,0.433,7.9946,0.4883,1.1232,0.6565,0.4999,-0.0001,0.0991,0.008972,0.008851,0.008942
2024-03-08,2024-04-26,0.1342,0.9084,7.858,0.0042,4.0418,0.0528,0.4999,0.0007,0.0988,0.015719,0.015579,0.015579
2024-03-08,2024-06-28,0.3066,0.3988,8.0059,0.5398,0.0014,-0.316,0.4999,-0.0,0.0991,0.015313,0.009165,0.009165
2024-03-08,2024-03-22,0.0383,0.5419,7.9606,0.2475,4.1303,0.2096,0.4999,-0.0001,0.0994,0.017275,0.016946,0.016252
2024-03-08,2024-03-29,0.0575,0.2685,8.0415,0.5785,2.4554,0.999,4.1389,-0.2203,0.0001,0.036583,0.039605,0.036173
2024-03-15,2024-03-22,0.0192,0.5959,7.9896,0.0002,5.0,-0.2441,0.7517,-0.3211,0.5385,0.013502,0.016124,0.013376
2024-03-15,2024-04-05,0.0575,0.6896,7.966,0.1762,4.1322,-0.175,0.4999,-0.0002,0.0992,0.008476,0.008694,0.0081
2024-03-15,2024-04-26,0.115,0.9017,7.9538,0.0541,3.1653,-0.0255,0.4999,-0.0001,0.0991,0.012099,0.012311,0.012215
2024-03-15,2024-05-31,0.2108,0.7723,3.0012,0.089,1.0108,0.09,0.4999,-0.0001,0.0992,0.007667,0.007643,0.007483
2024-03-15,2024-06-28,0.2875,0.7951,7.9993,0.489,1.0115,0.0661,0.4999,-0.0001,0.0991,0.008516,0.004493,0.004493
2024-03-22,2024-05-31,0.1916,0.7273,3.0022,0.0768,1.014,0.3518,0.4999,-0.0001,0.0993,0.004252,0.004165,0.004221
2024-03-22,2024-04-12,0.0575,0.6605,7.8761,0.0696,4.6447,-0.1903,0.4999,-0.0002,0.0992,0.010998,0.010372,0.01943
2024-03-22,2024-04-26,0.0958,0.836,7.9483,0.0001,2.9758,0.0029,0.4999,-0.0002,0.099,0.005671,0.005685,0.005685
2024-03-22,2024-04-05,0.0383,0.5651,7.9489,0.2715,4.631,-0.1989,0.4999,-0.0008,0.099,0.008827,0.007576,0.007335
2024-03-29,2024-04-05,0.0192,0.3876,2.9815,0.4588,4.8769,-0.1961,0.0762,-0.3054,0.8677,0.018867,0.021049,0.018878
2024-03-29,2024-04-12,0.0383,0.4669,7.9676,0.3368,3.3084,-0.0194,0.4999,-0.0004,0.0998,0.010624,0.010178,0.010042
2024-03-29,2024-04-19,0.0575,0.5147,7.971,0.3568,2.5456,-0.0861,0.4999,-0.0001,0.0993,0.009288,0.011476,0.009175
2024-03-29,2024-04-26,0.0767,0.2273,8.1521,1.6545,5.0,-0.1306,0.4999,-0.0,0.099,0.00825,0.007578,0.007578
2024-03-29,2024-05-31,0.1725,0.6854,3.0169,0.1139,0.6697,0.3215,0.4999,-0.0001,0.0993,0.006461,0.006465,0.006467
2024-03-29,2024-06-28,0.2491,0.7844,3.0002,0.0903,0.3623,0.3556,0.4999,-0.0001,0.0992,0.007654,0.006844,0.006661
2024-04-05,2024-04-12,0.0192,0.4539,7.9004,0.0015,5.0,-0.2498,0.5136,0.0073,0.2806,0.017371,0.018252,0.018398
2024-04-05,2024-04-19,0.0383,0.5245,7.9569,0.3241,4.7041,-0.1071,0.4999,-0.001,0.0988,0.0091,0.007877,0.006057
2024-04-05,2024-04-26,0.0575,0.5594,7.9522,0.3073,3.2621,-0.011,0.4999,-0.0002,0.0993,0.006779,0.006442,0.00642
2024-04-05,2024-05-31,0.1533,0.8305,7.9986,0.1223,1.0004,0.3027,0.4999,-0.0001,0.0991,0.005592,0.005244,0.004146
2024-04-12,2024-06-28,0.2108,0.4537,8.0005,0.5574,0.2998,0.2999,0.4999,-0.0001,0.0991,0.009618,0.005729,0.005729
2024-04-12,2024-05-31,0.1342,0.4154,7.9998,0.5334,0.0483,-0.0253,0.4999,-0.0002,0.0993,0.013767,0.007298,0.007584
2024-04-12,2024-09-27,0.46,0.7887,8.0001,0.4675,1.0038,0.2099,0.4999,-0.0001,0.0992,0.005649,0.005302,0.005304
2024-04-12,2024-04-26,0.0383,0.4787,7.9483,0.2044,4.4097,-0.0075,0.4999,0.0001,0.0989,0.010938,0.010471,0.010471
2024-04-12,2024-04-19,0.0192,0.1334,8.0423,2.0314,0.2886,0.892,6.1762,-0.0241,0.1489,0.012224,0.013835,0.013585
2024-04-12,2024-05-03,0.0575,0.4932,7.9521,0.256,3.2987,-0.1221,0.4999,-0.0004,0.0992,0.006255,0.006523,0.006523
2024-04-19,2024-06-28,0.1916,0.8329,7.9983,0.1314,0.3006,0.3007,0.4999,-0.0001,0.0991,0.009832,0.005723,0.005408
2024-04-19,2024-05-31,0.115,0.7302,7.8596,0.1421,3.346,-0.0647,0.4999,-0.0002,0.099,0.006472,0.006431,0.00651
2024-04-19,2024-09-27,0.4408,0.8376,2.9962,0.1325,0.2726,0.2694,0.4999,-0.0001,0.0991,0.003479,0.003229,0.003125
2024-04-19,2024-05-03,0.0383,0.6071,7.9526,0.2917,4.7359,-0.1987,0.4999,-0.0005,0.0988,0.010646,0.01036,0.010251
2024-04-19,2024-04-26,0.0192,0.5693,7.9508,0.0001,5.0,-0.1305,0.6194,-0.2071,0.4338,0.009909,0.010941,0.009857
2024-04-19,2024-05-10,0.0575,0.6181,7.9333,0.1961,4.293,-0.1107,0.4999,-0.0001,0.0992,0.008841,0.015423,0.009076
2024-04-26,2024-05-03,0.0192,0.1759,7.9944,0.0012,2.3619,0.6032,2.0173,-0.3248,0.3046,0.00622,0.008806,0.007473
2024-04-26,2024-05-10,0.0383,0.3475,8.0498,0.0012,4.8225,-0.1444,0.4998,-0.0018,0.0981,0.007148,0.006361,0.006252
2024-04-26,2024-05-17,0.0575,0.3283,7.9324,0.1067,2.862,0.0241,0.4945,-0.0426,0.0492,0.008079,0.007546,0.006679
2024-04-26,2024-05-31,0.0958,0.3888,2.9328,0.0107,2.6722,-0.1584,0.4999,-0.0011,0.0992,0.008184,0.008618,0.008028
2024-04-26,2024-06-28,0.1725,0.3174,3.0014,0.081,0.3355,0.0322,0.5204,-0.1433,0.4785,0.006143,0.007371,0.006004
2024-04-26,2024-07-26,0.2491,0.3935,1.0008,0.1004,0.2628,0.2629,0.4999,-0.0001,0.0994,0.008858,0.008455,0.008782
2024-05-03,2024-06-28,0.1533,0.4194,2.9393,0.0001,2.2551,0.0486,0.4999,-0.0,0.0992,0.004788,0.005145,0.004739
2024-05-03,2024-09-27,0.4025,0.3879,0.9993,0.0948,0.3518,0.3464,0.4999,-0.0001,0.0993,0.004198,0.004129,0.003915
2024-05-03,2024-05-31,0.0767,0.2111,7.9388,0.6877,5.0,-0.0621,0.4927,-0.1446,0.0001,0.004784,0.0038,0.003215
2024-05-03,2024-07-26,0.23,0.3932,2.9986,0.0908,1.0259,0.1084,0.4999,-0.0001,0.0992,0.004791,0.004877,0.004889
2024-05-03,2024-05-17,0.0383,0.1608,7.9012,1.1934,5.0,0.0487,0.4999,-0.0002,0.0993,0.006192,0.004904,0.007388
2024-05-03,2024-05-10,0.0192,0.2561,8.0,0.4875,4.2438,-0.2452,0.3842,0.2042,0.071,0.008355,0.008737,0.008236
2024-05-03,2024-05-24,0.0575,0.141,7.9477,0.9973,4.9829,-0.0392,0.4949,-0.1323,0.0001,0.006299,0.005921,0.00425
2024-05-10,2024-05-17,0.0192,0.1554,7.9953,1.2233,3.8683,-0.426,0.3684,0.2042,0.0558,0.011678,0.014523,0.011905
2024-05-10,2024-05-24,0.0383,0.0001,8.2735,1.6596,4.5679,-0.2956,0.9134,0.0546,0.1416,0.006537,0.00665,0.005689
2024-05-10,2024-05-31,0.0575,0.333,7.9293,0.0397,3.7403,-0.1831,0.4998,0.1623,0.0159,0.010842,0.011078,0.011078
2024-05-10,2024-06-28,0.1342,0.5147,7.9501,0.0001,2.5874,-0.104,0.4999,-0.0001,0.0986,0.005313,0.005805,0.005806
2024-05-10,2024-07-26,0.2108,0.0968,7.9988,0.4842,1.0176,0.3351,0.4999,-0.0002,0.0991,0.005796,0.005735,0.005735
2024-05-10,2024-09-27,0.3833,0.4003,0.9794,0.0761,0.8685,0.0075,0.5029,-0.0132,0.1953,0.001682,0.001952,0.001708
2024-05-17,2024-07-26,0.1916,0.4076,0.9652,0.0582,1.603,0.097,0.4999,-0.0001,0.0994,0.006245,0.0077,0.006284
2024-05-17,2024-06-28,0.115,0.0113,2.8709,1.5246,4.5758,-0.2092,4.6102,0.1584,0.0001,0.004299,0.005789,0.005789
2024-05-17,2024-06-07,0.0575,0.3637,7.9659,0.014,3.5919,0.0206,0.4999,-0.0004,0.0991,0.007511,0.007289,0.007438
2024-05-17,2024-05-24,0.0192,0.243,7.9531,0.0001,5.0,-0.2788,1.3607,0.1142,0.0869,0.012154,0.014943,0.014942
2024-05-17,2024-05-31,0.0383,0.2255,7.9592,0.6376,5.0,0.0908,0.4886,-0.1206,0.0001,0.006448,0.00607,0.006766
2024-05-24,2024-05-31,0.0192,0.1172,7.9901,1.14,3.875,0.2335,0.114,-1.1342,1.0565,0.013092,0.014823,0.014823
2024-05-24,2024-06-07,0.0383,0.0717,8.005,1.2494,5.0,-0.0838,0.4802,-0.1178,0.001,0.014911,0.013039,0.013011
2024-05-24,2024-06-14,0.0575,0.2501,7.9634,0.2442,2.6661,-0.0056,0.4998,-0.002,0.098,0.009198,0.008416,0.008414
2024-05-24,2024-06-28,0.0958,0.3517,7.9996,0.0669,1.041,0.3227,0.4999,-0.0001,0.0993,0.003051,0.003093,0.00302
2024-05-24,2024-07-26,0.1725,0.3776,2.9972,0.0814,1.0669,0.3137,0.4999,-0.0001,0.0993,0.006423,0.006445,0.006463
2024-05-24,2024-09-27,0.345,0.1052,8.0002,0.5102,0.9999,0.3,0.4999,-0.0001,0.0992,0.004769,0.004028,0.003805
2024-05-31,2024-07-26,0.1533,0.3446,7.9991,0.0512,0.447,0.1448,0.5202,-0.1606,0.4887,0.003363,0.003397,0.003383
2024-05-31,2024-08-30,0.2491,0.0927,7.9998,0.4904,1.0,0.2994,0.4999,-0.0001,0.0991,0.003489,0.003353,0.003353
2024-05-31,2024-06-28,0.0767,0.3411,7.9834,0.0365,2.3886,-0.0746,0.4987,0.0228,0.0627,0.00488,0.004343,0.004343
2024-05-31,2024-09-27,0.3258,0.3921,0.9994,0.0966,0.3495,0.3442,0.4999,-0.0001,0.0994,0.003057,0.003189,0.003081
2024-05-31,2024-06-14,0.0383,0.0116,7.9541,1.5855,4.5635,-0.0869,0.4934,-0.0199,0.043,0.007882,0.00645,0.005098
2024-05-31,2024-06-21,0.0575,0.2299,7.9931,0.2577,2.4717,-0.0789,0.4998,-0.0029,0.0964,0.003913,0.003605,0.003958
2024-05-31,2024-06-07,0.0192,0.0768,8.1067,1.5989,4.7012,-0.1886,0.2132,-0.0237,0.2156,0.011107,0.014506,0.009901
2024-06-07,2024-06-14,0.0192,0.1047,7.9615,1.2868,1.8743,0.3286,0.615,0.1019,0.1017,0.008496,0.010793,0.008271
2024-06-07,2024-06-21,0.0383,0.0001,8.0894,1.537,1.3636,0.3277,0.0772,0.2938,0.1063,0.009337,0.010317,0.010306
2024-06-07,2024-06-28,0.0575,0.0688,8.0402,0.5043,4.0206,-0.4807,6.22,0.1345,0.0001,0.011775,0.017292,0.017292
2024-06-07,2024-07-26,0.1342,0.413,7.9884,0.0101,1.3824,0.2318,0.5002,-0.1161,0.2879,0.005291,0.005188,0.005147
2024-06-07,2024-08-30,0.23,0.3995,3.001,0.1069,0.9793,0.228,0.4999,-0.0001,0.0992,0.004152,0.004107,0.002941
2024-06-07,2024-09-27,0.3066,0.0944,7.9998,0.4905,1.0003,0.3,0.4999,-0.0001,0.0991,0.006869,0.005237,0.005237
2024-06-14,2024-07-26,0.115,0.1094,7.9996,0.4197,1.1556,0.6138,0.4999,-0.0002,0.0993,0.007236,0.006973,0.006974
2024-06-14,2024-09-27,0.2875,0.4076,2.9973,0.088,0.4531,0.4318,0.4999,-0.0001,0.0992,0.004325,0.00385,0.003842
2024-06-14,2024-08-30,0.2108,0.0755,7.9987,0.4513,1.0355,0.4176,0.4999,-0.0001,0.0991,0.003929,0.003582,0.003541
2024-06-14,2024-07-05,0.0575,0.2188,7.9562,0.185,2.7795,-0.0256,0.4998,-0.0024,0.0973,0.004662,0.003429,0.00577
2024-06-14,2024-06-28,0.0383,0.1283,5.7409,0.0001,5.0,-0.462,20.0,0.072,0.0001,0.01397,0.015493,0.015493
2024-06-14,2024-06-21,0.0192,0.0544,8.0868,1.5842,4.3952,-0.0755,0.21,0.2502,0.0001,0.009146,0.010978,0.013275
2024-06-21,2024-07-05,0.0383,0.0324,7.9156,1.2309,4.465,-0.2389,0.0314,0.6567,0.036,0.004189,0.007126,0.003121
2024-06-21,2024-07-12,0.0575,0.0128,7.5944,1.0736,4.2372,-0.0793,0.4999,-0.0003,0.0991,0.004492,0.004077,0.004214
2024-06-21,2024-07-26,0.0958,0.0111,7.9476,0.8027,3.9984,-0.1027,0.4999,-0.0003,0.0989,0.003126,0.002824,0.006631
2024-06-21,2024-08-30,0.1916,0.4144,7.9986,0.0998,1.0252,0.3436,0.4999,-0.0002,0.0991,0.004484,0.004311,0.003412
2024-06-21,2024-09-27,0.2683,0.4421,3.0047,0.0576,1.4142,0.1118,0.4999,-0.0001,0.0991,0.002858,0.002838,0.002834
2024-06-28,2024-08-30,0.1725,0.3863,7.9967,0.0539,1.0654,0.2598,0.4999,-0.0002,0.0991,0.004957,0.004684,0.005106
2024-06-28,2024-09-27,0.2491,0.4608,2.9241,0.0001,2.0186,-0.1039,0.4999,-0.0001,0.0988,0.006671,0.006773,0.006774
2024-06-28,2024-07-26,0.0767,0.2875,7.9161,0.0005,2.5838,-0.1256,0.4999,-0.0011,0.0979,0.00457,0.005512,0.004018
2024-06-28,2024-07-12,0.0383,0.0001,7.9509,1.3137,4.8916,-0.1824,0.4993,-0.004,0.0921,0.0083,0.007604,0.004401
2024-06-28,2024-07-05,0.0192,0.1353,7.9841,0.2799,1.7278,-0.1856,0.9981,-0.0183,0.1429,0.009124,0.01422,0.009454
2024-06-28,2024-07-19,0.0575,0.1942,7.9633,0.149,2.4354,-0.0787,0.4996,-0.0044,0.0951,0.00737,0.006832,0.006852
2024-07-05,2024-07-12,0.0192,0.0255,7.0948,2.2489,5.0,0.9798,19.1529,-0.0853,0.0561,0.029738,0.031475,0.029169
2024-07-05,2024-07-19,0.0383,0.0031,8.0543,1.8326,4.1,-0.5184,0.7383,0.2405,0.0001,0.018933,0.019542,0.02152
2024-07-05,2024-07-26,0.0575,0.3393,7.9474,0.0067,2.7455,-0.1165,0.4999,-0.0016,0.0977,0.016312,0.016415,0.016333
2024-07-05,2024-08-30,0.1533,0.0107,8.009,0.556,0.8371,0.0321,0.4999,-0.0002,0.0991,0.007829,0.007809,0.007837
2024-07-05,2024-09-27,0.23,0.363,3.0002,0.0819,1.0134,0.0614,0.4999,-0.0001,0.0992,0.010753,0.010647,0.010648
2024-07-05,2024-12-27,0.4791,0.4126,0.9977,0.1008,0.3439,0.3308,0.4999,-0.0001,0.0993,0.005476,0.004634,0.004629
2024-07-12,2024-12-27,0.46,0.388,0.9982,0.0923,0.4544,0.3977,0.4999,-0.0001,0.0993,0.002685,0.002575,0.002582
2024-07-12,2024-09-27,0.2108,0.4056,7.9949,0.0512,0.5848,0.4143,0.5074,-0.0523,0.2663,0.002585,0.003533,0.002577
2024-07-12,2024-08-30,0.1342,0.0356,8.0207,0.505,0.9511,0.1612,0.4999,-0.0002,0.0991,0.004198,0.004166,0.004168
2024-07-12,2024-07-26,0.0383,0.0107,8.0694,1.5071,3.9808,-0.4235,0.3538,0.201,0.0608,0.008998,0.009691,0.009653
2024-07-12,2024-07-19,0.0192,0.051,8.2108,2.1561,3.7918,-0.4602,0.1741,0.255,0.0001,0.010701,0.017653,0.010678
2024-07-12,2024-08-02,0.0575,0.146,7.9872,0.369,1.4858,-0.192,0.5064,-0.1388,0.2635,0.004765,0.005002,0.005165
2024-07-19,2024-07-26,0.0192,0.2852,7.9971,0.2184,4.5973,0.3544,0.2537,-0.0801,0.4144,0.012942,0.01323,0.0135
2024-07-19,2024-08-02,0.0383,0.1451,8.0077,1.6836,4.9601,0.3603,0.4909,-0.0761,0.0057,0.012698,0.011663,0.011808
2024-07-19,2024-08-09,0.0575,0.404,7.8886,0.1226,3.2612,0.2234,0.4981,-0.015,0.0534,0.010851,0.010425,0.010232
2024-07-19,2024-08-30,0.115,0.407,2.9743,0.0188,1.8061,0.1936,0.4999,0.0002,0.0993,0.009473,0.009445,0.009445
2024-07-19,2024-09-27,0.1916,0.4202,0.9426,0.0455,2.1062,0.1825,0.4999,-0.0001,0.0989,0.005478,0.005213,0.005004
2024-07-19,2024-11-08,0.3066,0.3699,0.9909,0.4885,1.0632,0.4367,0.4999,-0.0001,0.0994,0.002751,0.002746,0.002755
2024-07-19,2024-12-27,0.4408,0.4733,0.8859,0.4248,1.6904,0.1756,0.4999,0.0001,0.0988,0.003512,0.003418,0.003402
2024-07-26,2024-10-25,0.2491,0.4118,1.0005,0.1029,0.9864,0.2741,0.4999,-0.0001,0.0994,0.002413,0.002425,0.002396
2024-07-26,2024-12-27,0.4216,0.4025,1.0051,0.5062,0.9693,0.2041,0.4999,-0.0001,0.0993,0.002585,0.002508,0.002503
2024-07-26,2024-09-27,0.1725,0.4144,0.9649,0.0556,1.8186,0.1583,0.4999,0.0001,0.0994,0.002813,0.003121,0.003121
2024-07-26,2024-08-09,0.0383,0.477,7.9604,0.2617,4.9212,0.172,0.4891,-0.1247,0.0001,0.007756,0.006637,0.008308
2024-07-26,2024-08-16,0.0575,0.4157,0.9957,0.0438,3.2188,0.0994,0.4999,-0.0001,0.0994,0.009086,0.008011,0.007092
2024-07-26,2024-08-02,0.0192,0.5106,7.984,0.0002,5.0,0.2787,0.5793,-0.198,0.5361,0.007626,0.007702,0.010515
2024-07-26,2024-08-30,0.0958,0.4342,2.9641,0.0002,2.3171,0.1534,0.4999,-0.0001,0.0994,0.005731,0.005672,0.005735
2024-08-02,2024-08-09,0.0192,0.0001,8.0204,2.3381,0.2561,0.8168,1.5769,-0.2401,0.2307,0.017991,0.020328,0.016396
2024-08-02,2024-08-16,0.0383,0.0001,8.1007,1.6375,3.638,-0.4026,0.1787,0.2677,0.0698,0.012784,0.013344,0.013023
2024-08-02,2024-08-23,0.0575,0.3327,7.9031,0.0002,3.877,-0.3255,0.4999,-0.0013,0.097,0.007164,0.008842,0.007455
2024-08-02,2024-08-30,0.0767,0.3258,7.944,0.032,2.8059,-0.1788,0.4998,-0.0018,0.0976,0.010521,0.010357,0.010387
2024-08-02,2024-09-27,0.1533,0.4811,7.921,0.0001,2.4036,-0.0675,0.4998,-0.0003,0.0984,0.005212,0.004781,0.00484
2024-08-02,2024-10-25,0.23,0.4095,2.9557,0.0001,1.7512,-0.0094,0.4999,-0.0002,0.0989,0.005628,0.005608,0.005606
2024-08-02,2024-11-08,0.2683,0.4477,2.9636,0.0001,1.4842,0.0374,0.4964,-0.0574,0.1375,0.001079,0.002559,0.000965
2024-08-02,2024-12-27,0.4025,0.3858,1.0,0.0959,1.0057,0.0609,0.4999,-0.0001,0.0992,0.003901,0.003581,0.00311
2024-08-09,2024-12-27,0.3833,0.1077,7.9948,0.4688,1.0711,0.5027,0.4999,-0.0001,0.0992,0.003137,0.003009,0.003004
2024-08-09,2024-11-08,0.2491,0.3771,0.9981,0.0935,1.0358,0.1862,0.4999,-0.0001,0.0994,0.003458,0.003806,0.002943
2024-08-09,2024-10-25,0.2108,0.1132,7.9978,0.4773,1.0535,0.4332,0.4999,-0.0001,0.0991,0.007652,0.007412,0.006924
2024-08-09,2024-08-16,0.0192,0.2937,8.0167,0.637,3.4842,-0.1089,0.2451,-0.5054,0.6078,0.013138,0.014697,0.014703
2024-08-09,2024-08-30,0.0575,0.361,7.9886,0.1116,0.0001,-0.243,0.5,-0.0,0.1001,0.024771,0.009043,0.008952
2024-08-09,2024-08-23,0.0383,0.384,7.9707,0.0004,3.7366,-0.2339,0.4998,-0.0019,0.0973,0.007021,0.007297,0.007042
2024-08-09,2024-09-27,0.1342,0.5256,7.9603,0.0188,2.6875,-0.0401,0.4999,-0.0,0.099,0.009415,0.009497,0.009497
2024-08-16,2024-11-08,0.23,0.3939,1.0028,0.1041,0.9562,0.1771,0.4999,-0.0001,0.0994,0.003626,0.003825,0.001602
2024-08-16,2024-12-27,0.3641,0.1069,7.9988,0.5018,1.0193,0.3506,0.4999,-0.0001,0.0992,0.001443,0.001064,0.001084
2024-08-16,2024-09-27,0.115,0.4707,7.9367,0.0046,2.3965,-0.073,0.4999,-0.0002,0.099,0.004396,0.007473,0.004153
2024-08-16,2024-10-25,0.1916,0.1019,7.9991,0.4856,1.0243,0.3556,0.4999,-0.0002,0.0991,0.002608,0.002565,0.00257
2024-08-16,2024-08-30,0.0383,0.1883,7.9575,0.9108,5.0,-0.0659,0.4938,-0.1454,0.0001,0.015983,0.014064,0.013265
2024-08-16,2024-08-23,0.0192,0.2622,0.4928,0.0327,3.8231,0.0445,0.1038,-1.2641,1.1934,0.01299,0.019132,0.019132
2024-08-16,2024-09-06,0.0575,0.3704,7.9687,0.003,3.5054,-0.162,0.4998,-0.0015,0.0982,0.003617,0.003126,0.002901
2024-08-23,2024-12-27,0.345,0.3875,0.9968,0.4945,1.0224,0.1257,0.4999,-0.0001,0.0993,0.003995,0.003168,0.00317
2024-08-23,2024-10-25,0.1725,0.5215,7.9252,0.0931,2.3962,-0.054,0.4999,-0.0001,0.099,0.006012,0.005977,0.005805
2024-08-23,2024-09-27,0.0958,0.0374,7.9498,0.8878,3.7022,-0.1439,0.5114,0.1739,0.0001,0.005202,0.005294,0.005295
2024-08-23,2024-11-08,0.2108,0.401,1.0021,0.1037,0.9604,0.2181,0.4999,-0.0001,0.0994,0.003069,0.003006,0.002997
2024-08-23,2024-09-06,0.0383,0.0001,8.0368,1.8043,4.1699,-0.225,0.1503,0.2778,0.0667,0.007411,0.00739,0.005248
2024-08-23,2024-09-13,0.0575,0.3361,7.9566,0.0011,2.4457,-0.0662,0.4998,-0.002,0.0976,0.005666,0.004858,0.004155
2024-08-30,2024-11-29,0.2491,0.372,0.9961,0.0966,0.3896,0.5886,0.4999,-0.0001,0.0995,0.001831,0.001767,0.001769
2024-08-30,2024-09-06,0.0192,0.1402,8.3944,1.1934,4.5776,-0.2712,0.3055,0.1752,0.0807,0.010093,0.011927,0.005488
2024-08-30,2024-09-13,0.0383,0.016,8.0772,1.6255,4.7109,-0.3408,0.3467,0.1902,0.0954,0.009497,0.009032,0.009033
2024-08-30,2024-09-20,0.0575,0.0001,8.0243,1.3537,4.4898,-0.0955,0.4996,-0.0012,0.0964,0.009053,0.008305,0.008301
2024-08-30,2024-09-27,0.0767,0.1255,7.9423,0.7738,4.3099,-0.1654,0.4998,-0.0013,0.0985,0.003493,0.003031,0.003256
2024-08-30,2024-10-25,0.1533,0.0905,8.0007,0.5042,0.984,0.2485,0.4999,-0.0002,0.0991,0.004834,0.002192,0.00551
2024-08-30,2024-11-08,0.1916,0.3747,0.999,0.0953,1.0302,0.0956,0.4999,-0.0001,0.0994,0.002262,0.002498,0.002514
2024-08-30,2024-12-27,0.3258,0.3745,0.9989,0.495,1.0053,0.0148,0.4999,-0.0001,0.0993,0.002317,0.002776,0.002159
2024-09-06,2024-12-27,0.3066,0.4127,0.964,0.4711,1.2763,-0.0639,0.4976,0.0052,0.0993,0.003597,0.003575,0.003585
2024-09-06,2024-11-08,0.1725,0.4048,1.0002,0.1011,0.2729,0.2656,0.5003,-0.0159,0.1041,0.006312,0.004125,0.00412
2024-09-06,2024-11-29,0.23,0.4636,1.5319,0.6501,2.6032,-0.2476,0.4999,-0.0002,0.0989,0.003261,0.005047,0.002957
2024-09-06,2024-10-25,0.1342,0.3624,2.9514,0.1164,0.0001,-0.1489,0.5001,0.0034,0.1023,0.009877,0.006421,0.004638
2024-09-06,2024-09-20,0.0383,0.448,7.9603,0.0343,4.6581,-0.3007,0.4998,-0.0018,0.0985,0.011153,0.010848,0.01088
2024-09-06,2024-09-27,0.0575,0.4385,7.9204,0.1242,4.0173,-0.2512,0.4999,-0.0007,0.0991,0.011644,0.012223,0.011964
2024-09-06,2024-09-13,0.0192,0.3439,2.9498,0.0294,4.6437,-0.2287,0.4922,-1.0855,0.6777,0.028114,0.028822,0.028693
2024-09-13,2024-11-29,0.2108,0.3938,0.9998,0.0988,1.0063,0.0197,0.4999,-0.0001,0.0994,0.003437,0.003583,0.003578
2024-09-13,2024-11-08,0.1533,0.3989,2.9991,0.0949,0.3863,0.3707,0.4999,-0.0001,0.0994,0.002862,0.002244,0.001493
2024-09-13,2024-10-25,0.115,0.4056,7.9619,0.1314,3.1318,-0.0859,0.4999,-0.0002,0.099,0.002713,0.002545,0.002488
2024-09-13,2024-12-27,0.2875,0.7963,7.9994,0.0895,1.0111,0.0774,0.4999,-0.0001,0.0991,0.003454,0.002886,0.00172
2024-09-13,2024-09-27,0.0383,0.0034,8.0965,1.9004,4.1112,-0.2055,0.0482,-0.1557,0.771,0.003422,0.005672,0.004236
2024-09-13,2024-10-04,0.0575,0.0064,7.8911,1.3952,4.6511,-0.0821,0.4999,-0.0002,0.0992,0.003674,0.003548,0.003107
2024-09-20,2024-10-04,0.0383,0.0859,8.0158,1.3514,5.0,-0.0721,0.4856,-0.1117,0.0844,0.012616,0.011256,0.010759
2024-09-20,2024-10-11,0.0575,0.3284,7.9752,0.0098,3.2008,-0.0285,0.4999,-0.0009,0.0982,0.005883,0.005589,0.005589
2024-09-20,2024-10-25,0.0958,0.352,7.9626,0.1131,2.3487,-0.0547,0.4999,-0.0005,0.099,0.00433,0.004479,0.004479
2024-09-20,2024-11-08,0.1342,0.4322,2.9722,0.01,1.6917,-0.0517,0.4999,-0.0001,0.0993,0.00237,0.002407,0.002407
2024-09-20,2024-11-29,0.1916,0.3884,0.9808,0.0696,1.3737,0.0492,0.4999,-0.0001,0.0994,0.003208,0.003178,0.003176
2024-09-20,2024-12-27,0.2683,0.3861,0.9996,0.0966,0.3461,0.3249,0.4999,-0.0001,0.0995,0.00795,0.006026,0.006027
2024-09-27,2024-12-27,0.2491,0.4411,8.0293,0.312,3.1677,0.0461,0.4999,-0.0,0.0989,0.007465,0.007456,0.007455
2024-09-27,2024-11-29,0.1725,0.436,2.9673,0.0001,1.6144,-0.0186,0.4999,-0.0001,0.0992,0.003287,0.003413,0.003157
2024-09-27,2024-10-25,0.0767,0.3475,7.9638,0.0005,2.4333,-0.0301,0.4999,-0.0002,0.0986,0.00579,0.005788,0.003859
2024-09-27,2024-11-08,0.115,0.398,2.9731,0.0001,1.7825,-0.0145,0.4999,-0.0001,0.0993,0.006102,0.006093,0.006093
2024-09-27,2024-10-11,0.0383,0.2463,7.9639,0.2226,3.1942,-0.0238,0.4998,-0.0023,0.0973,0.006865,0.006554,0.00652
2024-09-27,2024-10-04,0.0192,0.2016,8.0003,0.0002,2.8471,0.0775,0.5311,-0.2624,0.3235,0.008034,0.012241,0.012185
2024-09-27,2024-10-18,0.0575,0.2273,7.9684,0.2584,2.3876,0.1178,0.4999,-0.0002,0.0993,0.004352,0.004463,0.004464
2024-10-04,2024-10-11,0.0192,0.1762,8.0326,0.9503,3.3574,-0.0701,0.0633,0.3094,0.0834,0.00763,0.009644,0.00883
2024-10-04,2024-10-18,0.0383,0.121,8.0162,0.9269,2.9932,-0.0806,0.023,-0.9141,1.0692,0.008249,0.008528,0.008677
2024-10-04,2024-10-25,0.0575,0.3163,7.9276,0.007,2.7003,-0.0442,0.4999,-0.0014,0.0981,0.005505,0.005319,0.005359
2024-10-04,2024-11-08,0.0958,0.4058,8.0,0.1025,1.0002,0.3004,0.4999,-0.0001,0.0993,0.004367,0.004297,0.003305
2024-10-04,2024-11-29,0.1533,0.376,2.9989,0.0879,1.0363,0.1938,0.4999,-0.0001,0.0993,0.004165,0.004141,0.004136
2024-10-04,2024-12-27,0.23,0.1139,7.9994,0.4875,1.0429,0.4243,0.4999,-0.0001,0.0991,0.002681,0.002884,0.002861
2024-10-11,2024-12-27,0.2108,0.6911,7.8169,0.0001,2.9059,-0.0056,0.4998,-0.0002,0.0977,0.00419,0.004284,0.003598
2024-10-11,2024-11-29,0.1342,0.515,7.946,0.0001,2.427,-0.0291,0.4999,-0.0002,0.0987,0.005269,0.005363,0.005364
2024-10-11,2024-11-08,0.0767,0.0791,7.9448,0.9501,2.9725,0.1355,0.4999,0.0002,0.0991,0.003524,0.003307,0.006613
2024-10-11,2024-11-01,0.0575,0.2324,7.963,0.1739,2.7427,0.1298,0.4999,-0.0002,0.0993,0.002143,0.002166,0.002335
2024-10-11,2024-10-18,0.0192,0.0934,8.0577,1.3385,4.3916,-0.2772,0.2699,0.1205,0.1064,0.007173,0.007985,0.010545
2024-10-11,2024-10-25,0.0383,0.2043,7.9796,0.2652,3.8296,-0.0035,0.4998,-0.002,0.0974,0.008747,0.008397,0.008398
2024-10-18,2024-10-25,0.0192,0.0001,8.1256,2.1253,1.6041,0.8707,2.0555,-0.0575,0.1704,0.018848,0.027371,0.020648
2024-10-18,2024-11-01,0.0383,0.2356,7.9345,0.1487,3.7482,0.0546,0.4984,-0.005,0.083,0.008309,0.007804,0.007804
2024-10-18,2024-11-08,0.0575,0.3969,7.9668,0.0001,2.8458,0.1327,0.4999,0.0,0.0993,0.004041,0.004213,0.004213
2024-10-18,2024-11-29,0.115,0.0379,7.9141,0.8761,3.88,0.0312,0.4999,-0.0,0.099,0.007983,0.007679,0.007679
2024-10-18,2024-12-27,0.1916,0.4298,2.9589,0.0001,1.7354,0.08,0.4999,0.0,0.0991,0.003951,0.003767,0.003767
2024-10-25,2025-03-28,0.4216,0.8021,7.9986,0.0952,0.3532,0.3419,0.4999,-0.0001,0.0992,0.00481,0.001184,0.001189
2024-10-25,2025-01-31,0.2683,0.3764,2.9969,0.0708,0.4664,0.6445,0.4999,-0.0001,0.0993,0.003693,0.003937,0.003531
2024-10-25,2024-12-27,0.1725,0.1221,7.9983,0.489,1.0449,0.4264,0.4999,-0.0001,0.0991,0.003814,0.003126,0.002688
2024-10-25,2024-11-15,0.0575,0.3396,7.9981,0.0727,1.1715,0.3812,0.5059,-0.0787,0.2926,0.005177,0.005044,0.004764
2024-10-25,2024-11-08,0.0383,0.4097,7.9765,0.0001,3.2666,0.1019,0.4999,-0.0001,0.0994,0.007693,0.007462,0.007462
2024-10-25,2024-11-29,0.0958,0.4478,7.9738,0.0001,2.0037,0.0933,0.4999,-0.0002,0.0991,0.004768,0.004755,0.004766
2024-10-25,2024-11-01,0.0192,0.0088,8.031,1.7728,3.7704,0.4608,0.632,-0.4684,0.3194,0.012253,0.015757,0.014625
2024-11-01,2024-11-08,0.0192,0.5212,7.919,0.174,4.3544,-0.0653,0.1206,-1.5031,1.4114,0.009376,0.010796,0.010796
2024-11-01,2024-11-15,0.0383,0.1674,0.2214,0.0539,2.7277,0.9717,1.2378,-1.9969,0.0001,0.10399,0.137885,0.113212
2024-11-01,2024-11-22,0.0575,0.3543,2.9984,0.0914,1.1289,0.3168,0.5075,-0.0478,0.2614,0.00561,0.006229,0.00688
2024-11-01,2024-11-29,0.0767,0.3941,2.9803,0.022,1.9896,0.0953,0.4999,-0.0001,0.0994,0.004471,0.004524,0.004533
2024-11-01,2024-12-27,0.1533,0.3602,3.0002,0.0876,1.0148,0.1281,0.4999,-0.0001,0.0994,0.00531,0.005696,0.004919
2024-11-01,2025-01-31,0.2491,0.4424,2.9356,0.0001,1.9891,0.0055,0.4908,-0.2027,0.1279,0.003042,0.004571,0.00232
2024-11-01,2025-03-28,0.4025,0.7957,7.9976,0.0736,1.0286,0.2376,0.4999,-0.0001,0.0992,0.00486,0.003465,0.00342
2024-11-08,2024-11-29,0.0575,0.2571,7.9645,0.21,2.2939,0.0565,0.4999,-0.0001,0.0993,0.013705,0.013848,0.013848
2024-11-08,2025-01-31,0.23,0.004,8.0228,0.4744,0.5483,0.9077,0.4999,-0.0001,0.0992,0.005681,0.005623,0.005636
2024-11-08,2024-12-27,0.1342,0.4538,7.9712,0.0001,1.768,0.0262,0.4999,-0.0001,0.0987,0.005004,0.005267,0.005267
2024-11-08,2024-11-22,0.0383,0.2801,7.9869,0.0469,2.4925,0.0663,0.4986,-0.0074,0.0746,0.011048,0.011092,0.011099
2024-11-08,2024-11-15,0.0192,0.0048,8.4921,2.5729,3.617,0.5157,0.105,-2.0,1.2601,0.01719,0.022592,0.022592
2024-11-15,2024-12-06,0.0575,0.5068,7.8862,0.0001,4.5241,-0.2124,0.4999,-0.0003,0.0991,0.008277,0.011471,0.011771
2024-11-15,2024-12-27,0.115,0.278,2.9811,0.0004,2.1714,-0.5958,2.5785,0.2205,0.0001,0.007498,0.009371,0.009371
2024-11-15,2025-01-31,0.2108,0.2847,3.0062,0.0001,0.8447,0.999,0.8848,-0.4555,0.174,0.006625,0.009564,0.005719
2024-11-15,2025-03-28,0.3641,0.9212,7.8777,0.0001,2.4028,-0.0493,0.4652,-0.0307,0.3468,0.001197,0.001227,0.001244
2024-11-22,2024-12-06,0.0383,0.303,0.9367,0.2481,5.0,-0.1881,6.032,0.1361,0.0003,0.011532,0.013271,0.013271
2024-11-22,2025-03-28,0.345,0.3611,8.1226,0.4394,3.667,0.1184,0.4999,-0.0001,0.099,0.002586,0.002573,0.002573
2024-11-22,2025-01-31,0.1916,0.2704,0.8554,0.0001,3.0526,-0.385,4.1678,0.2042,0.0001,0.005658,0.007116,0.007116
2024-11-22,2024-12-13,0.0575,0.24,2.8115,2.5625,5.0,-0.0276,0.4999,-0.0001,0.0994,0.005598,0.005342,0.005301
2024-11-22,2024-12-27,0.0958,0.4111,0.9515,0.0469,2.6677,0.0668,0.4999,0.0001,0.0994,0.012739,0.011751,0.011751
2024-11-29,2025-02-28,0.2491,0.3993,0.9633,0.0506,1.4702,0.047,0.4999,-0.0001,0.0993,0.004301,0.004445,0.004442
2024-11-29,2025-01-31,0.1725,0.4345,2.9718,0.0138,1.608,0.1358,0.4999,0.0002,0.0993,0.00326,0.003288,0.003288
2024-11-29,2024-12-27,0.0767,0.0001,8.0958,0.5396,4.9358,-0.7606,12.6464,0.124,0.0001,0.005766,0.011299,0.011299
2024-11-29,2025-03-28,0.3258,0.7885,8.0024,0.0948,0.9778,0.1786,0.4999,-0.0001,0.0991,0.005174,0.002893,0.002895
2024-11-29,2024-12-13,0.0383,0.3072,7.9417,0.3398,5.0,-0.015,0.607,0.101,0.0001,0.007937,0.007891,0.007891
2024-11-29,2024-12-20,0.0575,0.1554,7.9871,1.0159,5.0,-0.0268,1.1884,-0.0985,0.0001,0.007599,0.007232,0.00707
2024-12-06,2024-12-13,0.0192,0.247,8.013,0.5837,3.5794,0.2248,0.4004,-1.0636,0.7936,0.018854,0.026373,0.026373
2024-12-06,2024-12-20,0.0383,0.0068,8.4905,2.1526,4.0791,0.3072,0.4958,-0.075,0.0001,0.023064,0.021937,0.01543
2024-12-06,2024-12-27,0.0575,0.1313,3.005,1.3661,5.0,-0.4277,6.2572,0.1448,0.0001,0.010153,0.014188,0.014188
2024-12-06,2025-01-31,0.1533,0.4719,2.9409,0.0001,2.33,0.0018,0.4999,-0.0001,0.0992,0.008992,0.009145,0.008664
2024-12-06,2025-02-28,0.23,0.3715,0.9976,0.0927,1.0449,0.2861,0.4999,-0.0001,0.0994,0.0048,0.004779,0.004576
2024-12-06,2025-03-28,0.3066,1.0716,7.8218,0.0001,3.2999,0.0181,0.4996,0.0005,0.0958,0.00401,0.004074,0.00213
2024-12-13,2025-01-31,0.1342,0.4509,2.9585,0.0001,2.1086,0.0308,0.4999,-0.0001,0.0992,0.003005,0.002896,0.002891
2024-12-13,2025-02-28,0.2108,0.3893,1.0023,0.1022,0.9633,0.2235,0.4999,-0.0001,0.0994,0.002604,0.00263,0.002686
2024-12-13,2025-03-28,0.2875,1.0741,7.8202,0.0001,3.4164,-0.0004,0.4996,0.0001,0.0963,0.001895,0.001857,0.001857
2024-12-13,2025-01-03,0.0575,0.4098,7.9624,0.0086,3.5851,0.0106,0.4999,-0.0002,0.0993,0.004262,0.004496,0.005821
2024-12-13,2024-12-27,0.0383,0.2899,8.0156,0.3319,4.4605,0.0914,0.1868,-0.4839,0.1045,0.016981,0.017717,0.017717
2024-12-20,2025-01-03,0.0383,0.4161,7.9619,0.0136,5.0,-0.0708,0.4999,-0.001,0.099,0.014987,0.014727,0.014092
2024-12-20,2025-01-10,0.0575,0.4403,7.9486,0.0085,3.877,-0.0862,0.5051,0.172,0.0002,0.011545,0.011966,0.011681
2024-12-20,2025-01-31,0.115,0.4038,2.9993,0.0975,1.0227,0.349,0.4999,-0.0001,0.0994,0.009877,0.009903,0.009988
2024-12-20,2025-02-28,0.1916,0.4015,1.0015,0.1028,0.9663,0.2374,0.4999,-0.0001,0.0995,0.006658,0.00666,0.00663
2024-12-20,2025-03-28,0.2683,0.43,0.907,0.4259,1.8121,0.0149,0.4999,0.0,0.0993,0.008168,0.008241,0.008241
2024-12-27,2025-03-28,0.2491,0.4227,0.8874,0.4047,1.9632,0.0319,0.4999,0.0,0.0993,0.005442,0.005249,0.005249
2024-12-27,2025-02-28,0.1725,0.4499,0.9222,0.0523,2.2794,-0.0103,0.4999,-0.0,0.0993,0.003185,0.003322,0.003325
2024-12-27,2025-01-31,0.0958,0.451,2.947,0.0224,3.0308,-0.0502,0.4999,-0.0,0.0993,0.005953,0.006483,0.005523
2024-12-27,2025-01-03,0.0192,0.1648,0.1776,0.0439,3.0215,0.8423,1.1485,-1.9765,0.0001,0.065489,0.112409,0.107857
2024-12-27,2025-01-10,0.0383,0.397,7.9917,0.0037,4.3238,0.0099,0.4999,-0.0001,0.099,0.011254,0.011586,0.011586
2024-12-27,2025-01-17,0.0575,0.0001,7.9892,0.9108,4.138,0.9266,0.837,-1.5193,0.382,0.027525,0.041593,0.041593
2025-01-03,2025-02-28,0.1533,0.3717,0.9973,0.0935,1.0794,0.4675,0.5,-0.0001,0.0995,0.005446,0.005289,0.005804
2025-01-03,2025-03-28,0.23,0.4364,0.9548,0.0601,1.7162,0.163,0.5002,-0.1326,0.1267,0.002843,0.003047,0.003048
2025-01-03,2025-01-31,0.0767,0.1125,2.9073,1.6986,5.0,-0.2046,5.2032,0.1372,0.0001,0.005,0.007595,0.007595
2025-01-03,2025-06-27,0.4791,0.2969,1.175,0.5702,0.3377,0.9577,0.4999,-0.0001,0.0993,0.005512,0.005798,0.005403
2025-01-03,2025-01-17,0.0383,0.3436,7.9751,0.0176,3.7444,-0.0345,0.4999,-0.0012,0.0976,0.007103,0.008024,0.011674
2025-01-03,2025-01-24,0.0575,0.413,7.9603,0.0001,3.2576,0.0004,0.4999,-0.0001,0.0992,0.005772,0.006138,0.006092
2025-01-10,2025-01-17,0.0192,0.3024,8.0118,0.3186,4.2183,-0.2091,0.038,0.4837,0.2164,0.008012,0.011712,0.007959
2025-01-10,2025-01-24,0.0383,0.1073,8.0026,1.7257,4.9998,-0.1713,0.4998,-0.0017,0.099,0.006578,0.00586,0.005854
2025-01-10,2025-01-31,0.0575,0.4322,7.9408,0.0011,3.3972,-0.0871,0.4999,-0.0007,0.0989,0.005653,0.005674,0.005684
2025-01-10,2025-02-28,0.1342,0.3825,2.9998,0.0941,1.0147,0.3214,0.4999,-0.0001,0.0994,0.004244,0.004199,0.003767
2025-01-10,2025-03-28,0.2108,0.3998,0.9727,0.0646,1.4316,0.1115,0.4999,-0.0,0.0994,0.004406,0.004303,0.004303
2025-01-10,2025-06-27,0.46,0.0898,7.9983,0.464,1.0137,0.1817,0.4999,-0.0001,0.0992,0.008707,0.002956,0.002984
2025-01-17,2025-06-27,0.4408,0.0952,7.9983,0.478,1.0168,0.2201,0.4999,-0.0001,0.0992,0.00701,0.002812,0.002812
2025-01-17,2025-03-28,0.1916,0.407,0.9183,0.4325,1.9602,0.0925,0.4999,-0.0,0.0994,0.004861,0.004699,0.004699
2025-01-17,2025-02-28,0.115,0.4074,0.9704,0.0682,1.913,0.1123,0.4999,-0.0001,0.0995,0.003848,0.004047,0.003904
2025-01-17,2025-02-07,0.0575,0.4264,2.9746,0.0684,3.253,0.0661,0.4999,-0.0001,0.0994,0.005749,0.007879,0.005114
2025-01-17,2025-01-24,0.0192,0.3524,0.755,0.0963,4.1902,0.2664,0.3433,-0.4559,0.4328,0.011311,0.01416,0.013577
2025-01-24,2025-01-31,0.0192,0.2959,0.1507,0.0121,3.0735,0.3067,0.1565,-1.0158,1.1454,0.025535,0.031719,0.026659
2025-01-24,2025-02-07,0.0383,0.395,7.9737,0.0353,3.911,0.1056,0.4953,-0.028,0.06,0.008664,0.007433,0.006993
2025-01-24,2025-02-14,0.0575,0.428,7.9728,0.0001,3.1357,0.0381,0.4999,-0.0002,0.0993,0.006092,0.005748,0.007816
2025-01-24,2025-02-28,0.0958,0.3862,2.99,0.0044,1.828,0.2332,0.4999,-0.0001,0.0994,0.004145,0.004426,0.005192
2025-01-24,2025-03-28,0.1725,0.3977,0.9674,0.0586,1.6275,0.0749,0.4999,-0.0001,0.0994,0.003101,0.003256,0.003257
2025-01-24,2025-06-27,0.4216,0.449,0.9546,0.082,1.2189,0.0886,0.4999,0.0001,0.0991,0.001141,0.002705,0.001131
2025-01-31,2025-03-28,0.1533,0.411,2.9605,0.0001,1.934,0.07,0.4999,-0.0,0.0992,0.004383,0.0043,0.004299
2025-01-31,2025-04-25,0.23,0.107,7.9965,0.4693,1.0551,0.4265,0.4999,-0.0002,0.0991,0.00211,0.00216,0.002149
2025-01-31,2025-02-28,0.0767,0.3731,7.9742,0.0001,2.3129,0.102,0.4999,-0.0002,0.0992,0.005114,0.004765,0.004765
2025-01-31,2025-06-27,0.4025,0.3946,0.9989,0.0965,1.0132,0.1223,0.4999,-0.0001,0.0993,0.001954,0.002403,0.001994
2025-01-31,2025-02-14,0.0383,0.0576,8.0802,1.5016,4.8945,0.0025,0.4929,-0.0193,0.0001,0.004369,0.003806,0.003446
2025-01-31,2025-02-07,0.0192,0.1912,8.1855,0.6873,3.9136,-0.2133,0.0903,0.2424,0.0776,0.006065,0.008003,0.010201
2025-01-31,2025-02-21,0.0575,0.3295,7.9747,0.0643,3.1274,-0.069,0.4929,-0.0581,0.0338,0.00438,0.003116,0.003098
2025-02-07,2025-04-25,0.2108,0.1105,7.9954,0.4592,1.0739,0.4561,0.4999,-0.0002,0.0992,0.005605,0.005211,0.0031
2025-02-07,2025-03-28,0.1342,0.5143,7.9457,0.0001,2.4537,-0.1161,0.4999,-0.0001,0.0987,0.0055,0.004911,0.004911
2025-02-07,2025-06-27,0.3833,0.404,0.9839,0.0783,1.1347,0.0346,0.4981,0.0038,0.0922,0.002181,0.002091,0.002094
2025-02-07,2025-02-21,0.0383,0.3108,8.0222,0.0048,3.8701,-0.2294,0.4997,-0.003,0.0961,0.007738,0.007836,0.007674
2025-02-07,2025-02-14,0.0192,0.1817,8.018,0.0001,1.6962,0.999,0.2299,-1.9016,0.2143,0.025868,0.012676,0.01134
2025-02-07,2025-02-28,0.0575,0.3444,7.9432,0.0047,3.16,-0.1312,0.4999,-0.0014,0.098,0.004994,0.00471,0.004704
2025-02-14,2025-02-21,0.0192,0.1133,8.0151,0.9141,3.6099,0.174,0.3651,-0.2749,0.2809,0.006124,0.007632,0.007165
2025-02-14,2025-02-28,0.0383,0.0206,8.0005,1.4849,4.9997,-0.0385,0.4995,-0.0035,0.0977,0.009805,0.008427,0.008399
2025-02-14,2025-03-07,0.0575,0.1251,8.0016,0.5046,1.1009,0.36,0.5089,-0.1108,0.2907,0.003973,0.006589,0.003889
2025-02-14,2025-03-28,0.115,0.3725,7.9992,0.0731,1.0362,0.2271,0.4999,-0.0001,0.0993,0.005091,0.005282,0.007584
2025-02-14,2025-04-25,0.1916,0.4909,7.9321,0.1255,2.2428,0.023,0.4999,-0.0002,0.099,0.004256,0.004322,0.00436
2025-02-14,2025-06-27,0.3641,0.9354,7.9275,0.0606,2.4792,0.0772,0.4999,-0.0001,0.0991,0.001655,0.001657,0.001666
2025-02-21,2025-04-25,0.1725,0.3902,8.0002,0.0919,0.9998,0.2991,0.4999,-0.0002,0.0991,0.003923,0.003812,0.003817
2025-02-21,2025-03-28,0.0958,0.3489,7.9446,0.0079,2.3829,-0.011,0.4999,-0.0002,0.0991,0.006238,0.006244,0.006244
2025-02-21,2025-06-27,0.345,0.4745,2.9764,0.0702,1.3892,0.0299,0.4999,-0.0001,0.099,0.001458,0.00138,0.001127
2025-02-21,2025-03-07,0.0383,0.0001,7.8217,1.4859,4.2618,-0.2626,0.0179,0.1654,0.5186,0.009819,0.010464,0.010434
2025-02-21,2025-02-28,0.0192,0.1528,0.1684,0.0365,3.077,-0.1733,0.5412,0.2157,0.0003,0.013565,0.014939,0.013651
2025-02-21,2025-03-14,0.0575,0.2873,7.7416,0.0013,3.0699,-0.2365,0.4998,-0.0029,0.0957,0.003958,0.004537,0.004386
2025-02-28,2025-03-07,0.0192,0.2596,7.955,0.9718,2.9949,-0.7566,2.1068,0.1949,0.0001,0.022144,0.025919,0.022157
2025-02-28,2025-03-14,0.0383,0.3938,7.955,0.0304,4.6253,-0.1628,0.4999,-0.0003,0.0987,0.016326,0.017221,0.015594
2025-02-28,2025-03-21,0.0575,0.427,7.9515,0.0257,3.6843,-0.3314,0.4971,-0.0021,0.0413,0.013731,0.013109,0.013075
2025-02-28,2025-03-28,0.0767,0.1358,7.9159,0.9282,4.9991,-0.3414,0.5085,0.1853,0.0212,0.013777,0.013892,0.013892
2025-02-28,2025-04-25,0.1533,0.3962,7.9728,0.0269,1.6253,-0.0853,0.5363,-0.1915,0.3492,0.007115,0.007129,0.007131
2025-02-28,2025-05-30,0.2491,0.4193,2.9581,0.0001,1.5948,0.0029,0.4999,-0.0001,0.099,0.004582,0.00437,0.00437
2025-02-28,2025-06-27,0.3258,0.4123,3.1039,0.0001,0.8614,0.0045,0.471,-0.0257,0.3114,0.004273,0.0043,0.004328
2025-03-07,2025-06-27,0.3066,0.3201,2.989,0.0235,0.8412,-0.0017,0.505,-0.1227,0.5159,0.002046,0.002003,0.002005
2025-03-07,2025-05-30,0.23,0.4695,2.919,0.0001,2.048,-0.089,0.4999,-0.0001,0.0989,0.010321,0.010642,0.007096
2025-03-07,2025-04-25,0.1342,0.4982,7.9972,0.0321,2.4265,-0.1241,0.4999,-0.0002,0.099,0.008566,0.008489,0.008443
2025-03-07,2025-03-21,0.0383,0.2118,7.9761,1.0663,5.0,-0.0059,0.651,-0.1929,0.0001,0.020853,0.018702,0.016983
2025-03-07,2025-03-14,0.0192,0.2969,0.1,0.0002,5.0,0.2296,5.0661,-0.0686,0.1506,0.023069,0.026177,0.025994
2025-03-07,2025-03-28,0.0575,0.1679,7.9208,0.9925,5.0,-0.1441,0.5034,0.1147,0.0001,0.009851,0.009363,0.009392
2025-03-14,2025-03-21,0.0192,0.2469,8.041,0.8138,3.107,-0.3861,0.0999,0.2683,0.0001,0.008703,0.013156,0.008695
2025-03-14,2025-03-28,0.0383,0.2419,7.9678,0.7435,5.0,-0.2633,0.4891,0.0747,0.0001,0.01291,0.010518,0.010519
2025-03-14,2025-04-04,0.0575,0.3863,7.9786,0.0102,2.9154,-0.265,0.4998,-0.0022,0.0974,0.004546,0.003958,0.003589
2025-03-14,2025-04-25,0.115,0.0265,7.9113,0.8323,3.0572,-0.1311,0.4999,-0.0002,0.0989,0.003464,0.003342,0.003343
2025-03-14,2025-05-30,0.2108,0.0921,7.9985,0.4783,1.0203,0.1134,0.4999,-0.0002,0.0991,0.004457,0.004298,0.002972
2025-03-14,2025-06-27,0.2875,0.3917,3.0012,0.0829,0.5084,0.44,0.4999,-0.0001,0.0992,0.001911,0.001451,0.000908
2025-03-21,2025-05-30,0.1916,0.4083,7.9953,0.0553,0.5706,0.5247,0.4999,-0.0002,0.0991,0.003501,0.003323,0.003342
2025-03-21,2025-04-25,0.0958,0.1068,7.9988,0.4878,1.0301,0.344,0.4999,-0.0002,0.0993,0.005583,0.003885,0.005977
2025-03-21,2025-06-27,0.2683,0.3729,2.9896,0.0345,1.146,0.1267,0.4994,-0.0156,0.1147,0.002262,0.002285,0.002285
2025-03-21,2025-04-04,0.0383,0.2506,7.9541,0.2085,4.1571,-0.1958,0.4996,-0.0035,0.0978,0.007976,0.005664,0.005657
2025-03-21,2025-03-28,0.0192,0.1171,8.0514,1.2474,4.51,-0.2427,0.3008,0.1842,0.0814,0.007841,0.008082,0.006834
2025-03-21,2025-04-11,0.0575,0.3026,7.9413,0.0449,3.4446,-0.2056,0.4998,-0.0024,0.0973,0.004011,0.003598,0.003593
2025-03-28,2025-04-04,0.0192,0.259,7.9806,0.0043,4.9973,-0.1713,0.5435,-0.4212,0.3245,0.009374,0.020219,0.009863
2025-03-28,2025-04-11,0.0383,0.1158,7.9797,1.1205,4.1691,-0.4151,0.4611,0.0754,0.1356,0.006122,0.006191,0.006192
2025-03-28,2025-04-18,0.0575,0.0673,7.9167,1.0789,4.9997,-0.3616,0.4996,-0.0035,0.0971,0.006743,0.006024,0.00629
2025-03-28,2025-04-25,0.0767,0.3131,7.9408,0.0559,2.6435,-0.138,0.4999,-0.0009,0.0988,0.010647,0.011254,0.010888
2025-03-28,2025-05-30,0.1725,0.4738,7.9292,0.0167,2.2113,-0.0999,0.4999,-0.0001,0.0988,0.004335,0.00428,0.004309
2025-03-28,2025-06-27,0.2491,0.4028,2.9601,0.0001,1.7461,-0.1256,0.4999,-0.0002,0.0984,0.00357,0.002967,0.002969
2025-04-04,2025-06-27,0.23,0.3595,2.9994,0.0827,1.0292,-0.2723,0.5011,0.0164,0.1444,0.005708,0.005876,0.00454
2025-04-04,2025-05-30,0.1533,0.0992,7.9998,0.4967,1.0042,-0.0686,0.4999,-0.0002,0.0991,0.008575,0.008919,0.007892
2025-04-04,2025-04-18,0.0383,0.201,8.0641,0.8503,2.7031,-0.5161,0.3003,0.1711,0.1475,0.009205,0.009956,0.009141
2025-04-04,2025-04-11,0.0192,0.2339,8.0366,0.9368,3.7327,-0.2712,0.3541,-0.8603,0.5528,0.020398,0.022005,0.022031
2025-04-04,2025-04-25,0.0575,0.3621,7.9656,0.0025,2.8099,-0.2156,0.4998,-0.002,0.0983,0.008455,0.007979,0.007024
2025-04-11,2025-04-18,0.0192,0.3159,7.9903,0.2234,4.3143,-0.2026,0.4033,0.0659,0.107,0.011233,0.011191,0.011167
2025-04-11,2025-04-25,0.0383,0.1167,7.9732,1.4908,5.0,-0.0915,0.4998,-0.0014,0.0989,0.008117,0.00707,0.007067
2025-04-11,2025-05-02,0.0575,0.3507,8.0197,0.0006,2.2577,-0.0233,0.4999,-0.0014,0.0983,0.005715,0.007956,0.005612
2025-04-11,2025-05-30,0.1342,0.4922,7.9362,0.0202,2.7578,-0.1304,0.4999,-0.0002,0.0989,0.005511,0.005507,0.005943
2025-04-11,2025-06-27,0.2108,0.5384,7.9081,0.0836,2.3917,-0.0744,0.4999,-0.0001,0.0989,0.004443,0.004475,0.003311
2025-04-11,2025-09-26,0.46,0.7815,8.0093,0.1109,0.0044,-0.0035,0.4999,-0.0002,0.0992,0.005395,0.003465,0.003482
2025-04-18,2025-06-27,0.1916,0.512,7.9569,0.0001,1.8174,-0.0083,0.4998,-0.0003,0.0981,0.003454,0.003524,0.003524
2025-04-18,2025-05-09,0.0575,0.0928,7.9146,0.8206,5.0,-0.1854,0.4933,-0.1082,0.0113,0.006537,0.005545,0.005546
2025-04-18,2025-05-30,0.115,0.3052,7.9572,0.1015,1.922,0.011,0.4999,-0.0003,0.0991,0.002474,0.005424,0.002953
2025-04-18,2025-04-25,0.0192,0.1254,7.9862,0.7581,4.8245,-0.2694,0.1202,0.3026,0.0003,0.009033,0.021306,0.01234
2025-04-18,2025-05-02,0.0383,0.0001,8.0399,1.3693,4.5762,-0.1748,0.1517,0.2111,0.1844,0.005225,0.00568,0.006341
2025-04-25,2025-05-02,0.0192,0.1118,8.0331,1.1216,4.015,0.0884,0.0876,-0.8105,0.968,0.006753,0.014342,0.010943
2025-04-25,2025-05-09,0.0383,0.0164,7.9578,1.4047,4.936,0.083,0.4996,0.0009,0.0994,0.011898,0.009897,0.009792
2025-04-25,2025-05-16,0.0575,0.0871,8.0024,0.5242,1.1105,0.3714,0.5423,-0.1585,0.3674,0.007938,0.008201,0.008191
2025-04-25,2025-05-30,0.0958,0.0293,7.8293,0.4723,4.7226,-0.1993,6.4643,0.1127,0.0001,0.004862,0.007584,0.007584
2025-04-25,2025-06-27,0.1725,0.4775,7.9449,0.0001,2.367,0.0409,0.4998,-0.0,0.0983,0.004925,0.004853,0.004853
2025-04-25,2025-07-25,0.2491,0.4195,7.9985,0.1132,1.0163,0.3398,0.4999,-0.0001,0.0991,0.001874,0.001903,0.001919
2025-04-25,2025-09-26,0.4216,0.3842,3.0065,0.1132,0.9616,0.1933,0.4999,-0.0001,0.0991,0.001969,0.001959,0.002348
2025-05-02,2025-09-26,0.4025,0.0834,3.0025,0.5038,0.978,0.2404,0.4999,-0.0001,0.0991,0.003729,0.003859,0.003822
2025-05-02,2025-07-25,0.23,0.4192,7.9946,0.0807,1.0573,0.4127,0.4999,-0.0002,0.0992,0.003802,0.003791,0.003799
2025-05-02,2025-06-27,0.1533,0.3646,7.9511,0.0723,1.8591,0.0904,0.4999,-0.0001,0.099,0.003565,0.003231,0.003221
2025-05-02,2025-05-30,0.0767,0.0008,7.92,0.8745,3.637,0.1199,0.4998,0.0019,0.0989,0.009613,0.009285,0.009285
2025-05-02,2025-05-16,0.0383,0.0803,7.9522,0.8774,4.9384,0.0504,0.3818,-0.5666,0.0001,0.010346,0.009634,0.007078
2025-05-02,2025-05-09,0.0192,0.1104,3.4177,2.0515,3.7023,-0.0082,0.04,0.4169,0.2729,0.01047,0.018106,0.009748
2025-05-02,2025-05-23,0.0575,0.0884,7.9972,0.4909,1.169,0.5511,0.5445,-0.0966,0.3054,0.008454,0.008805,0.008714
2025-05-09,2025-05-16,0.0192,0.1635,7.9769,0.4693,4.4581,0.1294,0.045,-1.7288,1.599,0.009546,0.014621,0.013041
2025-05-09,2025-05-23,0.0383,0.2008,7.9408,0.183,3.109,0.0668,0.4997,-0.002,0.0972,0.004882,0.004284,0.004286
2025-05-09,2025-05-30,0.0575,0.1177,7.0722,0.1212,5.0,-0.3496,20.0,0.069,0.01,0.009677,0.015441,0.015441
2025-05-09,2025-06-27,0.1342,0.0036,7.8983,0.5591,3.3286,-0.0758,0.5185,0.1954,0.0001,0.00597,0.005897,0.005897
2025-05-09,2025-07-25,0.2108,0.5079,7.9498,0.0001,1.8947,0.0337,0.4998,-0.0003,0.0979,0.002822,0.006105,0.002958
2025-05-09,2025-09-26,0.3833,0.2892,2.9148,0.2458,1.5973,0.0834,0.4999,0.0003,0.0989,0.000825,0.00088,0.000843
2025-05-16,2025-07-25,0.1916,0.1043,3.0017,0.5088,0.9866,0.2522,0.4999,-0.0001,0.0993,0.003689,0.00152,0.001521
2025-05-16,2025-09-26,0.3641,0.0752,2.9946,0.467,1.0257,0.1841,0.4999,-0.0001,0.0991,0.00227,0.002012,0.0019
2025-05-16,2025-06-27,0.115,0.0069,7.8806,0.5137,3.3561,-0.0522,0.6375,0.1763,0.0001,0.006924,0.006957,0.006957
2025-05-16,2025-05-23,0.0192,0.0001,3.7087,3.7425,4.2805,0.0578,0.0514,0.3349,0.0444,0.007478,0.012424,0.010722
2025-05-16,2025-05-30,0.0383,0.0905,7.9595,0.4299,2.4885,0.1206,0.3467,-0.1713,0.3379,0.003958,0.006432,0.006451
2025-05-16,2025-06-06,0.0575,0.0457,7.9699,0.4639,1.2472,0.4991,0.4894,-0.2039,0.3533,0.003264,0.002635,0.002628
2025-05-23,2025-06-06,0.0383,0.2302,7.9552,0.1524,3.4174,0.0688,0.4997,-0.0011,0.0979,0.008218,0.006943,0.006943
2025-05-23,2025-06-13,0.0575,0.0983,8.0049,0.5137,1.0755,0.338,0.5479,-0.1355,0.362,0.00473,0.00537,0.004306
2025-05-23,2025-06-27,0.0958,0.2975,7.9376,0.0681,2.3647,-0.0972,0.4979,0.169,0.0016,0.011097,0.01083,0.01083
2025-05-23,2025-07-25,0.1725,0.4603,7.9489,0.0001,1.7928,0.034,0.4998,-0.0002,0.0984,0.003168,0.003249,0.003249
2025-05-23,2025-09-26,0.345,0.0994,2.9967,0.4826,0.3894,0.3758,0.4999,-0.0001,0.0991,0.002578,0.002459,0.001575
2025-05-30,2025-06-06,0.0192,0.1364,8.0005,0.0977,0.9813,0.0296,0.7959,-0.1942,0.2799,0.007311,0.021712,0.008605
2025-05-30,2025-06-13,0.0383,0.0032,7.8366,1.3628,4.9865,-0.1076,0.491,-0.0837,0.0016,0.010884,0.008313,0.005461
2025-05-30,2025-06-20,0.0575,0.2688,7.8851,0.1035,3.9093,-0.2882,0.4897,-0.1064,0.0001,0.007633,0.007277,0.007298
2025-05-30,2025-06-27,0.0767,0.0049,7.8869,0.8107,3.5902,-0.0479,0.4999,-0.0001,0.0991,0.009588,0.009109,0.009109
2025-05-30,2025-07-25,0.1533,0.2002,2.9317,0.3164,1.6418,-0.0623,0.4999,-0.0001,0.0992,0.003384,0.003291,0.003292
2025-05-30,2025-08-29,0.2491,0.0959,2.9985,0.4892,0.3575,0.3426,0.4999,-0.0001,0.0992,0.005729,0.005644,0.005649
2025-05-30,2025-09-26,0.3258,0.0854,2.9974,0.4847,1.0111,-0.0276,0.4999,-0.0001,0.099,0.003909,0.002145,0.002146
2025-06-06,2025-08-29,0.23,0.0865,2.9962,0.4819,1.0235,0.0872,0.4999,-0.0002,0.0992,0.003983,0.00402,0.004034
2025-06-06,2025-07-25,0.1342,0.1692,2.9827,0.3125,1.7469,-0.0381,0.4999,-0.0002,0.0992,0.005259,0.005178,0.005166
2025-06-06,2025-09-26,0.3066,0.4023,7.9983,0.0864,1.0217,0.1527,0.4999,-0.0001,0.0991,0.003976,0.00455,0.003283
2025-06-06,2025-06-20,0.0383,0.006,7.9842,1.0571,2.9093,-0.3907,0.4082,0.1948,0.0001,0.006302,0.007852,0.018141
2025-06-06,2025-06-13,0.0192,0.1229,7.9634,0.0001,1.5715,0.999,0.242,-1.859,0.2486,0.028829,0.015591,0.008343
2025-06-06,2025-06-27,0.0575,0.1268,7.9479,0.0809,5.0,-0.2726,13.2351,0.0682,0.0001,0.013947,0.017131,0.017131
2025-06-13,2025-09-26,0.2875,0.541,7.9378,0.0001,1.8409,-0.0377,0.4997,-0.0002,0.0968,0.002647,0.002351,0.002351
2025-06-13,2025-08-29,0.2108,0.1498,2.9609,0.3376,1.343,-0.088,0.4999,-0.0002,0.0991,0.00236,0.002393,0.002394
2025-06-13,2025-07-25,0.115,0.1643,2.9472,0.3056,1.7728,-0.1094,0.4999,-0.0002,0.0992,0.005465,0.005502,0.005467
2025-06-13,2025-06-20,0.0192,0.064,8.0805,1.2588,3.0245,-0.5131,1.4834,0.0821,0.0983,0.013011,0.018492,0.01291
2025-06-13,2025-06-27,0.0383,0.0003,7.9007,1.1889,4.8577,-0.0019,0.4912,-0.1055,0.0008,0.013834,0.011714,0.006186
2025-06-13,2025-07-04,0.0575,0.0008,3.8338,1.9798,4.986,-0.3863,0.4955,-0.0396,0.0348,0.006802,0.006469,0.006459
2025-06-20,2025-06-27,0.0192,0.018,8.2584,1.8049,4.0364,-0.4413,0.1951,-0.0052,0.2443,0.012583,0.026302,0.026298
2025-06-20,2025-07-04,0.0383,0.0001,7.9156,1.1046,4.9182,-0.1191,0.4987,-0.0043,0.0887,0.010373,0.007849,0.006196
2025-06-20,2025-07-25,0.0958,0.1482,2.9507,0.3126,1.7521,-0.2124,0.4997,-0.0047,0.0953,0.004925,0.004601,0.004882
2025-06-20,2025-08-29,0.1916,0.0376,2.9278,0.5356,0.5911,-0.378,0.5009,0.0303,0.2451,0.00127,0.002572,0.00138
2025-06-20,2025-09-26,0.2683,0.0256,3.0081,0.5421,0.9014,-0.0233,0.4999,-0.0002,0.0991,0.001729,0.000792,0.00081
2025-06-20,2025-07-11,0.0575,0.0001,3.0778,1.8885,3.1048,-0.1909,0.4914,-0.0753,0.0001,0.006439,0.005067,0.007673
2025-06-27,2025-07-04,0.0192,0.0877,7.6811,0.0125,0.9783,0.4843,0.545,-0.2957,0.3593,0.008585,0.024487,0.007937
2025-06-27,2025-07-11,0.0383,0.1148,2.9597,0.2971,2.5964,-0.118,0.4994,-0.0074,0.0925,0.004081,0.003147,0.003771
2025-06-27,2025-07-18,0.0575,0.1294,2.9293,0.2223,2.5053,-0.1634,0.4994,-0.0063,0.0942,0.007197,0.005362,0.007597
2025-06-27,2025-07-25,0.0767,0.1224,2.9515,0.302,1.8391,-0.0913,0.4997,-0.0043,0.0963,0.0057,0.004968,0.00496
2025-06-27,2025-08-29,0.1725,0.0434,3.0202,0.5457,0.9135,0.0668,0.4999,-0.0001,0.0993,0.002455,0.002264,0.002225
2025-06-27,2025-09-26,0.2491,0.1226,1.0058,0.5105,0.2113,0.1818,0.4999,-0.0001,0.0995,0.005036,0.005647,0.001678
2025-07-04,2025-12-26,0.4791,0.1028,1.0003,0.5008,0.2999,0.2999,0.4999,-0.0001,0.0993,0.002066,0.001402,0.001445
2025-07-04,2025-09-26,0.23,0.1675,2.9354,0.1661,1.5967,-0.2563,0.5155,0.2243,0.0001,0.002765,0.003967,0.003967
2025-07-04,2025-08-29,0.1533,0.0747,2.9952,0.4737,1.0434,0.1109,0.4999,-0.0002,0.0993,0.004817,0.004086,0.003976
2025-07-04,2025-07-18,0.0383,0.1211,2.9345,0.1973,3.197,-0.1476,0.4993,-0.0064,0.0942,0.005419,0.003567,0.003541
2025-07-04,2025-07-11,0.0192,0.0012,3.1131,3.2376,3.4042,-0.1163,0.521,-0.1018,0.2505,0.006508,0.024729,0.007396
2025-07-04,2025-07-25,0.0575,0.0001,2.9894,1.7869,4.1757,-0.1522,0.495,-0.0869,0.0001,0.009616,0.007501,0.0066
2025-07-11,2025-09-26,0.2108,0.1787,2.9157,0.2113,1.5598,-0.0115,0.4999,0.0,0.0991,0.006839,0.006324,0.006326
2025-07-11,2025-08-29,0.1342,0.1177,2.9653,0.3478,1.3771,-0.006,0.4999,-0.0001,0.0993,0.004229,0.00424,0.00424
2025-07-11,2025-12-26,0.46,0.3846,8.0041,0.128,0.0917,0.015,0.4999,-0.0001,0.0994,0.008276,0.003323,0.003324
2025-07-11,2025-07-25,0.0383,0.0419,7.9186,0.8254,4.6909,-0.1994,1.1447,0.0767,0.0001,0.022689,0.021405,0.021405
2025-07-11,2025-07-18,0.0192,0.0001,7.9898,1.8318,2.3712,0.2806,0.0601,-1.9883,1.507,0.012074,0.020847,0.020847
2025-07-11,2025-08-01,0.0575,0.1171,2.9751,0.4068,1.7451,0.014,0.4995,-0.0066,0.0916,0.005137,0.004828,0.004929
2025-07-18,2025-07-25,0.0192,0.0764,3.006,0.5402,0.9095,0.0786,4.5228,-0.0441,0.1293,0.01409,0.027127,0.023286
2025-07-18,2025-08-01,0.0383,0.0001,7.9726,0.9365,2.5897,0.4939,0.1045,-2.0,1.3437,0.008325,0.012066,0.036079
2025-07-18,2025-08-08,0.0575,0.1292,2.9704,0.4382,2.397,-0.0005,0.4996,-0.0051,0.0947,0.008723,0.007576,0.007246
2025-07-18,2025-08-29,0.115,0.1332,2.9501,0.2716,1.6491,0.0803,0.4999,-0.0001,0.0994,0.005367,0.005196,0.005196
2025-07-18,2025-09-26,0.1916,0.1164,2.9594,0.3193,1.3323,0.1624,0.4989,-0.0654,0.0629,0.006479,0.006338,0.0043
2025-07-18,2025-12-26,0.4408,0.3925,8.0023,0.1123,0.2163,0.1572,0.4999,-0.0001,0.0993,0.008447,0.001987,0.001987
2025-07-25,2025-09-26,0.1725,0.1132,2.9559,0.4359,1.847,-0.2437,0.5167,0.1859,0.0001,0.004246,0.00412,0.004121
2025-07-25,2025-10-31,0.2683,0.183,2.8882,0.2705,1.4532,-0.0769,0.4999,-0.0002,0.099,0.002709,0.002744,0.002713
2025-07-25,2025-08-29,0.0958,0.0059,2.9659,1.3308,3.738,-0.2809,1.1755,0.1,0.0001,0.008984,0.00818,0.008181
2025-07-25,2025-12-26,0.4216,0.3908,8.0043,0.1347,0.1167,0.0842,0.4999,-0.0001,0.0992,0.006236,0.00302,0.00302
2025-07-25,2025-08-08,0.0383,0.0001,7.9759,1.1858,4.6283,-0.2336,0.0725,-0.1162,0.4598,0.007124,0.007853,0.007815
2025-07-25,2025-08-01,0.0192,0.0001,8.0933,1.736,4.3829,0.072,0.8488,-0.0479,0.2478,0.005359,0.02013,0.007808
2025-07-25,2025-08-15,0.0575,0.1939,2.9136,0.2198,3.4348,-0.3498,0.4996,-0.005,0.0944,0.004542,0.00486,0.015785
2025-08-01,2025-08-08,0.0192,0.0096,8.0274,1.5234,4.7905,-0.2439,0.3815,0.1526,0.0727,0.012296,0.014109,0.011496
2025-08-01,2025-08-15,0.0383,0.0566,3.0002,0.5105,1.2436,0.999,0.56,-0.4104,0.1425,0.023362,0.009809,0.006428
2025-08-01,2025-08-22,0.0575,0.1313,2.9204,0.1892,2.5961,-0.1906,0.4994,-0.0071,0.0924,0.008706,0.007601,0.007585
2025-08-01,2025-08-29,0.0767,0.0001,2.9409,1.3547,2.9565,-0.1892,0.4951,-0.0975,0.0001,0.00665,0.005353,0.005093
2025-08-01,2025-09-26,0.1533,0.0085,2.9638,0.8145,2.4285,-0.2065,0.6831,0.0923,0.0001,0.006612,0.00524,0.00524
2025-08-01,2025-10-31,0.2491,0.0251,3.0179,0.5293,0.9312,-0.0381,0.4999,-0.0002,0.0991,0.001939,0.001937,0.00197
2025-08-01,2025-12-26,0.4025,0.4073,7.999,0.1106,0.3291,-0.3348,0.4999,-0.0001,0.0992,0.00534,0.001849,0.001849
2025-08-08,2025-12-26,0.3833,0.634,7.9273,0.0001,1.8405,-0.0465,0.4995,-0.0006,0.0952,0.003,0.002903,0.002903
2025-08-08,2025-10-31,0.23,0.0985,0.9992,0.4987,0.3149,0.3062,0.5005,0.0079,0.1113,0.002396,0.001801,0.001537
2025-08-08,2025-09-26,0.1342,0.1087,0.9775,0.4739,1.1744,-0.1117,0.4997,-0.0047,0.0962,0.003789,0.003321,0.004424
2025-08-08,2025-08-22,0.0383,0.0902,0.9827,0.1281,1.2392,-0.1281,0.0735,0.2372,0.1104,0.005321,0.008799,0.005905
2025-08-08,2025-08-15,0.0192,0.0024,3.5441,2.4488,3.4084,0.0189,0.1394,-1.1079,0.879,0.012256,0.019965,0.019965
2025-08-08,2025-08-29,0.0575,0.003,1.799,2.2054,3.4293,-0.1819,0.4935,-0.02,0.036,0.006553,0.004766,0.00469
2025-08-15,2025-08-22,0.0192,0.0952,8.0002,0.0761,1.0008,-0.4704,0.5107,0.0504,0.1141,0.008995,0.019147,0.01182
2025-08-15,2025-08-29,0.0383,0.0068,3.1585,2.1128,3.935,-0.3825,0.0168,0.0346,0.6267,0.005972,0.008913,0.005761
2025-08-15,2025-09-05,0.0575,0.0909,1.1347,0.7328,0.8477,-0.6006,0.1468,0.2698,0.0001,0.005533,0.006968,0.006532
2025-08-15,2025-09-26,0.115,0.0001,1.5872,1.6768,2.618,-0.2766,0.4984,-0.0042,0.0835,0.006163,0.005327,0.005327
2025-08-15,2025-10-31,0.2108,0.073,0.9879,0.48,0.5079,-0.2296,0.5207,-0.0705,0.3038,0.004515,0.008026,0.004322
2025-08-15,2025-12-26,0.3641,0.3916,8.0,0.0797,1.003,-0.072,0.4999,-0.0001,0.0992,0.003821,0.00207,0.002074
2025-08-22,2025-10-31,0.1916,0.095,0.9795,0.4692,1.13,-0.1374,0.4994,-0.0561,0.1856,0.002829,0.002662,0.00265
2025-08-22,2025-09-26,0.0958,0.1222,0.9129,0.3875,2.0286,-0.1514,0.4997,-0.0059,0.0961,0.0062,0.005462,0.005459
2025-08-22,2025-12-26,0.345,0.1267,0.9463,0.4468,0.9417,-0.1327,0.4999,-0.0001,0.0992,0.001721,0.005087,0.001714
2025-08-22,2025-09-05,0.0383,0.0497,1.6612,1.4668,3.7439,-0.0355,0.3017,-2.0,0.3931,0.019822,0.014323,0.01145
2025-08-22,2025-08-29,0.0192,0.1124,7.9933,0.0031,2.3261,0.2646,1.4877,-0.0684,0.2173,0.019922,0.028195,0.02523
2025-08-22,2025-09-12,0.0575,0.1534,2.9095,0.1047,3.0225,-0.4349,0.4992,-0.009,0.0883,0.008708,0.008225,0.008368
2025-08-29,2025-12-26,0.3258,0.1469,0.9743,0.4354,1.1445,-0.2248,0.4998,-0.0015,0.0979,0.001314,0.001082,0.001083
2025-08-29,2025-10-31,0.1725,0.1065,1.0157,0.5203,0.0001,0.0371,0.4999,-0.0002,0.0994,0.008799,0.005188,0.005188
2025-08-29,2025-09-26,0.0767,0.0102,3.0605,1.4681,3.6161,-0.3049,0.5823,0.0762,0.0001,0.013334,0.01127,0.01127
2025-08-29,2025-11-28,0.2491,0.1516,0.9549,0.4396,1.357,-0.2846,0.4997,-0.003,0.0968,0.003921,0.003624,0.003625
2025-08-29,2025-09-12,0.0383,0.0675,3.2404,1.6779,3.5331,-0.4942,0.01,-0.4833,1.4105,0.004873,0.007505,0.00455
2025-08-29,2025-09-05,0.0192,0.0002,3.2353,3.3013,3.4708,0.5925,0.5546,-0.6582,0.1485,0.040107,0.027185,0.013312
2025-08-29,2025-09-19,0.0575,0.0787,3.0277,0.9118,1.7315,-0.5186,0.051,0.0717,0.5854,0.006042,0.007389,0.00715
2025-09-05,2025-09-12,0.0192,0.0137,8.068,1.816,2.9287,-0.624,0.1524,0.2239,0.0001,0.011941,0.019455,0.011578
2025-09-05,2025-09-19,0.0383,0.1001,3.0247,0.6359,0.8759,-0.7736,0.3546,0.17,0.0133,0.003106,0.005995,0.006029
2025-09-05,2025-09-26,0.0575,0.0969,7.9256,0.5568,5.0,-0.475,0.4953,0.0545,0.0001,0.010381,0.007724,0.007711
2025-09-05,2025-10-31,0.1533,0.1238,0.9797,0.4719,1.1335,-0.3199,0.4995,-0.0067,0.0942,0.004613,0.004268,0.003608
2025-09-05,2025-11-28,0.23,0.0271,1.0743,0.6541,1.879,-0.8524,5.8698,0.115,0.0001,0.00608,0.007675,0.007675
2025-09-05,2025-12-26,0.3066,0.14,0.933,0.4649,1.1528,-0.1802,0.4998,-0.0007,0.0978,0.003302,0.002565,0.002565
2025-09-12,2025-11-28,0.2108,0.0671,0.9951,0.4916,0.3682,-0.1176,0.5015,-0.1143,0.3017,0.002271,0.002047,0.00205
2025-09-12,2025-10-31,0.1342,0.1091,0.971,0.4586,1.2831,-0.2355,0.4996,-0.0065,0.0938,0.002826,0.002215,0.00225
2025-09-12,2025-12-26,0.2875,0.1242,0.9583,0.4445,0.9967,-0.1465,0.4999,-0.0001,0.0993,0.001285,0.001137,0.001157
2025-09-12,2025-09-26,0.0383,0.0266,3.0603,1.355,4.9719,-0.1714,13.6926,-0.0381,0.0001,0.011506,0.009715,0.009721
2025-09-12,2025-09-19,0.0192,0.0001,3.3238,3.4794,3.6963,-0.3542,0.1387,0.1997,0.0001,0.015128,0.016428,0.015558
2025-09-12,2025-10-03,0.0575,0.0995,0.9682,0.449,1.6975,-0.1854,0.4993,-0.0086,0.0918,0.004037,0.003639,0.003793
2025-09-19,2025-10-03,0.0383,0.0979,0.9801,0.0342,2.1756,-0.1584,0.4991,-0.0095,0.09,0.004331,0.003982,0.003655
2025-09-19,2025-10-10,0.0575,0.1145,0.969,0.0044,2.2836,-0.2219,0.4993,-0.0089,0.0913,0.004076,0.002774,0.003094
2025-09-19,2025-10-31,0.115,0.111,0.9362,0.4127,1.6979,-0.2358,0.4995,-0.0074,0.0928,0.005477,0.004176,0.004038
2025-09-19,2025-11-28,0.1916,0.1142,0.9554,0.4344,1.3127,-0.17,0.4998,-0.0028,0.0977,0.002103,0.001968,0.001973
2025-09-19,2025-12-26,0.2683,0.0726,0.9799,0.4714,0.5862,0.0255,0.503,-0.1037,0.2826,0.001629,0.002447,0.000312
2025-09-26,2025-12-26,0.2491,0.1523,0.9551,0.456,1.3509,-0.3039,0.4998,-0.0015,0.0967,0.002984,0.002313,0.002333
2025-09-26,2025-11-28,0.1725,0.0031,2.9525,0.6856,2.9221,-0.5035,2.4144,0.1114,0.0001,0.002362,0.003278,0.003279
2025-09-26,2025-10-31,0.0958,0.1368,0.9192,0.3894,2.0882,-0.3359,0.4995,-0.0067,0.0934,0.005929,0.004471,0.004471
2025-09-26,2025-10-17,0.0575,0.1336,2.9394,0.1973,2.416,-0.3457,0.4992,-0.0099,0.0887,0.004592,0.00406,0.005851
2025-09-26,2025-10-03,0.0192,0.0001,3.7945,3.2053,3.8533,-0.4732,0.2161,0.1777,0.0001,0.007272,0.014041,0.009795
2025-09-26,2025-10-10,0.0383,0.0032,2.3746,3.0908,4.9999,-0.2997,0.4889,-0.0387,0.0203,0.016445,0.012557,0.006835
2025-10-03,2025-10-10,0.0192,0.0567,7.9413,0.9847,4.783,-0.1526,0.4981,0.005,0.0707,0.01757,0.017921,0.017921
2025-10-03,2025-10-17,0.0383,0.1203,2.9455,0.2844,2.6305,-0.061,0.5,-0.0,0.0996,0.009242,0.017017,0.008591
2025-10-03,2025-10-24,0.0575,0.1203,2.9453,0.264,2.1835,-0.044,0.4997,-0.0045,0.0962,0.004692,0.00439,0.004663
2025-10-03,2025-10-31,0.0767,0.1347,2.9332,0.221,2.1957,-0.0972,0.4997,-0.0045,0.0971,0.009234,0.007882,0.00687
2025-10-03,2025-11-28,0.1533,0.1716,2.9684,0.1387,1.7986,-0.1669,0.4998,-0.0014,0.0977,0.005939,0.005793,0.005793
2025-10-03,2025-12-26,0.23,0.1449,0.9924,0.4816,1.3909,-0.1556,0.4999,-0.0001,0.0993,0.002576,0.002303,0.002309
2025-10-03,2026-03-27,0.4791,0.1486,1.0299,0.4263,1.1036,-0.135,0.4999,-0.0001,0.099,0.001791,0.001696,0.001697
2025-10-10,2025-12-26,0.2108,0.5198,7.935,0.0011,1.9993,-0.4812,0.4996,-0.0021,0.0962,0.021064,0.021159,0.021142
2025-10-10,2025-11-28,0.1342,0.1717,2.9396,0.3846,1.8507,-0.3838,0.4998,-0.0025,0.0965,0.022727,0.02294,0.022939
2025-10-10,2026-03-27,0.46,0.3582,8.0073,0.0908,0.0232,-0.0245,0.4953,-0.3311,0.0246,0.007099,0.007053,0.007039
2025-10-10,2025-10-24,0.0383,0.1311,8.0033,0.5328,0.0001,0.0193,0.5,-0.2,0.1,0.07658,0.051563,0.051563
2025-10-10,2025-10-31,0.0575,0.2013,8.0046,0.6723,2.0156,-0.999,0.4479,0.1777,0.0001,0.046901,0.049391,0.049252
2025-10-10,2025-10-17,0.0192,0.0121,7.9231,0.7002,1.1722,-0.8717,15.2393,-0.1309,0.1124,0.056926,0.081817,0.058361
2025-10-17,2025-10-24,0.0192,0.1517,7.9364,1.4088,3.4125,-0.6957,1.9833,-0.1444,0.1967,0.020992,0.033949,0.021053
2025-10-17,2025-10-31,0.0383,0.2501,8.0326,0.4623,4.4378,-0.5178,0.1754,0.2882,0.0001,0.011502,0.013725,0.01168
2025-10-17,2025-11-07,0.0575,0.1302,7.8263,0.5393,0.0001,-0.0506,0.5003,-0.2018,0.1009,0.026602,0.004388,0.004348
2025-10-17,2025-11-28,0.115,0.3834,7.9395,0.0008,2.5882,-0.2792,0.4998,-0.002,0.0976,0.004954,0.004938,0.00467
2025-10-17,2025-12-26,0.1916,0.5133,7.9475,0.0105,2.2222,-0.3278,0.4998,-0.0017,0.0977,0.004953,0.004779,0.00488
2025-10-17,2026-03-27,0.4408,0.3355,3.0252,0.1222,0.9265,-0.161,0.4999,-0.0001,0.0989,0.002588,0.003141,0.003125
2025-10-24,2025-12-26,0.1725,0.1853,2.9758,0.3627,1.7939,-0.2606,0.4998,-0.0019,0.0977,0.003582,0.003279,0.003283
2025-10-24,2026-03-27,0.4216,0.3196,3.0105,0.1073,0.9264,-0.2074,0.4999,-0.0001,0.0989,0.001832,0.001814,0.001306
2025-10-24,2025-11-28,0.0958,0.3069,7.8844,0.0012,2.6244,-0.2825,0.4998,-0.0024,0.0968,0.004585,0.004999,0.004344
2025-10-24,2025-11-07,0.0383,0.1111,7.9931,0.4097,0.9949,-0.9617,0.5479,-0.125,0.3915,0.006859,0.006114,0.005928
2025-10-24,2025-11-14,0.0575,0.083,7.9942,0.4308,1.1486,-0.6323,0.5396,-0.0903,0.3803,0.006353,0.008472,0.006268
2025-10-31,2025-11-07,0.0192,0.0069,8.1697,2.087,3.8447,-0.608,0.0382,0.6818,0.4188,0.025413,0.030891,0.024498
2025-10-31,2025-11-14,0.0383,0.0187,7.9669,1.2174,4.6085,-0.6193,0.3167,0.2182,0.0591,0.026755,0.027323,0.026514
2025-10-31,2025-11-21,0.0575,0.2363,7.9538,0.0214,2.589,-0.3603,0.4996,-0.0043,0.0961,0.004468,0.004247,0.004049
2025-10-31,2025-11-28,0.0767,0.137,7.533,0.0001,5.0,-0.0835,13.4269,-0.0855,0.0002,0.019504,0.022859,0.020556
2025-10-31,2025-12-26,0.1533,0.2615,1.9174,0.3057,4.9788,-0.999,4.5473,0.1317,0.0001,0.052705,0.060828,0.060828
2025-10-31,2026-01-30,0.2491,0.2531,2.8911,0.1906,1.7787,-0.2693,0.4998,-0.0011,0.0976,0.00171,0.001348,0.001355
2025-10-31,2026-03-27,0.4025,0.4218,2.9806,0.0001,1.4181,-0.224,0.4997,-0.001,0.0975,0.000629,0.000594,0.000594
2025-11-07,2025-12-26,0.1342,0.0064,8.4958,0.5269,3.5402,-0.3051,0.4973,-0.2172,0.0058,0.021601,0.021635,0.021634
2025-11-07,2026-01-30,0.23,0.0602,3.0126,0.5389,0.0004,-0.2669,0.4999,-0.0001,0.0993,0.004983,0.002155,0.002171
2025-11-07,2026-03-27,0.3833,0.3734,8.015,0.1342,0.0001,0.002,0.4992,-0.0519,0.0903,0.006859,0.002104,0.002108
2025-11-07,2025-11-28,0.0575,0.1448,7.8763,0.5535,5.0,-0.2981,0.4908,-0.154,0.0001,0.014633,0.013953,0.013953
2025-11-07,2025-11-14,0.0192,0.0492,0.5577,0.37,0.849,0.999,1.991,-2.0,0.9948,0.087475,0.149545,0.159921
2025-11-07,2025-11-21,0.0383,0.124,7.8437,0.8754,4.3628,-0.4774,0.0544,-0.2979,0.7708,0.007114,0.009054,0.00904
2025-11-14,2025-11-21,0.0192,0.2428,7.9947,0.421,4.4396,-0.3941,0.2008,0.2962,0.0001,0.02426,0.02867,0.024304
2025-11-14,2025-11-28,0.0383,0.0284,8.0116,1.4772,4.3004,-0.4025,0.0798,0.3876,0.0187,0.012838,0.015223,0.012856
2025-11-14,2025-12-05,0.0575,0.0009,7.8684,1.2606,4.9828,-0.3162,0.4949,-0.1005,0.008,0.0117,0.010485,0.010316
2025-11-14,2025-12-26,0.115,0.3257,7.9335,0.0849,2.4407,-0.3457,0.5044,0.1432,0.0001,0.013902,0.013745,0.013745
2025-11-14,2026-01-30,0.2108,0.5017,7.9659,0.0017,1.7715,-0.2482,0.4996,-0.0031,0.0961,0.005693,0.005629,0.005683
2025-11-14,2026-03-27,0.3641,0.2052,2.9472,0.3342,1.3783,-0.2681,0.4999,-0.0002,0.0988,0.00283,0.002796,0.002801
2025-11-21,2026-03-27,0.345,0.4208,2.9847,0.0016,0.8403,-0.5266,0.4942,0.0978,0.2517,0.002963,0.002922,0.002922
2025-11-21,2026-01-30,0.1916,0.18,7.9828,0.3509,1.3333,-0.6295,0.4993,0.0504,0.3017,0.006927,0.014728,0.006327
2025-11-21,2025-12-26,0.0958,0.5239,7.9824,0.0005,2.9164,-0.383,0.4998,-0.0014,0.0982,0.009161,0.009105,0.009104
2025-11-21,2025-12-05,0.0383,0.2505,8.0176,1.0891,3.7418,-0.708,0.8787,0.2189,0.0001,0.022075,0.022739,0.022739
2025-11-21,2025-11-28,0.0192,0.4383,0.1,0.0001,5.0,-0.4948,1.0582,-0.0066,0.2172,0.027415,0.030346,0.025539
2025-11-21,2025-12-12,0.0575,0.5076,7.8996,0.0004,4.5504,-0.3831,0.4999,-0.0011,0.0986,0.010674,0.010721,0.010746
2025-11-28,2025-12-05,0.0192,0.0874,7.9855,1.4144,4.5473,-0.5046,0.7073,0.0949,0.112,0.008959,0.019273,0.008809
2025-11-28,2025-12-12,0.0383,0.031,7.9465,1.4611,5.0,-0.4038,0.3033,0.206,0.0001,0.008135,0.007475,0.007719
2025-11-28,2025-12-19,0.0575,0.1707,7.9441,0.4037,2.6674,-0.5648,0.4694,0.2442,0.0005,0.003094,0.003866,0.003631
2025-11-28,2025-12-26,0.0767,0.0211,7.7782,0.9435,4.9373,-0.3072,0.4894,-0.1396,0.0001,0.010615,0.009662,0.009658
2025-11-28,2026-01-30,0.1725,0.0389,3.014,0.5255,0.0467,-0.0243,0.4926,-0.3834,0.5017,0.005,0.004515,0.004302
2025-11-28,2026-02-27,0.2491,0.108,2.9961,0.4844,0.4115,-0.5652,0.4999,-0.0001,0.0992,0.006264,0.003293,0.003215
2025-11-28,2026-03-27,0.3258,0.1955,2.9548,0.3486,1.3617,-0.3153,0.4998,-0.0014,0.0978,0.003423,0.003408,0.003411
2025-12-05,2026-02-27,0.23,0.0989,2.9773,0.3955,0.7638,-0.6839,0.5056,-0.0316,0.319,0.00333,0.00247,0.002359
2025-12-05,2026-03-27,0.3066,0.0755,3.0013,0.5023,0.9809,-0.4041,0.4999,-0.0002,0.0989,0.002936,0.000791,0.000786
2025-12-05,2026-01-30,0.1533,0.4325,7.9487,0.0027,2.2825,-0.4196,0.4998,-0.0015,0.0962,0.004514,0.004189,0.00419
2025-12-05,2025-12-12,0.0192,0.207,7.9976,0.0516,1.571,-0.2012,0.7518,-0.3689,0.432,0.009003,0.008986,0.006561
2025-12-05,2025-12-19,0.0383,0.0054,8.1937,1.7125,4.1878,-0.5228,0.2748,0.1596,0.1317,0.007762,0.008914,0.008792
2025-12-05,2025-12-26,0.0575,0.0001,8.1116,1.2522,4.8703,-0.3802,0.4993,-0.0032,0.0922,0.006616,0.005788,0.005456
2025-12-12,2025-12-19,0.0192,0.1645,8.0299,0.7719,3.9327,-0.5362,0.1743,0.2332,0.0011,0.01035,0.016055,0.009933
2025-12-12,2025-12-26,0.0383,0.0218,7.9764,1.2456,4.7228,-0.4313,0.4329,0.1329,0.1096,0.012454,0.011209,0.011189
2025-12-12,2026-01-02,0.0575,0.0759,7.9972,0.457,0.5439,-0.6501,0.5087,-0.2484,0.326,0.002346,0.002399,0.002486
2025-12-12,2026-01-30,0.1342,0.2051,2.9423,0.259,1.8931,-0.4021,0.4997,-0.003,0.0954,0.003308,0.002601,0.002601
2025-12-12,2026-02-27,0.2108,0.0801,3.0022,0.5093,0.9807,-0.322,0.4999,-0.0002,0.0991,0.004035,0.002538,0.002587
2025-12-12,2026-03-27,0.2875,0.5924,7.9115,0.0017,2.3416,-0.3232,0.4997,-0.0013,0.0966,0.001528,0.001548,0.001548
2025-12-19,2026-03-27,0.2683,0.3559,8.0051,0.1053,0.9414,-0.2786,0.4999,-0.0002,0.099,0.003027,0.00072,0.000743
2025-12-19,2026-02-27,0.1916,0.1074,2.9969,0.4903,0.3864,-0.5459,0.4999,-0.0001,0.0993,0.004627,0.002004,0.001968
2025-12-19,2026-01-30,0.115,0.3596,7.9361,0.001,2.4559,-0.3202,0.4998,-0.0022,0.0971,0.003658,0.00352,0.003649
2025-12-19,2026-01-02,0.0383,0.0154,8.0304,1.3707,4.6972,-0.4092,0.3717,0.1673,0.0984,0.004901,0.005693,0.005413
2025-12-19,2026-01-09,0.0575,0.0954,7.972,0.5369,0.0001,0.0092,0.4999,-0.0003,0.099,0.010403,0.004341,0.005077
2025-12-26,2026-01-02,0.0192,0.1054,7.9729,0.0125,1.1062,0.7571,0.8316,-0.48,0.4454,0.006457,0.015856,0.007351
2025-12-26,2026-01-09,0.0383,0.0015,7.8962,1.2639,4.8988,-0.3441,0.4987,-0.007,0.086,0.005205,0.005066,0.004266
2025-12-26,2026-01-16,0.0575,0.2117,7.988,0.0001,2.1556,-0.2872,0.4997,-0.0051,0.0977,0.005505,0.009095,0.005337
2025-12-26,2026-01-30,0.0958,0.0001,6.149,0.7808,3.5511,-0.2648,0.4981,-0.0122,0.0431,0.005131,0.004161,0.004157
2025-12-26,2026-02-27,0.1725,0.164,2.9905,0.274,1.5314,-0.2851,0.4998,-0.0031,0.097,0.003772,0.003742,0.003799
2025-12-26,2026-03-27,0.2491,0.2053,2.9396,0.1942,1.5761,-0.2886,0.4998,-0.0018,0.0977,0.001726,0.001815,0.001806
2026-01-02,2026-03-27,0.23,0.1129,2.9884,0.3878,1.2137,-0.1682,0.4999,-0.0002,0.0991,0.002015,0.002006,0.001913
2026-01-02,2026-06-26,0.4791,0.3215,3.0106,0.1019,0.9332,-0.2122,0.4999,-0.0001,0.0989,0.001165,0.001063,0.001121
2026-01-02,2026-02-27,0.1533,0.1746,2.9247,0.2756,1.6553,-0.2092,0.4998,-0.0023,0.0979,0.002337,0.002183,0.002307
2026-01-02,2026-01-09,0.0192,0.1024,7.9895,1.0417,4.1402,-0.0973,0.0696,0.421,0.0702,0.008451,0.041346,0.011753
2026-01-02,2026-01-23,0.0575,0.0614,7.9985,0.4819,1.0488,-0.0219,0.5258,-0.139,0.3106,0.004186,0.00705,0.007139
2026-01-02,2026-01-16,0.0383,0.17,7.9672,0.1875,2.7384,0.0038,0.4997,-0.0041,0.0966,0.004398,0.003492,0.002493
2026-01-02,2026-01-30,0.0767,0.0114,7.9081,0.7184,3.6652,-0.1384,0.4919,-0.1141,0.0001,0.003778,0.002981,0.00296
2026-01-09,2026-03-27,0.2108,0.1388,2.9507,0.333,1.3422,-0.198,0.4998,-0.0017,0.0979,0.007163,0.007162,0.007162
2026-01-09,2026-02-27,0.1342,0.1511,2.9634,0.3726,1.8386,-0.2518,0.4998,-0.0026,0.0974,0.002932,0.002835,0.002838
2026-01-09,2026-06-26,0.46,0.3341,3.0079,0.0894,0.9605,-0.2933,0.4999,-0.0001,0.0988,0.002612,0.002599,0.001955
2026-01-09,2026-01-23,0.0383,0.0034,7.9535,1.1976,4.8141,-0.2967,0.4994,-0.0078,0.0899,0.005089,0.005022,0.004499
2026-01-09,2026-01-16,0.0192,0.0293,8.071,1.5666,4.4366,-0.1604,0.2865,-0.3284,0.0001,0.008538,0.009135,0.008042
2026-01-09,2026-01-30,0.0575,0.0013,8.0224,0.8853,4.256,-0.2215,0.4946,-0.0625,0.0358,0.008814,0.007633,0.007633
2026-01-16,2026-01-23,0.0192,0.0038,8.0471,1.6469,3.8772,-0.1209,0.1372,-0.6333,0.4889,0.026025,0.02675,0.02601
2026-01-16,2026-01-30,0.0383,0.0035,7.9663,1.1139,4.8228,-0.2637,0.4892,-0.0663,0.0302,0.011248,0.00956,0.008491
2026-01-16,2026-02-06,0.0575,0.0775,3.003,0.5152,0.1667,0.1124,0.506,-0.2759,0.3276,0.003699,0.003986,0.00395
2026-01-16,2026-02-27,0.115,0.1164,2.9695,0.3963,1.6648,-0.2134,0.4997,-0.0034,0.0955,0.004439,0.004198,0.004225
2026-01-16,2026-03-27,0.1916,0.1372,2.9962,0.2886,1.4269,-0.2351,0.4998,-0.0021,0.0967,0.003143,0.002659,0.00266
2026-01-16,2026-06-26,0.4408,0.2521,8.0402,0.1707,0.2931,-0.9675,0.4999,-0.0001,0.0992,0.002996,0.002092,0.001952
2026-01-23,2026-03-27,0.1725,0.0618,1.0095,0.5131,0.0156,0.0484,0.5181,-0.3092,0.4318,0.003939,0.004298,0.00551
2026-01-23,2026-02-27,0.0958,0.1592,2.9169,0.1381,2.1551,-0.3161,0.4996,-0.0049,0.093,0.006084,0.00504,0.00504
2026-01-23,2026-06-26,0.4216,0.4177,7.9956,0.0937,0.4492,-0.5943,0.4999,-0.0001,0.0991,0.003164,0.002498,0.002509
2026-01-23,2026-02-06,0.0383,0.0001,3.6114,2.1904,3.873,-0.3646,0.009,-0.8457,1.4215,0.007537,0.01094,0.007829
2026-01-23,2026-02-13,0.0575,0.1419,2.9348,0.2219,2.4408,-0.299,0.4994,-0.008,0.0916,0.004729,0.004416,0.004658
2026-01-30,2026-02-06,0.0192,0.1692,8.0099,0.6907,4.3774,-0.4631,0.1414,0.2425,0.0001,0.012822,0.017722,0.013209
2026-01-30,2026-02-13,0.0383,0.0571,7.9809,1.1627,4.371,-0.5265,0.079,-0.3809,0.7079,0.010957,0.012458,0.012391
2026-01-30,2026-02-20,0.0575,0.2586,7.9354,0.0023,2.9237,-0.462,0.4994,-0.007,0.091,0.007497,0.007322,0.007599
2026-01-30,2026-02-27,0.0767,0.1413,7.9497,0.2804,2.4966,-0.4384,0.4921,-0.0048,0.2036,0.004731,0.006359,0.00459
2026-01-30,2026-03-27,0.1533,0.1976,2.9282,0.1974,1.8833,-0.3678,0.4998,-0.0017,0.0958,0.005527,0.005217,0.005217
2026-01-30,2026-04-24,0.23,0.2038,2.9343,0.1956,1.5834,-0.3242,0.4998,-0.0015,0.0971,0.003149,0.003088,0.003112
2026-01-30,2026-06-26,0.4025,0.6132,7.9392,0.0758,2.4124,-0.3264,0.4999,-0.0002,0.0988,0.002243,0.002204,0.002219
2026-02-06,2026-06-26,0.3833,0.3424,1.053,0.1486,0.5165,-0.999,0.4995,-0.0028,0.0953,0.008427,0.009058,0.008907
2026-02-06,2026-04-24,0.2108,0.4577,2.9775,0.0435,1.4851,-0.8233,0.4997,-0.0015,0.0975,0.022846,0.022698,0.022699
2026-02-06,2026-03-27,0.1342,0.0317,3.2562,2.2283,3.1824,-0.7541,0.4989,-0.0152,0.0519,0.019177,0.018452,0.018452
2026-02-06,2026-02-27,0.0575,0.6317,2.8335,0.0244,4.9681,-0.8825,5.8836,0.0997,0.0001,0.037362,0.040033,0.036608
2026-02-06,2026-02-13,0.0192,0.7461,7.9502,0.0001,5.0,-0.9586,1.8298,0.1574,0.0001,0.027219,0.028059,0.027649
2026-02-06,2026-02-20,0.0383,0.7331,7.524,0.0008,5.0,-0.9308,5.841,0.106,0.0001,0.024484,0.028148,0.029629
2026-02-13,2026-02-20,0.0192,0.1566,8.0775,2.2167,4.8136,-0.6953,0.3327,0.0936,0.1583,0.020735,0.036414,0.01961
2026-02-13,2026-02-27,0.0383,0.1999,8.0068,0.8726,4.325,-0.5056,0.1184,-0.2533,0.4911,0.012315,0.012897,0.012299
2026-02-13,2026-03-06,0.0575,0.1364,7.9039,0.5385,0.0001,0.1373,0.4995,-0.1989,0.0999,0.026173,0.006321,0.006321
2026-02-13,2026-03-27,0.115,0.434,7.9275,0.0006,2.4195,-0.4743,0.4997,-0.0026,0.0965,0.00311,0.003126,0.002789
2026-02-13,2026-04-24,0.1916,0.5021,7.9544,0.0007,2.0231,-0.3895,0.4997,-0.0016,0.0964,0.005847,0.005713,0.005714
2026-02-13,2026-06-26,0.3641,0.2503,2.9363,0.3051,1.5,-0.4159,0.4997,-0.0014,0.0971,0.001202,0.000989,0.000993
2026-02-20,2026-06-26,0.345,0.0773,3.0052,0.502,0.9856,-0.3358,0.4999,-0.0002,0.0988,0.001711,0.00157,0.001584
2026-02-20,2026-04-24,0.1725,0.4697,7.9372,0.034,2.6276,-0.3488,0.4998,-0.0012,0.0978,0.00192,0.001981,0.001885
2026-02-20,2026-03-27,0.0958,0.2322,8.0473,0.3557,3.3102,-0.3529,0.4998,-0.0019,0.0974,0.00474,0.004773,0.00472
2026-02-20,2026-03-06,0.0383,0.1854,7.9696,0.6546,3.1026,-0.5931,0.4136,0.2311,0.0797,0.003685,0.004596,0.004596
2026-02-20,2026-02-27,0.0192,0.2853,7.9829,0.0339,4.9643,-0.3977,0.569,-0.0802,0.2956,0.009676,0.029191,0.009943
2026-02-20,2026-03-13,0.0575,0.3405,7.9416,0.0046,3.3347,-0.3633,0.4997,-0.0029,0.0973,0.003367,0.002661,0.002017
2026-02-27,2026-03-06,0.0192,0.2786,7.9874,0.2141,4.6297,-0.5196,0.3246,0.18,0.1079,0.007859,0.013981,0.008068
2026-02-27,2026-03-13,0.0383,0.1438,8.0074,0.9823,3.7716,-0.5219,0.295,0.1831,0.1821,0.004692,0.005586,0.004638
2026-02-27,2026-03-20,0.0575,0.0895,7.7773,1.1606,4.9996,-0.4327,0.4997,-0.003,0.0967,0.005795,0.005351,0.005432
2026-02-27,2026-03-27,0.0767,0.3497,7.843,0.0026,4.6638,-0.4666,5.114,0.0924,0.0001,0.0064,0.007325,0.004942
2026-02-27,2026-04-24,0.1533,0.4558,7.9487,0.0184,2.4236,-0.4012,0.4998,-0.0018,0.0972,0.004178,0.004371,0.004194
2026-02-27,2026-05-29,0.2491,0.5915,7.968,0.0238,2.4972,-0.3225,0.4998,-0.0004,0.0981,0.002833,0.002818,0.00282
2026-02-27,2026-06-26,0.3258,0.0886,3.003,0.5089,0.9813,-0.3887,0.4999,-0.0002,0.0989,0.003976,0.002927,0.002929
2026-03-06,2026-06-26,0.3066,0.4477,2.9616,0.0001,1.4613,-0.3419,0.4998,-0.0013,0.0978,0.001862,0.001937,0.001937
2026-03-06,2026-05-29,0.23,0.4132,8.0,0.1173,0.2588,-0.999,0.4999,-0.0002,0.099,0.003685,0.002387,0.002953
2026-03-06,2026-04-24,0.1342,0.0895,7.9987,0.4697,0.568,-0.999,0.5041,-0.0411,0.3183,0.00288,0.005517,0.001667
2026-03-06,2026-03-20,0.0383,0.2804,7.9941,0.027,1.5852,-0.1753,0.5978,-0.3695,0.4853,0.003525,0.00409,0.00409
2026-03-06,2026-03-27,0.0575,0.4182,7.9585,0.0034,3.3071,-0.3844,0.4998,-0.0021,0.0967,0.007129,0.007201,0.007022
2026-03-13,2026-05-29,0.2108,0.5839,7.9824,0.0176,1.9819,-0.3671,0.4998,-0.001,0.0978,0.004427,0.00434,0.004343
2026-03-13,2026-03-20,0.0192,0.2629,8.003,0.6179,3.6787,-0.4604,0.0824,0.4279,0.1925,0.006882,0.010245,0.009737
2026-03-13,2026-03-27,0.0383,0.2279,7.9573,0.8846,5.0,-0.3682,0.4997,-0.0022,0.0979,0.009239,0.007093,0.00704
2026-03-13,2026-04-03,0.0575,0.3592,7.9704,0.0023,2.701,-0.3617,0.4998,-0.0026,0.0972,0.00134,0.001309,0.001709
2026-03-13,2026-04-24,0.115,0.0667,7.9367,0.7137,3.4543,-0.3488,0.4998,-0.0009,0.0972,0.003419,0.003058,0.003059
2026-03-13,2026-06-26,0.2875,0.4365,2.9547,0.0001,1.6544,-0.2793,0.4998,-0.0009,0.098,0.001839,0.001745,0.001749
