date,expiry,T,heston_v0,heston_kappa,heston_theta,heston_sigma_v,heston_rho,heston_rmse,sabr_rmse,js_rmse
2024-01-05,2024-01-12,0.0192,0.7682,7.9457,0.0001,5.0,0.1595,0.026735,0.00917,0.020779
2024-01-05,2024-01-19,0.0383,0.6672,7.9767,0.0162,5.0,0.0273,0.00752,0.00524,0.004021
2024-01-05,2024-01-26,0.0575,0.437,7.9985,0.4933,1.0977,0.6699,0.022437,0.022274,0.01813
2024-01-05,2024-02-23,0.1342,0.4101,0.9998,0.1007,1.0,0.3005,0.002732,0.002666,0.002619
2024-01-05,2024-03-29,0.23,0.414,1.0034,0.1099,0.032,-0.0272,0.009449,0.003469,0.003469
2024-01-05,2024-06-28,0.4791,0.1042,7.9969,0.4891,1.039,0.3997,0.004421,0.002923,0.003956
2024-01-12,2024-06-28,0.46,0.3838,0.9993,0.094,0.3429,0.1687,0.001994,0.001979,0.001972
2024-01-12,2024-02-23,0.115,0.4682,7.9874,0.0016,1.5323,-0.0434,0.008617,0.006228,0.006184
2024-01-12,2024-03-29,0.2108,0.0969,7.9999,0.4966,0.3003,-0.5001,0.010287,0.004702,0.004673
2024-01-12,2024-01-26,0.0383,0.0538,7.9732,2.157,5.0,-0.1862,0.030535,0.029692,0.0141
2024-01-12,2024-01-19,0.0192,0.3356,0.1,0.0001,5.0,-0.2596,0.036097,0.016769,0.009337
2024-01-12,2024-02-02,0.0575,0.1836,8.0141,0.9761,5.0,-0.3019,0.011232,0.008556,0.008556
2024-01-19,2024-01-26,0.0192,0.2635,7.9975,0.0001,5.0,-0.1026,0.030169,0.014263,0.008417
2024-01-19,2024-02-02,0.0383,0.2341,7.9501,0.272,5.0,-0.1077,0.007157,0.009464,0.006976
2024-01-19,2024-02-09,0.0575,0.1489,7.7851,0.5434,4.0898,-0.2063,0.003922,0.005035,0.004509
2024-01-19,2024-02-23,0.0958,0.0138,7.8544,0.8331,4.6191,-0.2069,0.006574,0.005907,0.005426
2024-01-19,2024-03-29,0.1916,0.3383,8.0073,0.1178,0.0001,-0.2558,0.010588,0.003487,0.003502
2024-01-19,2024-04-26,0.2683,0.094,3.0197,0.5818,0.8513,0.0312,0.004889,0.005185,0.004837
2024-01-19,2024-06-28,0.4408,0.4019,2.9999,0.1015,0.3,0.3001,0.002332,0.002299,0.001873
2024-01-26,2024-04-26,0.2491,0.4032,7.9989,0.0939,1.0147,0.0695,0.003855,0.003805,0.003834
2024-01-26,2024-06-28,0.4216,0.1007,2.9966,0.487,1.0215,0.1284,0.002648,0.00273,0.002782
2024-01-26,2024-03-29,0.1725,0.2332,2.9959,0.2263,1.9847,-0.0416,0.002862,0.013766,0.002883
2024-01-26,2024-02-02,0.0192,0.1018,8.1992,1.1446,5.0,0.0723,0.031126,0.019385,0.017434
2024-01-26,2024-02-16,0.0575,0.2299,7.9251,0.0227,2.7749,-0.1186,0.008614,0.005691,0.0056
2024-01-26,2024-02-09,0.0383,0.0666,7.9161,1.0122,5.0,-0.2086,0.014751,0.009852,0.009758
2024-01-26,2024-02-23,0.0767,0.0061,7.906,0.7396,3.2566,0.0019,0.011017,0.009851,0.005208
2024-02-02,2024-02-09,0.0192,0.1111,7.9875,0.7523,5.0,0.0903,0.017306,0.007218,0.003873
2024-02-02,2024-02-16,0.0383,0.0525,7.9304,0.9448,5.0,0.0759,0.009036,0.006726,0.006585
2024-02-02,2024-02-23,0.0575,0.1019,7.9349,0.5803,5.0,-0.0386,0.011159,0.007292,0.007347
2024-02-02,2024-03-29,0.1533,0.2343,2.9217,0.1983,2.0624,-0.0445,0.005016,0.004865,0.004925
2024-02-02,2024-04-26,0.23,0.4016,7.9974,0.0715,1.0474,0.271,0.002359,0.002609,0.002329
2024-02-09,2024-02-16,0.0192,0.2178,7.9063,0.0001,5.0,0.0018,0.027018,0.019478,0.019479
2024-02-09,2024-02-23,0.0383,0.2096,7.9438,0.3212,5.0,0.1181,0.022083,0.018838,0.018839
2024-02-09,2024-03-01,0.0575,0.0061,7.9351,1.0685,4.6945,0.07,0.004735,0.003349,0.00332
2024-02-09,2024-03-29,0.1342,0.0203,8.0008,0.6234,4.5637,0.0859,0.012334,0.011828,0.011828
2024-02-09,2024-04-26,0.2108,0.4236,7.9956,0.0775,1.068,0.4673,0.005586,0.00547,0.005457
2024-02-09,2024-06-28,0.3833,0.427,2.9968,0.0962,1.0435,0.4331,0.007384,0.007354,0.00735
2024-02-16,2024-04-26,0.1916,0.3661,0.9957,0.0938,1.0583,0.4488,0.003067,0.002914,0.002657
2024-02-16,2024-03-29,0.115,0.0244,7.8657,0.9408,4.7983,0.1467,0.010705,0.009996,0.009996
2024-02-16,2024-06-28,0.3641,0.1174,7.9937,0.4849,1.0747,0.5311,0.00567,0.00507,0.005049
2024-02-16,2024-03-01,0.0383,0.3381,7.9782,0.0036,3.5198,0.1067,0.006183,0.005626,0.008017
2024-02-16,2024-02-23,0.0192,0.307,0.1,0.0001,5.0,-0.0149,0.053678,0.040425,0.040426
2024-02-16,2024-03-08,0.0575,0.3101,7.9976,0.0463,1.1985,0.9002,0.008218,0.007097,0.007687
2024-02-23,2024-05-31,0.2683,0.3913,1.0003,0.0988,1.0001,0.2993,0.00268,0.002613,0.002819
2024-02-23,2024-04-26,0.1725,0.4522,2.9813,0.0501,1.9847,0.0123,0.005223,0.005328,0.005328
2024-02-23,2024-03-29,0.0958,0.0341,7.9295,0.9072,4.0261,0.042,0.007593,0.006919,0.00692
2024-02-23,2024-06-28,0.345,0.1197,7.9947,0.4827,1.0823,0.5392,0.004682,0.004961,0.004926
2024-02-23,2024-03-08,0.0383,0.3232,7.9091,0.0003,4.0828,-0.0725,0.009272,0.00838,0.005598
2024-02-23,2024-03-01,0.0192,0.2765,7.9625,0.0001,5.0,0.096,0.023807,0.009749,0.003082
2024-02-23,2024-03-15,0.0575,0.0138,7.9675,1.3453,5.0,-0.0621,0.006867,0.005933,0.004126
2024-03-01,2024-03-08,0.0192,0.4527,7.8932,0.0001,5.0,0.2211,0.027477,0.02027,0.010972
2024-03-01,2024-03-15,0.0383,0.4497,7.959,0.3073,4.0883,0.0899,0.005592,0.004909,0.005887
2024-03-01,2024-03-22,0.0575,0.4403,2.9536,0.4238,3.3819,0.0206,0.00447,0.003723,0.003803
2024-03-01,2024-03-29,0.0767,0.4427,2.9467,0.3716,2.8554,0.1543,0.012208,0.011941,0.011941
2024-03-01,2024-04-26,0.1533,0.4319,0.9466,0.4618,1.9165,0.1179,0.005061,0.004971,0.004987
2024-03-01,2024-05-31,0.2491,0.3886,2.9967,0.485,1.0379,0.4006,0.004796,0.004669,0.004495
2024-03-01,2024-06-28,0.3258,0.5354,2.8971,0.3162,1.9025,0.081,0.004701,0.004703,0.004708
2024-03-08,2024-05-31,0.23,0.4372,7.9946,0.4933,1.1233,0.6568,0.008972,0.008851,0.008942
2024-03-08,2024-04-26,0.1342,0.9147,7.8577,0.0083,4.0413,0.0519,0.01572,0.015579,0.015579
2024-03-08,2024-06-28,0.3066,0.4023,8.0059,0.5457,0.0016,-0.3161,0.015322,0.009165,0.009165
2024-03-08,2024-03-22,0.0383,0.5472,7.9606,0.2483,4.1303,0.2101,0.017267,0.016946,0.016252
2024-03-08,2024-03-29,0.0575,0.6039,7.9284,0.1607,4.1136,0.121,0.039161,0.039605,0.036173
2024-03-15,2024-03-22,0.0192,0.6737,7.9934,0.0001,5.0,-0.0274,0.036791,0.016124,0.013376
2024-03-15,2024-04-05,0.0575,0.6955,7.9659,0.1777,4.1321,-0.1735,0.008476,0.008694,0.0081
2024-03-15,2024-04-26,0.115,0.9077,7.9536,0.0573,3.1651,-0.0247,0.012099,0.012311,0.012215
2024-03-15,2024-05-31,0.2108,0.7782,3.0008,0.0911,1.0107,0.0905,0.007667,0.007643,0.007483
2024-03-15,2024-06-28,0.2875,0.7987,7.9992,0.4947,1.0113,0.0663,0.008519,0.004493,0.004493
2024-03-22,2024-05-31,0.1916,0.733,3.0019,0.0786,1.014,0.3523,0.004252,0.004165,0.004221
2024-03-22,2024-04-12,0.0575,0.6665,7.876,0.0711,4.6446,-0.1888,0.010981,0.010372,0.01943
2024-03-22,2024-04-26,0.0958,0.8429,7.9481,0.0001,2.9756,0.0043,0.00567,0.005685,0.005685
2024-03-22,2024-04-05,0.0383,0.5704,7.9489,0.2721,4.6311,-0.1955,0.008806,0.007576,0.007335
2024-03-29,2024-04-05,0.0192,0.4062,2.9763,0.439,5.0,-0.0545,0.031911,0.021049,0.018878
2024-03-29,2024-04-12,0.0383,0.4722,7.9676,0.3374,3.3086,-0.016,0.010623,0.010178,0.010042
2024-03-29,2024-04-19,0.0575,0.5204,7.971,0.3582,2.5455,-0.0854,0.009287,0.011476,0.009175
2024-03-29,2024-04-26,0.0767,0.2336,8.1524,1.6568,5.0,-0.1295,0.008249,0.007578,0.007578
2024-03-29,2024-05-31,0.1725,0.691,3.0166,0.1155,0.6697,0.3218,0.006461,0.006465,0.006467
2024-03-29,2024-06-28,0.2491,0.7903,2.9998,0.0928,0.3623,0.3557,0.007659,0.006844,0.006661
2024-04-05,2024-04-12,0.0192,0.4701,7.901,0.0001,5.0,-0.0124,0.03053,0.018252,0.018398
2024-04-05,2024-04-19,0.0383,0.5299,7.9568,0.3245,4.7042,-0.1046,0.009076,0.007877,0.006057
2024-04-05,2024-04-26,0.0575,0.5651,7.9522,0.3087,3.262,-0.01,0.006772,0.006442,0.00642
2024-04-05,2024-05-31,0.1533,0.8358,7.9984,0.1262,1.0004,0.3033,0.0056,0.005244,0.004146
2024-04-12,2024-06-28,0.2108,0.4583,8.0005,0.5624,0.2998,0.3,0.009634,0.005729,0.005729
2024-04-12,2024-05-31,0.1342,0.421,7.9998,0.5369,0.0483,-0.0253,0.013794,0.007298,0.007584
2024-04-12,2024-09-27,0.46,0.7908,8.0,0.4734,1.0037,0.21,0.005649,0.005302,0.005304
2024-04-12,2024-04-26,0.0383,0.4842,7.9483,0.2051,4.4098,-0.0065,0.010928,0.010471,0.010471
2024-04-12,2024-04-19,0.0192,0.434,7.8783,0.0001,5.0,0.0832,0.024952,0.013835,0.013585
2024-04-12,2024-05-03,0.0575,0.4989,7.9521,0.2574,3.2988,-0.1195,0.006256,0.006523,0.006523
2024-04-19,2024-06-28,0.1916,0.8378,7.9981,0.1361,0.3005,0.3007,0.009845,0.005723,0.005408
2024-04-19,2024-05-31,0.115,0.7363,7.8594,0.1454,3.3458,-0.0635,0.00647,0.006431,0.00651
2024-04-19,2024-09-27,0.4408,0.8429,2.9955,0.1368,0.2726,0.2695,0.00348,0.003229,0.003125
2024-04-19,2024-05-03,0.0383,0.6124,7.9526,0.2924,4.736,-0.1956,0.01064,0.01036,0.010251
2024-04-19,2024-04-26,0.0192,0.6326,7.9567,0.0001,5.0,-0.0117,0.027441,0.010941,0.009857
2024-04-19,2024-05-10,0.0575,0.6241,7.9332,0.1976,4.2929,-0.1098,0.008847,0.015423,0.009076
2024-04-26,2024-05-03,0.0192,0.2453,7.9969,0.0219,1.9994,0.999,0.030875,0.008806,0.007473
2024-04-26,2024-05-10,0.0383,0.353,8.0497,0.0002,4.8229,-0.1397,0.007096,0.006361,0.006252
2024-04-26,2024-05-17,0.0575,0.3507,7.93,0.0292,2.8743,0.0137,0.008104,0.007546,0.006679
2024-04-26,2024-05-31,0.0958,0.3944,2.9327,0.0117,2.6719,-0.1554,0.008178,0.008618,0.008028
2024-04-26,2024-06-28,0.1725,0.4066,3.0009,0.1086,0.2021,0.188,0.008152,0.007371,0.006004
2024-04-26,2024-07-26,0.2491,0.3989,1.0006,0.1011,0.2629,0.263,0.008859,0.008455,0.008782
2024-05-03,2024-06-28,0.1533,0.4258,2.9391,0.0003,2.2549,0.0485,0.00478,0.005145,0.004739
2024-05-03,2024-09-27,0.4025,0.3935,0.999,0.096,0.3519,0.3466,0.004195,0.004129,0.003915
2024-05-03,2024-05-31,0.0767,0.2178,7.9429,0.7126,5.0,-0.0817,0.00494,0.0038,0.003215
2024-05-03,2024-07-26,0.23,0.3991,2.9984,0.0931,1.0258,0.1089,0.00479,0.004877,0.004889
2024-05-03,2024-05-17,0.0383,0.1664,7.9013,1.1943,5.0,0.0491,0.006137,0.004904,0.007388
2024-05-03,2024-05-10,0.0192,0.3118,7.9747,0.0001,5.0,0.0194,0.023169,0.008737,0.008236
2024-05-03,2024-05-24,0.0575,0.1528,7.9488,1.0013,4.9772,-0.056,0.006487,0.005921,0.00425
2024-05-10,2024-05-17,0.0192,0.2597,7.9289,0.0811,5.0,-0.0312,0.033576,0.014523,0.011905
2024-05-10,2024-05-24,0.0383,0.1935,8.1496,0.7321,5.0,-0.2049,0.00895,0.00665,0.005689
2024-05-10,2024-05-31,0.0575,0.3591,7.9282,0.0046,3.7307,-0.1399,0.011104,0.011078,0.011078
2024-05-10,2024-06-28,0.1342,0.523,7.9499,0.0001,2.5872,-0.103,0.005328,0.005805,0.005806
2024-05-10,2024-07-26,0.2108,0.1013,7.9989,0.489,1.0177,0.3355,0.005797,0.005735,0.005735
2024-05-10,2024-09-27,0.3833,0.4028,0.9991,0.0996,0.3246,0.0673,0.003358,0.001952,0.001708
2024-05-17,2024-07-26,0.1916,0.4131,0.965,0.0587,1.6028,0.0974,0.006243,0.0077,0.006284
2024-05-17,2024-06-28,0.115,0.4127,2.9502,0.0059,2.5081,0.069,0.006808,0.005789,0.005789
2024-05-17,2024-06-07,0.0575,0.3694,7.9658,0.0153,3.5919,0.0216,0.007494,0.007289,0.007438
2024-05-17,2024-05-24,0.0192,0.2732,7.9699,0.0001,5.0,0.0821,0.026339,0.014943,0.014942
2024-05-17,2024-05-31,0.0383,0.2383,7.9597,0.6112,5.0,0.0707,0.006558,0.00607,0.006766
2024-05-24,2024-05-31,0.0192,0.2443,7.9669,0.0001,5.0,0.0956,0.027482,0.014823,0.014823
2024-05-24,2024-06-07,0.0383,0.0844,8.0022,1.2236,5.0,-0.106,0.014944,0.013039,0.013011
2024-05-24,2024-06-14,0.0575,0.2556,7.9633,0.2443,2.6668,-0.0008,0.009175,0.008416,0.008414
2024-05-24,2024-06-28,0.0958,0.3573,7.9995,0.0693,1.041,0.3229,0.00309,0.003093,0.00302
2024-05-24,2024-07-26,0.1725,0.3831,2.9971,0.0829,1.0669,0.3141,0.006423,0.006445,0.006463
2024-05-24,2024-09-27,0.345,0.1082,8.0003,0.516,0.9999,0.3002,0.004775,0.004028,0.003805
2024-05-31,2024-07-26,0.1533,0.427,7.9988,0.111,0.3695,0.3366,0.009358,0.003397,0.003383
2024-05-31,2024-08-30,0.2491,0.0967,7.9999,0.4957,1.0,0.2997,0.003482,0.003353,0.003353
2024-05-31,2024-06-28,0.0767,0.3505,7.9823,0.0177,2.4011,-0.0701,0.004903,0.004343,0.004343
2024-05-31,2024-09-27,0.3258,0.3975,0.9991,0.0975,0.3495,0.3443,0.003057,0.003189,0.003081
2024-05-31,2024-06-14,0.0383,0.0003,7.9673,1.6557,4.5601,-0.0795,0.007882,0.00645,0.005098
2024-05-31,2024-06-21,0.0575,0.2351,7.993,0.258,2.473,-0.0717,0.003899,0.003605,0.003958
2024-05-31,2024-06-07,0.0192,0.0883,8.0775,1.4584,5.0,0.0472,0.026421,0.014506,0.009901
2024-06-07,2024-06-14,0.0192,0.1175,7.9436,1.1721,2.1781,0.999,0.023142,0.010793,0.008271
2024-06-07,2024-06-21,0.0383,0.2044,7.9775,0.4148,2.8838,0.0717,0.011384,0.010317,0.010306
2024-06-07,2024-06-28,0.0575,0.1031,8.1362,0.9578,4.5703,0.0138,0.018557,0.017292,0.017292
2024-06-07,2024-07-26,0.1342,0.4046,7.9988,0.087,1.0388,0.3706,0.006272,0.005188,0.005147
2024-06-07,2024-08-30,0.23,0.4052,3.0008,0.1091,0.9791,0.2284,0.004153,0.004107,0.002941
2024-06-07,2024-09-27,0.3066,0.0978,7.9999,0.4962,1.0002,0.3,0.006875,0.005237,0.005237
2024-06-14,2024-07-26,0.115,0.1146,7.9997,0.4224,1.1557,0.6141,0.007252,0.006973,0.006974
2024-06-14,2024-09-27,0.2875,0.4133,2.9971,0.0908,0.4531,0.4319,0.004332,0.00385,0.003842
2024-06-14,2024-08-30,0.2108,0.08,7.9988,0.4561,1.0355,0.4178,0.003931,0.003582,0.003541
2024-06-14,2024-07-05,0.0575,0.2243,7.9561,0.1849,2.7804,-0.0204,0.004605,0.003429,0.00577
2024-06-14,2024-06-28,0.0383,0.1969,7.8908,0.3924,5.0,-0.1059,0.020352,0.015493,0.015493
2024-06-14,2024-06-21,0.0192,0.126,7.9948,0.9184,5.0,0.203,0.024063,0.010978,0.013275
2024-06-21,2024-07-05,0.0383,0.2183,7.8246,0.2238,5.0,-0.1429,0.015249,0.007126,0.003121
2024-06-21,2024-07-12,0.0575,0.0189,7.5946,1.0751,4.2372,-0.0785,0.004444,0.004077,0.004214
2024-06-21,2024-07-26,0.0958,0.0176,7.9478,0.8057,3.9983,-0.1017,0.003094,0.002824,0.006631
2024-06-21,2024-08-30,0.1916,0.4192,7.9985,0.1043,1.0252,0.344,0.00449,0.004311,0.003412
2024-06-21,2024-09-27,0.2683,0.4482,3.0044,0.0605,1.414,0.1121,0.002855,0.002838,0.002834
2024-06-28,2024-08-30,0.1725,0.3913,7.9966,0.0581,1.0654,0.2603,0.004961,0.004684,0.005106
2024-06-28,2024-09-27,0.2491,0.4687,2.9238,0.0001,2.0182,-0.1031,0.00667,0.006773,0.006774
2024-06-28,2024-07-26,0.0767,0.2939,7.916,0.0001,2.5843,-0.1207,0.004595,0.005512,0.004018
2024-06-28,2024-07-12,0.0383,0.0038,7.9519,1.3203,4.8919,-0.1751,0.008237,0.007604,0.004401
2024-06-28,2024-07-05,0.0192,0.1463,7.978,0.0023,2.3627,0.655,0.033285,0.01422,0.009454
2024-06-28,2024-07-19,0.0575,0.1994,7.9632,0.1482,2.4371,-0.0704,0.00735,0.006832,0.006852
2024-07-05,2024-07-12,0.0192,0.3916,7.9704,0.0001,5.0,-0.0457,0.045225,0.031475,0.029169
2024-07-05,2024-07-19,0.0383,0.2604,7.8962,0.606,5.0,-0.1391,0.020526,0.019542,0.02152
2024-07-05,2024-07-26,0.0575,0.3447,7.9473,0.0077,2.7462,-0.111,0.016313,0.016415,0.016333
2024-07-05,2024-08-30,0.1533,0.0162,8.0092,0.56,0.8371,0.0324,0.007824,0.007809,0.007837
2024-07-05,2024-09-27,0.23,0.3689,3.0,0.0842,1.0132,0.0616,0.010753,0.010647,0.010648
2024-07-05,2024-12-27,0.4791,0.4183,0.9973,0.1023,0.3438,0.3309,0.00548,0.004634,0.004629
2024-07-12,2024-12-27,0.46,0.3935,0.9978,0.0937,0.4544,0.398,0.002685,0.002575,0.002582
2024-07-12,2024-09-27,0.2108,0.4233,7.997,0.091,0.4662,0.4535,0.003947,0.003533,0.002577
2024-07-12,2024-08-30,0.1342,0.0412,8.0208,0.5085,0.9511,0.1615,0.004202,0.004166,0.004168
2024-07-12,2024-07-26,0.0383,0.1252,7.9911,0.9824,5.0,-0.2539,0.011309,0.009691,0.009653
2024-07-12,2024-07-19,0.0192,0.14,8.033,1.1742,5.0,-0.0106,0.035177,0.017653,0.010678
2024-07-12,2024-08-02,0.0575,0.1586,7.9904,0.4064,1.405,0.0069,0.010702,0.005002,0.005165
2024-07-19,2024-07-26,0.0192,0.3352,7.9872,0.0001,5.0,0.3802,0.021972,0.01323,0.0135
2024-07-19,2024-08-02,0.0383,0.1414,8.0186,1.7236,4.8388,0.365,0.012766,0.011663,0.011808
2024-07-19,2024-08-09,0.0575,0.4117,7.8875,0.1003,3.2633,0.2186,0.010857,0.010425,0.010232
2024-07-19,2024-08-30,0.115,0.4127,2.9742,0.0199,1.8057,0.1918,0.009473,0.009445,0.009445
2024-07-19,2024-09-27,0.1916,0.426,0.9425,0.0461,2.1053,0.1788,0.005481,0.005213,0.005004
2024-07-19,2024-11-08,0.3066,0.3751,0.991,0.4893,1.0631,0.4371,0.002748,0.002746,0.002755
2024-07-19,2024-12-27,0.4408,0.48,0.8862,0.4265,1.6893,0.1719,0.003515,0.003418,0.003402
2024-07-26,2024-10-25,0.2491,0.4171,1.0003,0.1036,0.9863,0.2745,0.002411,0.002425,0.002396
2024-07-26,2024-12-27,0.4216,0.4083,1.0053,0.5076,0.969,0.2044,0.002576,0.002508,0.002503
2024-07-26,2024-09-27,0.1725,0.4199,0.9648,0.0561,1.8183,0.1571,0.002812,0.003121,0.003121
2024-07-26,2024-08-09,0.0383,0.5069,7.9535,0.1333,4.9074,0.1547,0.00781,0.006637,0.008308
2024-07-26,2024-08-16,0.0575,0.4207,0.9956,0.0439,3.2187,0.0998,0.009068,0.008011,0.007092
2024-07-26,2024-08-02,0.0192,0.5872,7.991,0.0001,5.0,0.4193,0.027568,0.007702,0.010515
2024-07-26,2024-08-30,0.0958,0.4398,2.964,0.001,2.317,0.1536,0.005727,0.005672,0.005735
2024-08-02,2024-08-09,0.0192,0.174,7.9663,0.1152,1.8561,0.9523,0.040022,0.020328,0.016396
2024-08-02,2024-08-16,0.0383,0.2445,7.9588,0.4055,4.7636,-0.2899,0.017092,0.013344,0.013023
2024-08-02,2024-08-23,0.0575,0.3384,7.903,0.0001,3.8773,-0.3184,0.007201,0.008842,0.007455
2024-08-02,2024-08-30,0.0767,0.3316,7.9439,0.0332,2.8064,-0.1736,0.010511,0.010357,0.010387
2024-08-02,2024-09-27,0.1533,0.49,7.9208,0.0001,2.4033,-0.0663,0.005199,0.004781,0.00484
2024-08-02,2024-10-25,0.23,0.4168,2.9554,0.0001,1.7509,-0.0086,0.005626,0.005608,0.005606
2024-08-02,2024-11-08,0.2683,0.398,2.9989,0.094,1.0159,0.1038,0.002175,0.002559,0.000965
2024-08-02,2024-12-27,0.4025,0.3918,0.9997,0.0972,1.0054,0.0613,0.003913,0.003581,0.00311
2024-08-09,2024-12-27,0.3833,0.1103,7.9949,0.4746,1.0711,0.5029,0.003136,0.003009,0.003004
2024-08-09,2024-11-08,0.2491,0.3825,0.9979,0.0942,1.0357,0.1866,0.003449,0.003806,0.002943
2024-08-09,2024-10-25,0.2108,0.1177,7.9979,0.4821,1.0535,0.4334,0.007657,0.007412,0.006924
2024-08-09,2024-08-16,0.0192,0.3905,7.975,0.0001,5.0,-0.1318,0.022174,0.014697,0.014703
2024-08-09,2024-08-30,0.0575,0.3671,8.0012,0.1131,0.0001,-0.2567,0.025292,0.009043,0.008952
2024-08-09,2024-08-23,0.0383,0.3892,7.9706,0.0001,3.737,-0.2276,0.007012,0.007297,0.007042
2024-08-09,2024-09-27,0.1342,0.5315,7.9602,0.0227,2.6873,-0.0395,0.009424,0.009497,0.009497
2024-08-16,2024-11-08,0.23,0.3993,1.0026,0.1048,0.956,0.1775,0.003623,0.003825,0.001602
2024-08-16,2024-12-27,0.3641,0.1097,7.9989,0.5076,1.0193,0.3508,0.001444,0.001064,0.001084
2024-08-16,2024-09-27,0.115,0.4767,7.9366,0.0079,2.3964,-0.072,0.004389,0.007473,0.004153
2024-08-16,2024-10-25,0.1916,0.1067,7.9992,0.4901,1.0244,0.356,0.002608,0.002565,0.00257
2024-08-16,2024-08-30,0.0383,0.2072,7.9572,0.8709,5.0,-0.0906,0.01606,0.014064,0.013265
2024-08-16,2024-08-23,0.0192,0.3077,0.465,0.0001,5.0,-0.1122,0.035101,0.019132,0.019132
2024-08-16,2024-09-06,0.0575,0.3761,7.9686,0.0038,3.5058,-0.1575,0.003574,0.003126,0.002901
2024-08-23,2024-12-27,0.345,0.3933,0.9969,0.4956,1.0221,0.1259,0.003987,0.003168,0.00317
2024-08-23,2024-10-25,0.1725,0.5269,7.9251,0.0978,2.396,-0.0531,0.006015,0.005977,0.005805
2024-08-23,2024-09-27,0.0958,0.0442,7.9536,0.926,3.6792,-0.0955,0.005526,0.005294,0.005295
2024-08-23,2024-11-08,0.2108,0.4063,1.0019,0.1043,0.9603,0.2184,0.003067,0.003006,0.002997
2024-08-23,2024-09-06,0.0383,0.0159,8.0035,1.7947,4.8832,-0.0675,0.009307,0.00739,0.005248
2024-08-23,2024-09-13,0.0575,0.3418,7.9565,0.0001,2.4467,-0.0603,0.005647,0.004858,0.004155
2024-08-30,2024-11-29,0.2491,0.3771,0.9959,0.0972,0.3898,0.5888,0.001832,0.001767,0.001769
2024-08-30,2024-09-06,0.0192,0.1689,8.352,0.9009,5.0,0.019,0.02458,0.011927,0.005488
2024-08-30,2024-09-13,0.0383,0.1025,8.0021,1.2052,5.0,-0.1654,0.011344,0.009032,0.009033
2024-08-30,2024-09-20,0.0575,0.0043,8.0252,1.36,4.4897,-0.092,0.009003,0.008305,0.008301
2024-08-30,2024-09-27,0.0767,0.1319,7.9425,0.7765,4.3095,-0.1626,0.003453,0.003031,0.003256
2024-08-30,2024-10-25,0.1533,0.0958,8.0008,0.5081,0.9841,0.2489,0.00485,0.002192,0.00551
2024-08-30,2024-11-08,0.1916,0.3801,0.9989,0.0958,1.0301,0.0961,0.002261,0.002498,0.002514
2024-08-30,2024-12-27,0.3258,0.3803,0.999,0.496,1.0051,0.0152,0.002308,0.002776,0.002159
2024-09-06,2024-12-27,0.3066,0.4021,0.9991,0.4996,1.0069,-0.0751,0.004058,0.003575,0.003585
2024-09-06,2024-11-08,0.1725,0.4088,0.9998,0.1008,0.3002,0.3002,0.00639,0.004125,0.00412
2024-09-06,2024-11-29,0.23,0.4704,1.5322,0.6515,2.6028,-0.2458,0.003256,0.005047,0.002957
2024-09-06,2024-10-25,0.1342,0.3683,2.9966,0.1177,0.0001,-0.1651,0.010046,0.006421,0.004638
2024-09-06,2024-09-20,0.0383,0.4531,7.9602,0.0345,4.6586,-0.2944,0.01113,0.010848,0.01088
2024-09-06,2024-09-27,0.0575,0.4443,7.9203,0.1255,4.0174,-0.2472,0.011645,0.012223,0.011964
2024-09-06,2024-09-13,0.0192,0.427,2.9602,0.0001,5.0,-0.2726,0.040471,0.028822,0.028693
2024-09-13,2024-11-29,0.2108,0.3992,0.9996,0.0994,1.0062,0.0201,0.003436,0.003583,0.003578
2024-09-13,2024-11-08,0.1533,0.4044,2.999,0.0963,0.3864,0.3708,0.002883,0.002244,0.001493
2024-09-13,2024-10-25,0.115,0.4118,7.9618,0.1349,3.1316,-0.0847,0.002704,0.002545,0.002488
2024-09-13,2024-12-27,0.2875,0.7999,7.9992,0.0952,1.011,0.0777,0.00346,0.002886,0.00172
2024-09-13,2024-09-27,0.0383,0.1464,7.9689,1.1918,5.0,-0.1749,0.008315,0.005672,0.004236
2024-09-13,2024-10-04,0.0575,0.0126,7.8913,1.3968,4.6511,-0.0813,0.00365,0.003548,0.003107
2024-09-20,2024-10-04,0.0383,0.0949,8.0169,1.3527,5.0,-0.0914,0.012624,0.011256,0.010759
2024-09-20,2024-10-11,0.0575,0.3341,7.9751,0.0105,3.2011,-0.026,0.005855,0.005589,0.005589
2024-09-20,2024-10-25,0.0958,0.3578,7.9625,0.1156,2.3488,-0.0524,0.004334,0.004479,0.004479
2024-09-20,2024-11-08,0.1342,0.438,2.9721,0.0113,1.6916,-0.051,0.002373,0.002407,0.002407
2024-09-20,2024-11-29,0.1916,0.3939,0.9806,0.0702,1.3735,0.0495,0.003207,0.003178,0.003176
2024-09-20,2024-12-27,0.2683,0.3915,0.9994,0.0974,0.346,0.3251,0.007965,0.006026,0.006027
2024-09-27,2024-12-27,0.2491,0.4454,8.0293,0.318,3.1675,0.0462,0.007465,0.007456,0.007455
2024-09-27,2024-11-29,0.1725,0.4425,2.9671,0.0001,1.6142,-0.0179,0.00329,0.003413,0.003157
2024-09-27,2024-10-25,0.0767,0.3536,7.9637,0.0015,2.4336,-0.0277,0.005785,0.005788,0.003859
2024-09-27,2024-11-08,0.115,0.4039,2.973,0.0001,1.7824,-0.0142,0.006102,0.006093,0.006093
2024-09-27,2024-10-11,0.0383,0.2513,7.9638,0.2226,3.1952,-0.0176,0.006848,0.006554,0.00652
2024-09-27,2024-10-04,0.0192,0.2383,8.0002,0.0001,2.8478,0.1126,0.044966,0.012241,0.012185
2024-09-27,2024-10-18,0.0575,0.2329,7.9684,0.2598,2.3876,0.1183,0.004344,0.004463,0.004464
2024-10-04,2024-10-11,0.0192,0.2585,7.9788,0.0943,5.0,-0.0653,0.01306,0.009644,0.00883
2024-10-04,2024-10-18,0.0383,0.2432,7.9613,0.2606,3.4345,-0.1232,0.009432,0.008528,0.008677
2024-10-04,2024-10-25,0.0575,0.3218,7.9275,0.0078,2.7009,-0.0398,0.00549,0.005319,0.005359
2024-10-04,2024-11-08,0.0958,0.4115,7.9999,0.1049,1.0002,0.3007,0.004398,0.004297,0.003305
2024-10-04,2024-11-29,0.1533,0.3816,2.9988,0.0893,1.0363,0.1942,0.004164,0.004141,0.004136
2024-10-04,2024-12-27,0.23,0.1182,7.9995,0.4925,1.0429,0.4245,0.002678,0.002884,0.002861
2024-10-11,2024-12-27,0.2108,0.7018,7.8164,0.0001,2.9054,-0.0043,0.004184,0.004284,0.003598
2024-10-11,2024-11-29,0.1342,0.5227,7.9458,0.001,2.4268,-0.0279,0.005272,0.005363,0.005364
2024-10-11,2024-11-08,0.0767,0.085,7.9451,0.9528,2.9717,0.1325,0.003513,0.003307,0.006613
2024-10-11,2024-11-01,0.0575,0.2379,7.963,0.1753,2.7427,0.1302,0.002106,0.002166,0.002335
2024-10-11,2024-10-18,0.0192,0.1532,7.983,0.6831,5.0,-0.1259,0.015071,0.007985,0.010545
2024-10-11,2024-10-25,0.0383,0.2096,7.9795,0.2648,3.8304,0.0008,0.008705,0.008397,0.008398
2024-10-18,2024-10-25,0.0192,0.2431,7.9561,0.0001,5.0,-0.0181,0.039149,0.027371,0.020648
2024-10-18,2024-11-01,0.0383,0.2419,7.9338,0.1344,3.7576,0.0525,0.008285,0.007804,0.007804
2024-10-18,2024-11-08,0.0575,0.4029,7.9667,0.0001,2.8458,0.1324,0.004043,0.004213,0.004213
2024-10-18,2024-11-29,0.115,0.0441,7.9144,0.8796,3.8799,0.0316,0.007975,0.007679,0.007679
2024-10-18,2024-12-27,0.1916,0.4364,2.9587,0.0001,1.7352,0.0797,0.003949,0.003767,0.003767
2024-10-25,2025-03-28,0.4216,0.8045,7.9984,0.1011,0.3532,0.342,0.004827,0.001184,0.001189
2024-10-25,2025-01-31,0.2683,0.3819,2.9967,0.0732,0.4667,0.6447,0.00369,0.003937,0.003531
2024-10-25,2024-12-27,0.1725,0.1273,7.9984,0.4934,1.0448,0.4264,0.003841,0.003126,0.002688
2024-10-25,2024-11-15,0.0575,0.3688,7.9981,0.0648,1.148,0.5842,0.006888,0.005044,0.004764
2024-10-25,2024-11-08,0.0383,0.4153,7.9765,0.0001,3.2666,0.1023,0.007688,0.007462,0.007462
2024-10-25,2024-11-29,0.0958,0.4547,7.9737,0.0001,2.0036,0.0938,0.004767,0.004755,0.004766
2024-10-25,2024-11-01,0.0192,0.0911,7.9673,1.4568,5.0,-0.0021,0.021695,0.015757,0.014625
2024-11-01,2024-11-08,0.0192,0.5804,7.9059,0.0001,5.0,-0.0464,0.019283,0.010796,0.010796
2024-11-01,2024-11-15,0.0383,0.5599,0.1,0.0001,5.0,-0.466,0.149261,0.137885,0.113212
2024-11-01,2024-11-22,0.0575,0.3766,2.9991,0.093,1.078,0.4627,0.006428,0.006229,0.00688
2024-11-01,2024-11-29,0.0767,0.3995,2.9802,0.0226,1.9895,0.0956,0.004472,0.004524,0.004533
2024-11-01,2024-12-27,0.1533,0.3659,3.0001,0.089,1.0146,0.1282,0.005321,0.005696,0.004919
2024-11-01,2025-01-31,0.2491,0.3862,2.9963,0.0771,1.0578,0.2124,0.004485,0.004571,0.00232
2024-11-01,2025-03-28,0.4025,0.7982,7.9974,0.0794,1.0286,0.2379,0.004862,0.003465,0.00342
2024-11-08,2024-11-29,0.0575,0.2628,7.9645,0.2114,2.2939,0.0565,0.013709,0.013848,0.013848
2024-11-08,2025-01-31,0.23,0.0082,8.023,0.4793,0.5485,0.9078,0.005681,0.005623,0.005636
2024-11-08,2024-12-27,0.1342,0.4618,7.971,0.0001,1.7679,0.0266,0.005013,0.005267,0.005267
2024-11-08,2024-11-22,0.0383,0.2839,7.9866,0.0428,2.5048,0.0643,0.011048,0.011092,0.011099
2024-11-08,2024-11-15,0.0192,0.1886,8.0044,0.7842,5.0,0.1039,0.02473,0.022592,0.022592
2024-11-15,2024-12-06,0.0575,0.5135,7.8861,0.0001,4.5239,-0.2107,0.00828,0.011471,0.011771
2024-11-15,2024-12-27,0.115,0.439,2.9386,0.0001,2.8165,-0.0432,0.008975,0.009371,0.009371
2024-11-15,2025-01-31,0.2108,0.4018,2.9999,0.1006,0.3001,0.2999,0.01647,0.009564,0.005719
2024-11-15,2025-03-28,0.3641,0.8011,7.9987,0.095,1.0145,0.056,0.005903,0.001227,0.001244
2024-11-22,2024-12-06,0.0383,0.4292,0.9562,0.0552,4.8963,0.0486,0.013849,0.013271,0.013271
2024-11-22,2025-03-28,0.345,0.3642,8.1227,0.4459,3.6668,0.1186,0.00258,0.002573,0.002573
2024-11-22,2025-01-31,0.1916,0.4431,0.9703,0.0759,1.9158,0.0981,0.007138,0.007116,0.007116
2024-11-22,2024-12-13,0.0575,0.2457,2.8119,2.563,5.0,-0.0268,0.005582,0.005342,0.005301
2024-11-22,2024-12-27,0.0958,0.4163,0.9514,0.0471,2.6676,0.0666,0.012732,0.011751,0.011751
2024-11-29,2025-02-28,0.2491,0.405,0.9631,0.0513,1.47,0.0475,0.004298,0.004445,0.004442
2024-11-29,2025-01-31,0.1725,0.4405,2.9716,0.0157,1.6075,0.1342,0.00326,0.003288,0.003288
2024-11-29,2024-12-27,0.0767,0.0136,7.9935,1.3025,4.8348,0.0279,0.012272,0.011299,0.011299
2024-11-29,2025-03-28,0.3258,0.7917,8.0022,0.1006,0.9776,0.1787,0.005181,0.002893,0.002895
2024-11-29,2024-12-13,0.0383,0.3697,7.9412,0.0007,4.7573,-0.0078,0.008222,0.007891,0.007891
2024-11-29,2024-12-20,0.0575,0.4183,7.9692,0.0001,3.8564,-0.0397,0.008134,0.007232,0.00707
2024-12-06,2024-12-13,0.0192,0.3874,7.9772,0.0001,5.0,-0.1431,0.040493,0.026373,0.026373
2024-12-06,2024-12-20,0.0383,0.0035,8.4954,2.1894,4.1046,0.2999,0.02309,0.021937,0.01543
2024-12-06,2024-12-27,0.0575,0.3992,2.9551,0.0394,3.977,-0.0448,0.016204,0.014188,0.014188
2024-12-06,2025-01-31,0.1533,0.4783,2.9407,0.0001,2.3298,0.0025,0.008993,0.009145,0.008664
2024-12-06,2025-02-28,0.23,0.3768,0.9974,0.0933,1.0448,0.2864,0.004799,0.004779,0.004576
2024-12-06,2025-03-28,0.3066,1.0858,7.8206,0.0001,3.2986,0.0168,0.004005,0.004074,0.00213
2024-12-13,2025-01-31,0.1342,0.457,2.9583,0.0001,2.1084,0.0316,0.003001,0.002896,0.002891
2024-12-13,2025-02-28,0.2108,0.3945,1.0021,0.1028,0.9632,0.2239,0.002602,0.00263,0.002686
2024-12-13,2025-03-28,0.2875,1.0872,7.8191,0.0001,3.4153,0.0002,0.001887,0.001857,0.001857
2024-12-13,2025-01-03,0.0575,0.4156,7.9623,0.0101,3.585,0.0113,0.004257,0.004496,0.005821
2024-12-13,2024-12-27,0.0383,0.3832,7.9799,0.0001,5.0,-0.0649,0.020492,0.017717,0.017717
2024-12-20,2025-01-03,0.0383,0.4215,7.9618,0.0141,5.0,-0.0679,0.014971,0.014727,0.014092
2024-12-20,2025-01-10,0.0575,0.4618,7.9479,0.0003,3.8758,-0.0471,0.011807,0.011966,0.011681
2024-12-20,2025-01-31,0.115,0.4092,2.9992,0.0985,1.0227,0.3493,0.009879,0.009903,0.009988
2024-12-20,2025-02-28,0.1916,0.4067,1.0014,0.1033,0.9663,0.2378,0.006657,0.00666,0.00663
2024-12-20,2025-03-28,0.2683,0.4359,0.9071,0.4267,1.8118,0.0153,0.008167,0.008241,0.008241
2024-12-27,2025-03-28,0.2491,0.4286,0.8874,0.4054,1.9629,0.0323,0.005443,0.005249,0.005249
2024-12-27,2025-02-28,0.1725,0.456,0.9221,0.0529,2.2787,-0.0118,0.003181,0.003322,0.003325
2024-12-27,2025-01-31,0.0958,0.4568,2.9469,0.0233,3.0307,-0.0496,0.005965,0.006483,0.005523
2024-12-27,2025-01-03,0.0192,0.3933,0.1,0.0001,5.0,-0.3056,0.122952,0.112409,0.107857
2024-12-27,2025-01-10,0.0383,0.4024,7.9916,0.0042,4.324,0.0116,0.011244,0.011586,0.011586
2024-12-27,2025-01-17,0.0575,0.5325,7.9456,0.0001,5.0,-0.2581,0.043465,0.041593,0.041593
2025-01-03,2025-02-28,0.1533,0.3766,0.9972,0.0939,1.0794,0.4678,0.005446,0.005289,0.005804
2025-01-03,2025-03-28,0.23,0.4155,0.9975,0.0987,1.0345,0.362,0.004149,0.003047,0.003048
2025-01-03,2025-01-31,0.0767,0.4247,2.938,0.0002,3.4809,-0.0147,0.009648,0.007595,0.007595
2025-01-03,2025-06-27,0.4791,0.3024,1.1753,0.5719,0.338,0.9578,0.005509,0.005798,0.005403
2025-01-03,2025-01-17,0.0383,0.3486,7.9751,0.0183,3.745,-0.0307,0.007106,0.008024,0.011674
2025-01-03,2025-01-24,0.0575,0.4191,7.9602,0.0001,3.2575,0.0011,0.005777,0.006138,0.006092
2025-01-10,2025-01-17,0.0192,0.3364,7.9918,0.0001,5.0,-0.093,0.019493,0.011712,0.007959
2025-01-10,2025-01-24,0.0383,0.1126,8.0027,1.7263,5.0,-0.166,0.006555,0.00586,0.005854
2025-01-10,2025-01-31,0.0575,0.4378,7.9407,0.0023,3.3974,-0.0842,0.005646,0.005674,0.005684
2025-01-10,2025-02-28,0.1342,0.3879,2.9997,0.0952,1.0147,0.3218,0.004249,0.004199,0.003767
2025-01-10,2025-03-28,0.2108,0.4053,0.9725,0.0652,1.4315,0.1116,0.004403,0.004303,0.004303
2025-01-10,2025-06-27,0.46,0.0919,7.9984,0.4699,1.0136,0.1819,0.008709,0.002956,0.002984
2025-01-17,2025-06-27,0.4408,0.0974,7.9984,0.4838,1.0167,0.2203,0.007012,0.002812,0.002812
2025-01-17,2025-03-28,0.1916,0.4126,0.9183,0.433,1.96,0.0927,0.004859,0.004699,0.004699
2025-01-17,2025-02-28,0.115,0.4127,0.9703,0.0685,1.9129,0.1125,0.003849,0.004047,0.003904
2025-01-17,2025-02-07,0.0575,0.4317,2.9746,0.0689,3.2529,0.0668,0.005743,0.007879,0.005114
2025-01-17,2025-01-24,0.0192,0.3912,0.7435,0.0944,5.0,0.1234,0.013877,0.01416,0.013577
2025-01-24,2025-01-31,0.0192,0.3551,0.1,0.0001,5.0,0.0484,0.045521,0.031719,0.026659
2025-01-24,2025-02-07,0.0383,0.4022,7.9728,0.0055,3.9101,0.1035,0.008672,0.007433,0.006993
2025-01-24,2025-02-14,0.0575,0.4339,7.9727,0.0004,3.1356,0.0389,0.006078,0.005748,0.007816
2025-01-24,2025-02-28,0.0958,0.3915,2.9899,0.0052,1.828,0.2336,0.004143,0.004426,0.005192
2025-01-24,2025-03-28,0.1725,0.4032,0.9673,0.0591,1.6274,0.0752,0.0031,0.003256,0.003257
2025-01-24,2025-06-27,0.4216,0.4551,0.9543,0.0835,1.218,0.087,0.001139,0.002705,0.001131
2025-01-31,2025-03-28,0.1533,0.4174,2.9603,0.0001,1.9338,0.0702,0.004383,0.0043,0.004299
2025-01-31,2025-04-25,0.23,0.1112,7.9966,0.4742,1.0552,0.4269,0.002108,0.00216,0.002149
2025-01-31,2025-02-28,0.0767,0.3791,7.9741,0.0014,2.3129,0.1025,0.005102,0.004765,0.004765
2025-01-31,2025-06-27,0.4025,0.4004,0.9986,0.0978,1.0129,0.1227,0.001948,0.002403,0.001994
2025-01-31,2025-02-14,0.0383,0.0851,8.0535,1.3629,5.0,-0.0218,0.004571,0.003806,0.003446
2025-01-31,2025-02-07,0.0192,0.2569,8.1483,0.0001,5.0,-0.1391,0.016283,0.008003,0.010201
2025-01-31,2025-02-21,0.0575,0.3466,7.9732,0.0096,3.1226,-0.0775,0.004424,0.003116,0.003098
2025-02-07,2025-04-25,0.2108,0.115,7.9955,0.4639,1.074,0.4565,0.005609,0.005211,0.0031
2025-02-07,2025-03-28,0.1342,0.5219,7.9455,0.0012,2.4535,-0.115,0.005505,0.004911,0.004911
2025-02-07,2025-06-27,0.3833,0.4003,0.9997,0.0997,1.0024,0.0321,0.002646,0.002091,0.002094
2025-02-07,2025-02-21,0.0383,0.3155,8.0221,0.0048,3.8711,-0.2211,0.007724,0.007836,0.007674
2025-02-07,2025-02-14,0.0192,0.1893,8.0309,0.0001,1.7826,0.999,0.028676,0.012676,0.01134
2025-02-07,2025-02-28,0.0575,0.35,7.9431,0.0056,3.1605,-0.1265,0.004975,0.00471,0.004704
2025-02-14,2025-02-21,0.0192,0.185,7.9713,0.2983,4.4236,0.0099,0.007697,0.007632,0.007165
2025-02-14,2025-02-28,0.0383,0.0259,8.0005,1.485,5.0,-0.0345,0.009726,0.008427,0.008399
2025-02-14,2025-03-07,0.0575,0.1557,7.9991,0.4716,1.1569,0.5904,0.006868,0.006589,0.003889
2025-02-14,2025-03-28,0.115,0.3781,7.9991,0.0761,1.0361,0.2274,0.005145,0.005282,0.007584
2025-02-14,2025-04-25,0.1916,0.4959,7.932,0.1304,2.2426,0.0239,0.004257,0.004322,0.00436
2025-02-14,2025-06-27,0.3641,0.9383,7.9273,0.0668,2.479,0.0776,0.001653,0.001657,0.001666
2025-02-21,2025-04-25,0.1725,0.3953,8.0001,0.0961,0.9999,0.2996,0.003927,0.003812,0.003817
2025-02-21,2025-03-28,0.0958,0.3549,7.9445,0.0105,2.3828,-0.0104,0.006239,0.006244,0.006244
2025-02-21,2025-06-27,0.345,0.4805,2.9761,0.0739,1.3889,0.0305,0.001453,0.00138,0.001127
2025-02-21,2025-03-07,0.0383,0.0867,7.7412,1.0507,5.0,-0.2549,0.012551,0.010464,0.010434
2025-02-21,2025-02-28,0.0192,0.1847,0.1,0.0001,5.0,0.1572,0.022758,0.014939,0.013651
2025-02-21,2025-03-14,0.0575,0.2927,7.7415,0.0001,3.071,-0.2284,0.003966,0.004537,0.004386
2025-02-28,2025-03-07,0.0192,0.4201,7.9254,0.0001,5.0,0.1166,0.035005,0.025919,0.022157
2025-02-28,2025-03-14,0.0383,0.3992,7.9549,0.0311,4.6257,-0.1585,0.016333,0.017221,0.015594
2025-02-28,2025-03-21,0.0575,0.4351,7.9504,0.0001,3.6872,-0.3318,0.01374,0.013109,0.013075
2025-02-28,2025-03-28,0.0767,0.1447,7.9216,0.9754,5.0,-0.2825,0.014148,0.013892,0.013892
2025-02-28,2025-04-25,0.1533,0.4248,7.9963,0.083,1.0846,-0.0543,0.010584,0.007129,0.007131
2025-02-28,2025-05-30,0.2491,0.4262,2.9578,0.0013,1.5945,0.0033,0.004582,0.00437,0.00437
2025-02-28,2025-06-27,0.3258,0.4034,2.9987,0.0977,0.344,0.0717,0.006578,0.0043,0.004328
2025-03-07,2025-06-27,0.3066,0.4094,2.9996,0.105,0.3002,0.3001,0.010059,0.002003,0.002005
2025-03-07,2025-05-30,0.23,0.4771,2.9187,0.0001,2.0476,-0.088,0.010326,0.010642,0.007096
2025-03-07,2025-04-25,0.1342,0.5041,7.9971,0.0359,2.4263,-0.1231,0.008568,0.008489,0.008443
2025-03-07,2025-03-21,0.0383,0.2841,7.9885,0.7884,5.0,-0.0671,0.020961,0.018702,0.016983
2025-03-07,2025-03-14,0.0192,0.4134,0.1,0.0001,5.0,0.0603,0.038481,0.026177,0.025994
2025-03-07,2025-03-28,0.0575,0.1572,7.9345,1.0679,5.0,-0.1307,0.00995,0.009363,0.009392
2025-03-14,2025-03-21,0.0192,0.3258,7.988,0.0001,5.0,-0.2313,0.01893,0.013156,0.008695
2025-03-14,2025-03-28,0.0383,0.2471,7.9694,0.7328,5.0,-0.2593,0.012951,0.010518,0.010519
2025-03-14,2025-04-04,0.0575,0.3914,7.9785,0.0108,2.9162,-0.2573,0.004531,0.003958,0.003589
2025-03-14,2025-04-25,0.115,0.0328,7.9116,0.8357,3.0571,-0.1302,0.003457,0.003342,0.003343
2025-03-14,2025-05-30,0.2108,0.0967,7.9986,0.4833,1.0203,0.1138,0.004466,0.004298,0.002972
2025-03-14,2025-06-27,0.2875,0.3973,3.001,0.0856,0.5086,0.4403,0.001916,0.001451,0.000908
2025-03-21,2025-05-30,0.1916,0.4131,7.9952,0.0598,0.5708,0.525,0.003515,0.003323,0.003342
2025-03-21,2025-04-25,0.0958,0.1124,7.9989,0.4902,1.0302,0.3443,0.005638,0.003885,0.005977
2025-03-21,2025-06-27,0.2683,0.3608,2.9996,0.0738,1.023,0.1481,0.002529,0.002285,0.002285
2025-03-21,2025-04-04,0.0383,0.2556,7.954,0.2076,4.158,-0.1871,0.007918,0.005664,0.005657
2025-03-21,2025-03-28,0.0192,0.1671,7.9904,0.7927,5.0,0.0759,0.025709,0.008082,0.006834
2025-03-21,2025-04-11,0.0575,0.308,7.9412,0.0453,3.4452,-0.1989,0.003982,0.003598,0.003593
2025-03-28,2025-04-04,0.0192,0.3183,7.9813,0.0001,5.0,-0.3013,0.038397,0.020219,0.009863
2025-03-28,2025-04-11,0.0383,0.2103,7.9274,0.7193,5.0,-0.3624,0.007349,0.006191,0.006192
2025-03-28,2025-04-18,0.0575,0.0733,7.9168,1.0798,5.0,-0.3545,0.006672,0.006024,0.00629
2025-03-28,2025-04-25,0.0767,0.3189,7.9407,0.0577,2.644,-0.1333,0.010659,0.011254,0.010888
2025-03-28,2025-05-30,0.1725,0.4792,7.929,0.0213,2.2112,-0.0975,0.004336,0.00428,0.004309
2025-03-28,2025-06-27,0.2491,0.41,2.9599,0.0001,1.7452,-0.1222,0.003578,0.002967,0.002969
2025-04-04,2025-06-27,0.23,0.3584,3.0071,0.1172,0.9122,-0.2855,0.005834,0.005876,0.00454
2025-04-04,2025-05-30,0.1533,0.1046,7.9999,0.5008,1.0041,-0.0682,0.008588,0.008919,0.007892
2025-04-04,2025-04-18,0.0383,0.3714,8.0145,0.0002,3.7155,-0.3473,0.010895,0.009956,0.009141
2025-04-04,2025-04-11,0.0192,0.3719,7.979,0.13,5.0,-0.408,0.029957,0.022005,0.022031
2025-04-04,2025-04-25,0.0575,0.3676,7.9655,0.0032,2.8106,-0.2088,0.008448,0.007979,0.007024
2025-04-11,2025-04-18,0.0192,0.3421,7.9762,0.001,4.8439,-0.1665,0.011894,0.011191,0.011167
2025-04-11,2025-04-25,0.0383,0.1223,7.9733,1.4914,5.0,-0.0885,0.008073,0.00707,0.007067
2025-04-11,2025-05-02,0.0575,0.3564,8.0196,0.0001,2.2584,-0.0186,0.005712,0.007956,0.005612
2025-04-11,2025-05-30,0.1342,0.4983,7.9361,0.0242,2.7576,-0.1291,0.005511,0.005507,0.005943
2025-04-11,2025-06-27,0.2108,0.5433,7.908,0.089,2.3915,-0.0738,0.004436,0.004475,0.003311
2025-04-11,2025-09-26,0.46,0.7836,8.0091,0.1168,0.0044,-0.0035,0.005394,0.003465,0.003482
2025-04-18,2025-06-27,0.1916,0.5216,7.9566,0.0001,1.8172,-0.0072,0.003458,0.003524,0.003524
2025-04-18,2025-05-09,0.0575,0.098,7.9171,0.8338,5.0,-0.1998,0.00657,0.005545,0.005546
2025-04-18,2025-05-30,0.115,0.3111,7.9571,0.1046,1.922,0.0119,0.002471,0.005424,0.002953
2025-04-18,2025-04-25,0.0192,0.1489,7.9781,0.6969,5.0,0.1709,0.041981,0.021306,0.01234
2025-04-18,2025-05-02,0.0383,0.1633,7.9589,0.5252,5.0,-0.1093,0.00999,0.00568,0.006341
2025-04-25,2025-05-02,0.0192,0.2103,7.9711,0.306,5.0,0.0516,0.033931,0.014342,0.010943
2025-04-25,2025-05-09,0.0383,0.0221,7.958,1.406,4.9356,0.0786,0.011792,0.009897,0.009792
2025-04-25,2025-05-16,0.0575,0.1393,7.9959,0.4349,1.2388,0.7261,0.01174,0.008201,0.008191
2025-04-25,2025-05-30,0.0958,0.3431,7.921,0.0044,2.5716,0.0522,0.007698,0.007584,0.007584
2025-04-25,2025-06-27,0.1725,0.4867,7.9446,0.0001,2.3668,0.0412,0.004927,0.004853,0.004853
2025-04-25,2025-07-25,0.2491,0.4235,7.9984,0.1184,1.0163,0.3401,0.001874,0.001903,0.001919
2025-04-25,2025-09-26,0.4216,0.3896,3.0063,0.1174,0.9614,0.1937,0.001962,0.001959,0.002348
2025-05-02,2025-09-26,0.4025,0.0888,3.0029,0.5077,0.9779,0.2408,0.003723,0.003859,0.003822
2025-05-02,2025-07-25,0.23,0.4234,7.9945,0.0856,1.0573,0.4131,0.003803,0.003791,0.003799
2025-05-02,2025-06-27,0.1533,0.3701,7.951,0.0764,1.8589,0.0904,0.003552,0.003231,0.003221
2025-05-02,2025-05-30,0.0767,0.0066,7.9203,0.8772,3.6367,0.1178,0.009586,0.009285,0.009285
2025-05-02,2025-05-16,0.0383,0.2659,7.9236,0.0962,4.9883,-0.1715,0.010728,0.009634,0.007078
2025-05-02,2025-05-09,0.0192,0.1422,3.1406,1.5536,5.0,0.2282,0.030955,0.018106,0.009748
2025-05-02,2025-05-23,0.0575,0.134,7.9912,0.4078,1.2919,0.8135,0.011254,0.008805,0.008714
2025-05-09,2025-05-16,0.0192,0.2238,7.9585,0.0001,5.0,0.186,0.028055,0.014621,0.013041
2025-05-09,2025-05-23,0.0383,0.206,7.9407,0.1823,3.1104,0.0708,0.004841,0.004284,0.004286
2025-05-09,2025-05-30,0.0575,0.0225,7.8927,1.0092,5.0,-0.0751,0.017603,0.015441,0.015441
2025-05-09,2025-06-27,0.1342,0.0212,7.899,0.5872,3.3204,0.0002,0.006542,0.005897,0.005897
2025-05-09,2025-07-25,0.2108,0.5181,7.9494,0.0001,1.8943,0.0348,0.002826,0.006105,0.002958
2025-05-09,2025-09-26,0.3833,0.2951,2.9149,0.2503,1.5967,0.0816,0.000819,0.00088,0.000843
2025-05-16,2025-07-25,0.1916,0.1099,3.0019,0.5106,0.9865,0.2524,0.003696,0.00152,0.001521
2025-05-16,2025-09-26,0.3641,0.0808,2.9949,0.4706,1.0256,0.1844,0.002271,0.002012,0.0019
2025-05-16,2025-06-27,0.115,0.0141,7.8789,0.5611,3.3401,0.0303,0.007441,0.006957,0.006957
2025-05-16,2025-05-23,0.0192,0.0344,3.2694,3.3173,5.0,0.2583,0.019849,0.012424,0.010722
2025-05-16,2025-05-30,0.0383,0.1919,7.9464,0.0819,2.8286,-0.0889,0.022026,0.006432,0.006451
2025-05-16,2025-06-06,0.0575,0.1005,7.9636,0.3199,1.3563,0.8113,0.010917,0.002635,0.002628
2025-05-23,2025-06-06,0.0383,0.2354,7.9551,0.1514,3.4185,0.0726,0.008162,0.006943,0.006943
2025-05-23,2025-06-13,0.0575,0.1473,8.0002,0.4639,1.1679,0.6232,0.010368,0.00537,0.004306
2025-05-23,2025-06-27,0.0958,0.3379,7.9367,0.0233,2.3283,-0.0454,0.011277,0.01083,0.01083
2025-05-23,2025-07-25,0.1725,0.4694,7.9486,0.0001,1.7926,0.0348,0.003171,0.003249,0.003249
2025-05-23,2025-09-26,0.345,0.105,2.997,0.486,0.3894,0.3759,0.002591,0.002459,0.001575
2025-05-30,2025-06-06,0.0192,0.2716,8.0004,0.0899,1.0012,-0.5004,0.106795,0.021712,0.008605
2025-05-30,2025-06-13,0.0383,0.0037,7.8384,1.3862,5.0,-0.1178,0.010948,0.008313,0.005461
2025-05-30,2025-06-20,0.0575,0.2914,7.884,0.0503,3.8918,-0.3035,0.007661,0.007277,0.007298
2025-05-30,2025-06-27,0.0767,0.011,7.8871,0.8128,3.5902,-0.0476,0.009551,0.009109,0.009109
2025-05-30,2025-07-25,0.1533,0.2063,2.9318,0.3179,1.6417,-0.0619,0.003379,0.003291,0.003292
2025-05-30,2025-08-29,0.2491,0.1016,2.9987,0.4916,0.3576,0.3427,0.005732,0.005644,0.005649
2025-05-30,2025-09-26,0.3258,0.0914,2.9978,0.4882,1.0109,-0.0274,0.003894,0.002145,0.002146
2025-06-06,2025-08-29,0.23,0.0924,2.9964,0.4842,1.0234,0.0876,0.003984,0.00402,0.004034
2025-06-06,2025-07-25,0.1342,0.1751,2.9828,0.3138,1.7468,-0.0376,0.00525,0.005178,0.005166
2025-06-06,2025-09-26,0.3066,0.4057,7.9982,0.0921,1.0216,0.153,0.00398,0.00455,0.003283
2025-06-06,2025-06-20,0.0383,0.0948,7.9392,0.6071,3.2697,-0.1071,0.009312,0.007852,0.018141
2025-06-06,2025-06-13,0.0192,0.1376,7.9691,0.0001,1.6928,0.9025,0.03699,0.015591,0.008343
2025-06-06,2025-06-27,0.0575,0.0323,7.8243,0.8096,5.0,-0.1405,0.02132,0.017131,0.017131
2025-06-13,2025-09-26,0.2875,0.5534,7.9372,0.0001,1.8405,-0.0372,0.002671,0.002351,0.002351
2025-06-13,2025-08-29,0.2108,0.156,2.961,0.3398,1.3429,-0.0876,0.002352,0.002393,0.002394
2025-06-13,2025-07-25,0.115,0.1703,2.9472,0.3067,1.7727,-0.1088,0.005455,0.005502,0.005467
2025-06-13,2025-06-20,0.0192,0.1899,7.9536,0.0001,5.0,-0.0571,0.022422,0.018492,0.01291
2025-06-13,2025-06-27,0.0383,0.0001,7.9057,1.2279,4.8736,-0.0217,0.014157,0.011714,0.006186
2025-06-13,2025-07-04,0.0575,0.0016,3.8376,1.9889,4.9881,-0.39,0.006809,0.006469,0.006459
2025-06-20,2025-06-27,0.0192,0.1295,8.1142,0.609,5.0,-0.1019,0.038751,0.026302,0.026298
2025-06-20,2025-07-04,0.0383,0.0019,7.9175,1.1199,4.9182,-0.1117,0.01022,0.007849,0.006196
2025-06-20,2025-07-25,0.0958,0.1533,2.9506,0.3127,1.7534,-0.2042,0.004906,0.004601,0.004882
2025-06-20,2025-08-29,0.1916,0.0602,3.0053,0.5431,0.0001,-0.2567,0.005165,0.002572,0.00138
2025-06-20,2025-09-26,0.2683,0.0316,3.0085,0.5449,0.9013,-0.0229,0.001728,0.000792,0.00081
2025-06-20,2025-07-11,0.0575,0.0008,3.0894,1.9097,3.1138,-0.1993,0.006508,0.005067,0.007673
2025-06-27,2025-07-04,0.0192,0.1198,7.6809,0.0001,1.0266,0.5568,0.069573,0.024487,0.007937
2025-06-27,2025-07-11,0.0383,0.1188,2.9596,0.2965,2.5983,-0.108,0.004057,0.003147,0.003771
2025-06-27,2025-07-18,0.0575,0.1341,2.9291,0.2208,2.5071,-0.1549,0.007101,0.005362,0.007597
2025-06-27,2025-07-25,0.0767,0.1274,2.9514,0.3017,1.8405,-0.0844,0.005663,0.004968,0.00496
2025-06-27,2025-08-29,0.1725,0.0491,3.0204,0.5473,0.9135,0.067,0.002437,0.002264,0.002225
2025-06-27,2025-09-26,0.2491,0.128,1.006,0.5112,0.2113,0.1818,0.005112,0.005647,0.001678
2025-07-04,2025-12-26,0.4791,0.1084,1.0008,0.5022,0.3,0.3001,0.002089,0.001402,0.001445
2025-07-04,2025-09-26,0.23,0.1997,2.9309,0.1824,1.6212,-0.0995,0.003826,0.003967,0.003967
2025-07-04,2025-08-29,0.1533,0.0804,2.9954,0.4751,1.0434,0.1112,0.004839,0.004086,0.003976
2025-07-04,2025-07-18,0.0383,0.1251,2.9343,0.1958,3.1993,-0.1364,0.005381,0.003567,0.003541
2025-07-04,2025-07-11,0.0192,0.0086,3.4075,3.5679,5.0,0.3863,0.052259,0.024729,0.007396
2025-07-04,2025-07-25,0.0575,0.0001,3.0097,1.8253,4.1893,-0.1654,0.009756,0.007501,0.0066
2025-07-11,2025-09-26,0.2108,0.1848,2.9157,0.2134,1.5597,-0.0114,0.00683,0.006324,0.006326
2025-07-11,2025-08-29,0.1342,0.1234,2.9654,0.349,1.377,-0.0059,0.004225,0.00424,0.00424
2025-07-11,2025-12-26,0.46,0.3867,8.004,0.1338,0.0917,0.015,0.008311,0.003323,0.003324
2025-07-11,2025-07-25,0.0383,0.0714,7.9184,0.6903,4.3307,-0.1852,0.023617,0.021405,0.021405
2025-07-11,2025-07-18,0.0192,0.1093,7.9469,0.7074,5.0,0.0097,0.025073,0.020847,0.020847
2025-07-11,2025-08-01,0.0575,0.1212,2.9749,0.406,1.7481,0.0222,0.005122,0.004828,0.004929
2025-07-18,2025-07-25,0.0192,0.2246,3.0004,0.5034,1.0044,-0.4958,0.099188,0.027127,0.023286
2025-07-18,2025-08-01,0.0383,0.0888,7.9374,0.5976,3.9564,0.1077,0.012522,0.012066,0.036079
2025-07-18,2025-08-08,0.0575,0.1336,2.9701,0.4371,2.399,0.0069,0.008668,0.007576,0.007246
2025-07-18,2025-08-29,0.115,0.1389,2.9501,0.2726,1.6491,0.0805,0.00535,0.005196,0.005196
2025-07-18,2025-09-26,0.1916,0.1213,2.9593,0.3189,1.3221,0.1495,0.006564,0.006338,0.0043
2025-07-18,2025-12-26,0.4408,0.3947,8.0022,0.1181,0.2163,0.1572,0.008495,0.001987,0.001987
2025-07-25,2025-09-26,0.1725,0.1481,2.9489,0.3987,1.8215,-0.1471,0.004788,0.00412,0.004121
2025-07-25,2025-10-31,0.2683,0.1894,2.8883,0.2734,1.453,-0.0764,0.00271,0.002744,0.002713
2025-07-25,2025-08-29,0.0958,0.0051,2.9717,1.4194,3.6517,-0.2256,0.009554,0.00818,0.008181
2025-07-25,2025-12-26,0.4216,0.3932,8.0042,0.1406,0.1167,0.0842,0.006264,0.00302,0.00302
2025-07-25,2025-08-08,0.0383,0.0813,7.9252,0.7773,5.0,-0.2078,0.011643,0.007853,0.007815
2025-07-25,2025-08-01,0.0192,0.1165,7.9606,0.8508,5.0,0.2134,0.03986,0.02013,0.007808
2025-07-25,2025-08-15,0.0575,0.1986,2.9135,0.2196,3.4358,-0.34,0.004479,0.00486,0.015785
2025-08-01,2025-08-08,0.0192,0.0528,7.9712,1.1782,5.0,0.0732,0.024188,0.014109,0.011496
2025-08-01,2025-08-15,0.0383,0.0695,2.991,0.4611,1.4053,0.857,0.026131,0.009809,0.006428
2025-08-01,2025-08-22,0.0575,0.1356,2.9202,0.1881,2.5978,-0.1808,0.00863,0.007601,0.007585
2025-08-01,2025-08-29,0.0767,0.0006,2.9556,1.3921,2.973,-0.2066,0.006787,0.005353,0.005093
2025-08-01,2025-09-26,0.1533,0.1603,2.9218,0.2214,1.7715,-0.1809,0.007537,0.00524,0.00524
2025-08-01,2025-10-31,0.2491,0.0311,3.0182,0.5319,0.9311,-0.0378,0.001939,0.001937,0.00197
2025-08-01,2025-12-26,0.4025,0.4098,7.9989,0.1165,0.329,-0.3347,0.005379,0.001849,0.001849
2025-08-08,2025-12-26,0.3833,0.6483,7.9264,0.0005,1.8398,-0.0443,0.003003,0.002903,0.002903
2025-08-08,2025-10-31,0.23,0.1055,1.0002,0.5006,0.3001,0.3001,0.002512,0.001801,0.001537
2025-08-08,2025-09-26,0.1342,0.1135,0.9773,0.4737,1.1762,-0.1049,0.003764,0.003321,0.004424
2025-08-08,2025-08-22,0.0383,0.0872,0.9911,0.0715,1.6131,0.3832,0.023269,0.008799,0.005905
2025-08-08,2025-08-15,0.0192,0.045,3.3592,2.174,5.0,-0.1499,0.027176,0.019965,0.019965
2025-08-08,2025-08-29,0.0575,0.0001,1.8325,2.2338,3.4266,-0.1802,0.006571,0.004766,0.00469
2025-08-15,2025-08-22,0.0192,0.2377,8.0,0.0873,0.9989,-0.475,0.143158,0.019147,0.01182
2025-08-15,2025-08-29,0.0383,0.0141,3.1172,2.1207,5.0,-0.3123,0.012084,0.008913,0.005761
2025-08-15,2025-09-05,0.0575,0.1245,0.945,0.4238,2.1967,-0.2652,0.008157,0.006968,0.006532
2025-08-15,2025-09-26,0.115,0.0017,1.5995,1.6891,2.617,-0.2683,0.006113,0.005327,0.005327
2025-08-15,2025-10-31,0.2108,0.1067,0.9978,0.4973,0.3541,-0.17,0.007716,0.008026,0.004322
2025-08-15,2025-12-26,0.3641,0.3944,7.9999,0.0857,1.0028,-0.0717,0.003839,0.00207,0.002074
2025-08-22,2025-10-31,0.1916,0.1024,1.0039,0.5059,0.9783,-0.0874,0.003621,0.002662,0.00265
2025-08-22,2025-09-26,0.0958,0.127,0.9127,0.3872,2.0294,-0.145,0.006127,0.005462,0.005459
2025-08-22,2025-12-26,0.345,0.1327,0.9466,0.4479,0.9415,-0.1324,0.001701,0.005087,0.001714
2025-08-22,2025-09-05,0.0383,0.1541,0.9505,0.4623,4.4679,-0.3876,0.021865,0.014323,0.01145
2025-08-22,2025-08-29,0.0192,0.2559,8.0004,0.0887,1.0001,-0.4977,0.12858,0.028195,0.02523
2025-08-22,2025-09-12,0.0575,0.1573,2.9094,0.104,3.0236,-0.4218,0.008646,0.008225,0.008368
2025-08-29,2025-12-26,0.3258,0.1525,0.9748,0.4368,1.1432,-0.2177,0.001316,0.001082,0.001083
2025-08-29,2025-10-31,0.1725,0.112,1.0138,0.5208,0.0001,0.0381,0.008841,0.005188,0.005188
2025-08-29,2025-09-26,0.0767,0.164,2.9392,0.2388,2.5566,-0.2861,0.01457,0.01127,0.01127
2025-08-29,2025-11-28,0.2491,0.1571,0.9552,0.4405,1.3561,-0.2767,0.003904,0.003624,0.003625
2025-08-29,2025-09-12,0.0383,0.1886,2.941,0.3726,5.0,-0.4843,0.014429,0.007505,0.00455
2025-08-29,2025-09-05,0.0192,0.0001,3.5042,3.5792,3.905,0.423,0.04331,0.027185,0.013312
2025-08-29,2025-09-19,0.0575,0.1617,2.9321,0.2151,2.5968,-0.3478,0.008553,0.007389,0.00715
2025-09-05,2025-09-12,0.0192,0.0264,8.0328,1.7751,5.0,-0.1148,0.032964,0.019455,0.011578
2025-09-05,2025-09-19,0.0383,0.1275,2.974,0.3925,1.9069,-0.2288,0.006252,0.005995,0.006029
2025-09-05,2025-09-26,0.0575,0.0945,7.9278,0.5752,5.0,-0.472,0.010505,0.007724,0.007711
2025-09-05,2025-10-31,0.1533,0.1285,0.9796,0.472,1.1348,-0.3091,0.004602,0.004268,0.003608
2025-09-05,2025-11-28,0.23,0.1455,0.963,0.4689,1.4599,-0.2073,0.009051,0.007675,0.007675
2025-09-05,2025-12-26,0.3066,0.1455,0.9335,0.4661,1.1509,-0.1733,0.003323,0.002565,0.002565
2025-09-12,2025-11-28,0.2108,0.0981,0.9999,0.4998,0.3,0.0,0.005042,0.002047,0.00205
2025-09-12,2025-10-31,0.1342,0.1138,0.9708,0.4584,1.285,-0.2262,0.002792,0.002215,0.00225
2025-09-12,2025-12-26,0.2875,0.1301,0.9586,0.4454,0.9966,-0.1462,0.001224,0.001137,0.001157
2025-09-12,2025-09-26,0.0383,0.0012,3.1323,2.0974,5.0,-0.1897,0.014868,0.009715,0.009721
2025-09-12,2025-09-19,0.0192,0.0002,3.4078,3.5907,4.9724,-0.1952,0.01726,0.016428,0.015558
2025-09-12,2025-10-03,0.0575,0.1033,0.968,0.4487,1.6993,-0.1776,0.003979,0.003639,0.003793
2025-09-19,2025-10-03,0.0383,0.1013,0.98,0.0339,2.178,-0.1475,0.004317,0.003982,0.003655
2025-09-19,2025-10-10,0.0575,0.1183,0.9689,0.0039,2.2857,-0.2112,0.003987,0.002774,0.003094
2025-09-19,2025-10-31,0.115,0.1155,0.9358,0.4122,1.6997,-0.2274,0.005394,0.004176,0.004038
2025-09-19,2025-11-28,0.1916,0.1197,0.9554,0.4347,1.3132,-0.1652,0.002082,0.001968,0.001973
2025-09-19,2025-12-26,0.2683,0.0983,0.9942,0.4917,0.4019,0.1925,0.003341,0.002447,0.000312
2025-09-26,2025-12-26,0.2491,0.1577,0.9555,0.457,1.3495,-0.295,0.003005,0.002313,0.002333
2025-09-26,2025-11-28,0.1725,0.2059,2.9042,0.0841,1.8747,-0.3166,0.004588,0.003278,0.003279
2025-09-26,2025-10-31,0.0958,0.1414,0.919,0.3892,2.0894,-0.3257,0.005839,0.004471,0.004471
2025-09-26,2025-10-17,0.0575,0.1375,2.9393,0.1967,2.4178,-0.3336,0.004562,0.00406,0.005851
2025-09-26,2025-10-03,0.0192,0.0341,3.4593,2.8159,5.0,-0.2214,0.01764,0.014041,0.009795
2025-09-26,2025-10-10,0.0383,0.0001,2.4146,3.1227,5.0,-0.2991,0.016451,0.012557,0.006835
2025-10-03,2025-10-10,0.0192,0.0598,7.9407,0.9804,4.7871,-0.1451,0.017593,0.017921,0.017921
2025-10-03,2025-10-17,0.0383,0.125,2.9455,0.2847,2.6305,-0.0609,0.009226,0.017017,0.008591
2025-10-03,2025-10-24,0.0575,0.1249,2.9452,0.2635,2.1849,-0.037,0.004673,0.00439,0.004663
2025-10-03,2025-10-31,0.0767,0.14,2.9331,0.2204,2.1965,-0.0917,0.009171,0.007882,0.00687
2025-10-03,2025-11-28,0.1533,0.1774,2.9684,0.1402,1.7982,-0.1619,0.00593,0.005793,0.005793
2025-10-03,2025-12-26,0.23,0.1509,0.9927,0.4824,1.3907,-0.1553,0.00254,0.002303,0.002309
2025-10-03,2026-03-27,0.4791,0.1551,1.0304,0.4282,1.1033,-0.1345,0.001777,0.001696,0.001697
2025-10-10,2025-12-26,0.2108,0.5307,7.9346,0.0001,1.9986,-0.4716,0.021069,0.021159,0.021142
2025-10-10,2025-11-28,0.1342,0.177,2.9398,0.3865,1.8505,-0.3742,0.022739,0.02294,0.022939
2025-10-10,2026-03-27,0.46,0.3745,8.0098,0.1363,0.0071,-0.0129,0.011894,0.007053,0.007039
2025-10-10,2025-10-24,0.0383,0.1311,8.0033,0.5328,0.0001,0.0193,0.078511,0.051563,0.051563
2025-10-10,2025-10-31,0.0575,0.3778,7.9599,0.0875,3.145,-0.6048,0.048769,0.049391,0.049252
2025-10-10,2025-10-17,0.0192,0.3148,7.9979,0.0418,1.6248,-0.999,0.140013,0.081817,0.058361
2025-10-17,2025-10-24,0.0192,0.2928,7.864,0.0001,4.1463,-0.2424,0.056453,0.033949,0.021053
2025-10-17,2025-10-31,0.0383,0.342,8.004,0.0001,5.0,-0.3389,0.016738,0.013725,0.01168
2025-10-17,2025-11-07,0.0575,0.1446,8.0025,0.5429,0.0001,0.0004,0.031206,0.004388,0.004348
2025-10-17,2025-11-28,0.115,0.3911,7.9394,0.0001,2.588,-0.2733,0.004937,0.004938,0.00467
2025-10-17,2025-12-26,0.1916,0.5181,7.9473,0.0154,2.222,-0.3218,0.004939,0.004779,0.00488
2025-10-17,2026-03-27,0.4408,0.341,3.025,0.1268,0.9262,-0.1606,0.002581,0.003141,0.003125
2025-10-24,2025-12-26,0.1725,0.1911,2.9759,0.3645,1.7933,-0.2542,0.003573,0.003279,0.003283
2025-10-24,2026-03-27,0.4216,0.3253,3.0103,0.1119,0.9261,-0.2069,0.001823,0.001814,0.001306
2025-10-24,2025-11-28,0.0958,0.3131,7.8843,0.0024,2.6245,-0.2752,0.004562,0.004999,0.004344
2025-10-24,2025-11-07,0.0383,0.1361,7.9965,0.4617,0.79,-0.7964,0.011767,0.006114,0.005928
2025-10-24,2025-11-14,0.0575,0.1024,8.0002,0.5045,0.9962,-0.4421,0.008389,0.008472,0.006268
2025-10-31,2025-11-07,0.0192,0.1161,7.9983,0.9415,5.0,-0.2606,0.033757,0.030891,0.024498
2025-10-31,2025-11-14,0.0383,0.1828,7.9011,0.3796,5.0,-0.4111,0.02825,0.027323,0.026514
2025-10-31,2025-11-21,0.0575,0.2413,7.9537,0.0222,2.5893,-0.3506,0.004452,0.004247,0.004049
2025-10-31,2025-11-28,0.0767,0.0001,7.865,0.8111,4.7934,-0.2794,0.022416,0.022859,0.020556
2025-10-31,2025-12-26,0.1533,0.0268,3.1047,1.09,3.0879,-0.4482,0.061292,0.060828,0.060828
2025-10-31,2026-01-30,0.2491,0.2588,2.8913,0.1942,1.7771,-0.2618,0.001717,0.001348,0.001355
2025-10-31,2026-03-27,0.4025,0.4304,2.9802,0.0001,1.4165,-0.2177,0.000605,0.000594,0.000594
2025-11-07,2025-12-26,0.1342,0.0182,8.4996,0.5677,3.5237,-0.3509,0.021698,0.021635,0.021634
2025-11-07,2026-01-30,0.23,0.0657,3.0099,0.541,0.0001,-0.2711,0.005097,0.002155,0.002171
2025-11-07,2026-03-27,0.3833,0.3755,8.0083,0.1389,0.0017,0.0081,0.006953,0.002104,0.002108
2025-11-07,2025-11-28,0.0575,0.1765,7.8755,0.5018,5.0,-0.3312,0.014765,0.013953,0.013953
2025-11-07,2025-11-14,0.0192,0.3368,0.1,0.0001,5.0,-0.4842,0.158249,0.149545,0.159921
2025-11-07,2025-11-21,0.0383,0.2937,7.7936,0.0001,5.0,-0.4203,0.015958,0.009054,0.00904
2025-11-14,2025-11-21,0.0192,0.2822,7.9736,0.0001,5.0,0.0186,0.043794,0.02867,0.024304
2025-11-14,2025-11-28,0.0383,0.2057,7.9088,0.519,5.0,-0.2368,0.019594,0.015223,0.012856
2025-11-14,2025-12-05,0.0575,0.0022,7.869,1.2816,5.0,-0.3221,0.011789,0.010485,0.010316
2025-11-14,2025-12-26,0.115,0.3865,7.9327,0.0001,2.3612,-0.3012,0.013992,0.013745,0.013745
2025-11-14,2026-01-30,0.2108,0.5114,7.9656,0.0001,1.7702,-0.2333,0.005738,0.005629,0.005683
2025-11-14,2026-03-27,0.3641,0.2116,2.9474,0.3385,1.378,-0.2673,0.002819,0.002796,0.002801
2025-11-21,2026-03-27,0.345,0.414,2.995,0.084,0.4749,-0.6065,0.004388,0.002922,0.002922
2025-11-21,2026-01-30,0.1916,0.097,8.0,0.4992,0.9988,-0.467,0.008223,0.014728,0.006327
2025-11-21,2025-12-26,0.0958,0.5301,7.9823,0.0019,2.9163,-0.3772,0.009155,0.009105,0.009104
2025-11-21,2025-12-05,0.0383,0.4881,7.9397,0.0001,5.0,-0.3549,0.024004,0.022739,0.022739
2025-11-21,2025-11-28,0.0192,0.4628,0.1,0.0001,5.0,-0.1313,0.052507,0.030346,0.025539
2025-11-21,2025-12-12,0.0575,0.5137,7.8995,0.0001,4.5503,-0.3775,0.010672,0.010721,0.010746
2025-11-28,2025-12-05,0.0192,0.1062,7.9608,1.2757,5.0,0.0137,0.039316,0.019273,0.008809
2025-11-28,2025-12-12,0.0383,0.2703,7.9411,0.0603,3.972,-0.2733,0.008761,0.007475,0.007719
2025-11-28,2025-12-19,0.0575,0.2915,7.9292,0.0604,2.9885,-0.2633,0.009733,0.003866,0.003631
2025-11-28,2025-12-26,0.0767,0.0133,7.786,1.0032,4.9091,-0.3184,0.010783,0.009662,0.009658
2025-11-28,2026-01-30,0.1725,0.1144,3.0101,0.5472,0.0001,-0.0137,0.014965,0.004515,0.004302
2025-11-28,2026-02-27,0.2491,0.1141,2.9964,0.487,0.4112,-0.5651,0.006315,0.003293,0.003215
2025-11-28,2026-03-27,0.3258,0.2009,2.9551,0.3527,1.3606,-0.3078,0.003424,0.003408,0.003411
2025-12-05,2026-02-27,0.23,0.1088,2.9948,0.477,0.4522,-0.5913,0.006417,0.00247,0.002359
2025-12-05,2026-03-27,0.3066,0.0819,3.0017,0.5059,0.9805,-0.4035,0.002919,0.000791,0.000786
2025-12-05,2026-01-30,0.1533,0.4376,7.9485,0.0066,2.2822,-0.4113,0.004528,0.004189,0.00419
2025-12-05,2025-12-12,0.0192,0.2618,7.9982,0.0631,1.4913,0.1016,0.029159,0.008986,0.006561
2025-12-05,2025-12-19,0.0383,0.17,8.0781,0.8764,4.8228,-0.3686,0.011156,0.008914,0.008792
2025-12-05,2025-12-26,0.0575,0.0025,8.113,1.2629,4.8701,-0.3712,0.006554,0.005788,0.005456
2025-12-12,2025-12-19,0.0192,0.2371,7.9962,0.0001,5.0,-0.3587,0.017296,0.016055,0.009933
2025-12-12,2025-12-26,0.0383,0.1226,7.9131,0.7266,5.0,-0.2473,0.014512,0.011209,0.011189
2025-12-12,2026-01-02,0.0575,0.0925,7.9999,0.4981,0.3001,-0.5001,0.007802,0.002399,0.002486
2025-12-12,2026-01-30,0.1342,0.2105,2.9423,0.2601,1.8931,-0.3925,0.003293,0.002601,0.002601
2025-12-12,2026-02-27,0.2108,0.0865,3.0025,0.5117,0.9804,-0.3215,0.004049,0.002538,0.002587
2025-12-12,2026-03-27,0.2875,0.6004,7.9111,0.0047,2.341,-0.3161,0.001538,0.001548,0.001548
2025-12-19,2026-03-27,0.2683,0.3599,8.005,0.1112,0.9412,-0.2782,0.003049,0.00072,0.000743
2025-12-19,2026-02-27,0.1916,0.1133,2.9971,0.4922,0.3861,-0.5458,0.004686,0.002004,0.001968
2025-12-19,2026-01-30,0.115,0.3673,7.9359,0.0001,2.4559,-0.3132,0.003638,0.00352,0.003649
2025-12-19,2026-01-02,0.0383,0.1243,7.9609,0.8313,5.0,-0.261,0.007657,0.005693,0.005413
2025-12-19,2026-01-09,0.0575,0.1053,8.0031,0.5393,0.0001,0.0028,0.009561,0.004341,0.005077
2025-12-26,2026-01-02,0.0192,0.1482,7.9707,0.0001,1.5769,0.999,0.038274,0.015856,0.007351
2025-12-26,2026-01-09,0.0383,0.0029,7.8981,1.2771,4.8986,-0.3313,0.005205,0.005066,0.004266
2025-12-26,2026-01-16,0.0575,0.2168,7.988,0.0001,2.1551,-0.2759,0.005557,0.009095,0.005337
2025-12-26,2026-01-30,0.0958,0.0001,6.1484,0.7855,3.5595,-0.2656,0.005139,0.004161,0.004157
2025-12-26,2026-02-27,0.1725,0.1698,2.9905,0.2756,1.5316,-0.2773,0.003769,0.003742,0.003799
2025-12-26,2026-03-27,0.2491,0.2109,2.9397,0.1977,1.575,-0.2811,0.001721,0.001815,0.001806
2026-01-02,2026-03-27,0.23,0.1192,2.9886,0.3903,1.2135,-0.1678,0.001992,0.002006,0.001913
2026-01-02,2026-06-26,0.4791,0.3269,3.0104,0.1069,0.9328,-0.2116,0.001145,0.001063,0.001121
2026-01-02,2026-02-27,0.1533,0.1804,2.9247,0.277,1.6553,-0.2032,0.002324,0.002183,0.002307
2026-01-02,2026-01-09,0.0192,0.1837,7.9422,0.1961,5.0,-0.0123,0.011568,0.041346,0.011753
2026-01-02,2026-01-23,0.0575,0.0898,7.9973,0.4678,1.0716,0.2412,0.006664,0.00705,0.007139
2026-01-02,2026-01-16,0.0383,0.1747,7.9671,0.1866,2.7401,0.013,0.004402,0.003492,0.002493
2026-01-02,2026-01-30,0.0767,0.0059,7.9104,0.7584,3.6703,-0.1499,0.003885,0.002981,0.00296
2026-01-09,2026-03-27,0.2108,0.1448,2.9508,0.335,1.3424,-0.1924,0.007163,0.007162,0.007162
2026-01-09,2026-02-27,0.1342,0.1567,2.9635,0.3739,1.8384,-0.2444,0.002926,0.002835,0.002838
2026-01-09,2026-06-26,0.46,0.3397,3.0077,0.0944,0.9601,-0.2927,0.002593,0.002599,0.001955
2026-01-09,2026-01-23,0.0383,0.0078,7.9533,1.1968,4.8152,-0.2855,0.005087,0.005022,0.004499
2026-01-09,2026-01-16,0.0192,0.1121,7.9758,0.8423,5.0,-0.3158,0.011359,0.009135,0.008042
2026-01-09,2026-01-30,0.0575,0.0034,8.0221,0.8909,4.2625,-0.2285,0.008855,0.007633,0.007633
2026-01-16,2026-01-23,0.0192,0.065,7.9634,1.1566,5.0,-0.2999,0.027411,0.02675,0.02601
2026-01-16,2026-01-30,0.0383,0.0012,7.9696,1.1438,4.831,-0.2656,0.011307,0.00956,0.008491
2026-01-16,2026-02-06,0.0575,0.1015,2.9986,0.4936,0.4113,0.3634,0.007644,0.003986,0.00395
2026-01-16,2026-02-27,0.115,0.1216,2.9695,0.397,1.6651,-0.2058,0.004418,0.004198,0.004225
2026-01-16,2026-03-27,0.1916,0.1428,2.9963,0.2907,1.4261,-0.2273,0.003132,0.002659,0.00266
2026-01-16,2026-06-26,0.4408,0.2544,8.0402,0.1768,0.2928,-0.9674,0.003006,0.002092,0.001952
2026-01-23,2026-03-27,0.1725,0.1141,1.0107,0.5175,0.0376,0.0794,0.009275,0.004298,0.00551
2026-01-23,2026-02-27,0.0958,0.1641,2.9168,0.1381,2.1557,-0.3063,0.006014,0.00504,0.00504
2026-01-23,2026-06-26,0.4216,0.4201,7.9955,0.0998,0.449,-0.5942,0.003177,0.002498,0.002509
2026-01-23,2026-02-06,0.0383,0.1098,3.1458,1.2011,5.0,-0.4156,0.015591,0.01094,0.007829
2026-01-23,2026-02-13,0.0575,0.1459,2.9347,0.2215,2.4424,-0.2871,0.004716,0.004416,0.004658
2026-01-30,2026-02-06,0.0192,0.231,7.9843,0.0001,5.0,-0.2081,0.027674,0.017722,0.013209
2026-01-30,2026-02-13,0.0383,0.2863,7.9204,0.0001,5.0,-0.4796,0.01748,0.012458,0.012391
2026-01-30,2026-02-20,0.0575,0.2634,7.9353,0.0001,2.9249,-0.4488,0.007486,0.007322,0.007599
2026-01-30,2026-02-27,0.0767,0.2613,7.9365,0.0019,2.7069,-0.3234,0.006017,0.006359,0.00459
2026-01-30,2026-03-27,0.1533,0.203,2.9282,0.1989,1.8826,-0.3586,0.005552,0.005217,0.005217
2026-01-30,2026-04-24,0.23,0.2095,2.9344,0.1985,1.5828,-0.3158,0.003163,0.003088,0.003112
2026-01-30,2026-06-26,0.4025,0.616,7.9391,0.0828,2.4122,-0.3253,0.002206,0.002204,0.002219
2026-02-06,2026-06-26,0.3833,0.3468,1.0534,0.1511,0.5079,-0.999,0.008394,0.009058,0.008907
2026-02-06,2026-04-24,0.2108,0.4622,2.9776,0.0469,1.4813,-0.8127,0.022851,0.022698,0.022699
2026-02-06,2026-03-27,0.1342,0.0333,3.2561,2.2295,3.1813,-0.7516,0.01919,0.018452,0.018452
2026-02-06,2026-02-27,0.0575,0.6843,2.8565,0.0001,5.0,-0.7175,0.038988,0.040033,0.036608
2026-02-06,2026-02-13,0.0192,0.7567,7.988,0.0001,5.0,-0.5646,0.050976,0.028059,0.027649
2026-02-06,2026-02-20,0.0383,0.7739,7.9299,0.0001,5.0,-0.6765,0.027102,0.028148,0.029629
2026-02-13,2026-02-20,0.0192,0.2976,7.9836,0.0001,5.0,-0.1246,0.057172,0.036414,0.01961
2026-02-13,2026-02-27,0.0383,0.3599,7.9526,0.0816,5.0,-0.4405,0.016725,0.012897,0.012299
2026-02-13,2026-03-06,0.0575,0.1619,8.0032,0.5448,0.0001,0.0237,0.02897,0.006321,0.006321
2026-02-13,2026-03-27,0.115,0.4401,7.9274,0.0022,2.4194,-0.4651,0.003096,0.003126,0.002789
2026-02-13,2026-04-24,0.1916,0.5107,7.9541,0.0012,2.0224,-0.3813,0.005849,0.005713,0.005714
2026-02-13,2026-06-26,0.3641,0.2549,2.9368,0.3102,1.4977,-0.4066,0.001212,0.000989,0.000993
2026-02-20,2026-06-26,0.345,0.0836,3.0056,0.5061,0.9853,-0.3351,0.001701,0.00157,0.001584
2026-02-20,2026-04-24,0.1725,0.4749,7.937,0.0388,2.6275,-0.3423,0.00193,0.001981,0.001885
2026-02-20,2026-03-27,0.0958,0.2381,8.0473,0.3582,3.3104,-0.346,0.004737,0.004773,0.00472
2026-02-20,2026-03-06,0.0383,0.354,7.926,0.0001,5.0,-0.3994,0.006633,0.004596,0.004596
2026-02-20,2026-02-27,0.0192,0.3079,7.9817,0.0231,5.0,0.0187,0.052985,0.029191,0.009943
2026-02-20,2026-03-13,0.0575,0.3456,7.9415,0.0054,3.3351,-0.3543,0.003357,0.002661,0.002017
2026-02-27,2026-03-06,0.0192,0.3028,7.9768,0.0001,5.0,-0.2893,0.022651,0.013981,0.008068
2026-02-27,2026-03-13,0.0383,0.3248,7.9559,0.0628,4.4515,-0.3596,0.007277,0.005586,0.004638
2026-02-27,2026-03-20,0.0575,0.0953,7.7774,1.1615,5.0,-0.4245,0.005757,0.005351,0.005432
2026-02-27,2026-03-27,0.0767,0.2202,7.9355,0.5613,5.0,-0.3676,0.009479,0.007325,0.004942
2026-02-27,2026-04-24,0.1533,0.4609,7.9485,0.0224,2.4238,-0.3926,0.004195,0.004371,0.004194
2026-02-27,2026-05-29,0.2491,0.5951,7.9679,0.0297,2.4967,-0.3158,0.002849,0.002818,0.00282
2026-02-27,2026-06-26,0.3258,0.095,3.0034,0.5127,0.9809,-0.3881,0.003965,0.002927,0.002929
2026-03-06,2026-06-26,0.3066,0.4551,2.9613,0.0001,1.4604,-0.3344,0.001859,0.001937,0.001937
2026-03-06,2026-05-29,0.23,0.4177,7.9999,0.1228,0.2582,-0.999,0.003709,0.002387,0.002953
2026-03-06,2026-04-24,0.1342,0.0985,8.0022,0.5214,0.1695,-0.9726,0.005881,0.005517,0.001667
2026-03-06,2026-03-20,0.0383,0.3564,7.9955,0.0485,1.4649,-0.3741,0.018762,0.00409,0.00409
2026-03-06,2026-03-27,0.0575,0.4234,7.9584,0.0045,3.3075,-0.3768,0.007117,0.007201,0.007022
2026-03-13,2026-05-29,0.2108,0.5882,7.9822,0.0228,1.9815,-0.3606,0.004431,0.00434,0.004343
2026-03-13,2026-03-20,0.0192,0.3306,7.9669,0.0001,5.0,-0.2648,0.01227,0.010245,0.009737
2026-03-13,2026-03-27,0.0383,0.2333,7.9573,0.8853,5.0,-0.36,0.009189,0.007093,0.00704
2026-03-13,2026-04-03,0.0575,0.3642,7.9703,0.0036,2.7011,-0.3535,0.001324,0.001309,0.001709
2026-03-13,2026-04-24,0.115,0.0724,7.9369,0.7174,3.4539,-0.3419,0.003412,0.003058,0.003059
2026-03-13,2026-06-26,0.2875,0.444,2.9544,0.0001,1.6534,-0.2729,0.001842,0.001745,0.001749
