date,expiry,T,F,sabr_rmse,js_rmse,js_alpha,js_rho,js_nu,js_lam,js_muJ,js_delta,improvement,improvement_winsorised
2024-01-05,2024-01-12,0.0192,43985.51,0.00917,0.020779,0.8071,0.0799,3.2814,0.0555,0.5726,0.184,-126.6,-126.6
2024-01-05,2024-01-19,0.0383,43921.86,0.00524,0.004021,0.7003,-0.8866,1.1235,1.5724,0.2639,0.3531,23.25,23.25
2024-01-05,2024-01-26,0.0575,43399.08,0.022274,0.01813,0.5864,0.999,1.0609,0.9744,-0.5268,0.1518,18.61,18.61
2024-01-05,2024-02-23,0.1342,43486.12,0.002666,0.002619,0.6136,0.3039,0.7477,1.9978,-0.0371,0.2592,1.73,1.73
2024-01-05,2024-03-29,0.23,43726.51,0.003469,0.003469,0.5929,-0.0026,1.1941,1.9689,-0.0267,0.2385,-0.0,-0.0
2024-01-05,2024-06-28,0.4791,43813.22,0.002923,0.003956,0.6134,0.1345,0.6253,1.9935,-0.0232,0.2591,-35.35,-35.35
2024-01-12,2024-06-28,0.46,43321.9,0.001979,0.001972,0.5624,0.001,0.4796,1.9941,-0.1097,0.2367,0.39,0.39
2024-01-12,2024-02-23,0.115,43295.04,0.006228,0.006184,0.5051,-0.1532,1.7918,1.9876,-0.1558,0.2278,0.71,0.71
2024-01-12,2024-03-29,0.2108,43595.1,0.004702,0.004673,0.5263,-0.2174,1.3286,1.9785,0.0538,0.2653,0.61,0.61
2024-01-12,2024-01-26,0.0383,43036.14,0.029692,0.0141,0.4477,-0.2185,3.8459,5.2382,-0.1685,0.1267,52.51,50.0
2024-01-12,2024-01-19,0.0192,42012.29,0.016769,0.009337,0.5748,-0.522,4.432,0.0266,0.321,0.4088,44.32,44.32
2024-01-12,2024-02-02,0.0575,43673.13,0.008556,0.008556,0.5169,-0.3043,2.9529,0.0001,0.1642,0.3137,-0.0,-0.0
2024-01-19,2024-01-26,0.0192,41290.73,0.014263,0.008417,0.4323,-0.3108,5.0,0.1305,0.2548,0.2558,40.99,40.99
2024-01-19,2024-02-02,0.0383,42081.51,0.009464,0.006976,0.3451,0.8909,2.3596,0.5172,-1.6483,0.016,26.28,26.28
2024-01-19,2024-02-09,0.0575,41177.17,0.005035,0.004509,0.3745,0.0717,2.436,0.4974,-0.4987,0.1811,10.45,10.45
2024-01-19,2024-02-23,0.0958,40943.47,0.005907,0.005426,0.4528,-0.567,1.5805,0.4181,0.2477,0.3979,8.15,8.15
2024-01-19,2024-03-29,0.1916,40312.01,0.003487,0.003502,0.4566,-0.3804,1.5257,0.4215,0.2461,0.3572,-0.43,-0.43
2024-01-19,2024-04-26,0.2683,40329.47,0.005185,0.004837,0.4821,-0.2156,0.7038,0.5048,0.1758,0.3219,6.71,6.71
2024-01-19,2024-06-28,0.4408,40376.9,0.002299,0.001873,0.5077,-0.0307,0.6934,1.9995,-0.0806,0.1529,18.56,18.56
2024-01-26,2024-04-26,0.2491,41182.24,0.003805,0.003834,0.4623,0.049,0.6718,0.5044,-0.1527,0.2844,-0.77,-0.77
2024-01-26,2024-06-28,0.4216,41184.4,0.00273,0.002782,0.5005,0.299,0.299,0.4998,0.0981,0.2994,-1.91,-1.91
2024-01-26,2024-03-29,0.1725,41970.72,0.013766,0.002883,0.4173,-0.1695,1.8379,0.5094,0.1361,0.3501,79.06,50.0
2024-01-26,2024-02-02,0.0192,39991.78,0.019385,0.017434,0.3894,-0.228,3.4588,0.1397,0.2046,0.3328,10.07,10.07
2024-01-26,2024-02-16,0.0575,40173.0,0.005691,0.0056,0.3878,-0.1082,2.5629,0.4615,-0.1533,0.2712,1.59,1.59
2024-01-26,2024-02-09,0.0383,39939.37,0.009852,0.009758,0.3897,-0.201,3.4215,0.391,-0.5359,0.9461,0.96,0.96
2024-01-26,2024-02-23,0.0767,40091.5,0.009851,0.005208,0.2959,0.4921,2.1001,3.8904,-0.2478,0.3676,47.14,47.14
2024-02-02,2024-02-09,0.0192,42865.15,0.007218,0.003873,0.3571,-0.0403,4.0378,0.0641,0.2378,0.3307,46.35,46.35
2024-02-02,2024-02-16,0.0383,43067.65,0.006726,0.006585,0.3642,0.0593,3.5687,0.3976,-0.1142,0.2704,2.08,2.08
2024-02-02,2024-02-23,0.0575,42811.94,0.007292,0.007347,0.3695,-0.0402,3.3294,0.0235,-0.4269,0.146,-0.76,-0.76
2024-02-02,2024-03-29,0.1533,43009.91,0.004865,0.004925,0.4199,-0.0564,1.7965,0.4718,0.0333,0.3344,-1.23,-1.23
2024-02-02,2024-04-26,0.23,42938.17,0.002609,0.002329,0.4556,0.2316,0.7628,0.5065,-0.1502,0.2854,10.72,10.72
2024-02-09,2024-02-16,0.0192,46804.8,0.019478,0.019479,0.3969,0.0368,5.0,0.0001,-0.1152,0.1915,-0.0,-0.0
2024-02-09,2024-02-23,0.0383,47278.62,0.018838,0.018839,0.4049,0.1126,3.8695,0.4019,-0.0481,0.2918,-0.01,-0.01
2024-02-09,2024-03-01,0.0575,46227.38,0.003349,0.00332,0.4125,0.1058,2.594,0.3282,-0.1314,0.2603,0.86,0.86
2024-02-09,2024-03-29,0.1342,47492.79,0.011828,0.011828,0.4302,0.0822,2.1065,0.4645,-0.0469,0.3062,-0.0,-0.0
2024-02-09,2024-04-26,0.2108,46815.74,0.00547,0.005457,0.4813,0.3736,0.8499,0.226,-0.0171,0.1266,0.24,0.24
2024-02-09,2024-06-28,0.3833,47450.13,0.007354,0.00735,0.5151,0.3815,0.8166,1.9951,-0.0183,0.265,0.06,0.06
2024-02-16,2024-04-26,0.1916,52138.31,0.002914,0.002657,0.5622,0.2704,1.1499,1.9853,-0.0216,0.2671,8.83,8.83
2024-02-16,2024-03-29,0.115,51873.87,0.009996,0.009996,0.5103,0.1405,2.0958,1.9985,-0.0494,0.3141,0.0,0.0
2024-02-16,2024-06-28,0.3641,52382.13,0.00507,0.005049,0.5902,0.2754,0.7129,1.9961,-0.0392,0.2587,0.42,0.42
2024-02-16,2024-03-01,0.0383,51901.95,0.005626,0.008017,0.4807,-0.9939,1.2637,2.9708,0.132,0.3119,-42.49,-42.49
2024-02-16,2024-02-23,0.0192,51719.03,0.040425,0.040426,0.4828,-0.0721,5.0,0.0001,-0.1835,0.147,-0.0,-0.0
2024-02-16,2024-03-08,0.0575,51783.05,0.007097,0.007687,0.4648,0.304,0.7033,2.0004,0.1466,0.3139,-8.32,-8.32
2024-02-23,2024-05-31,0.2683,50963.88,0.002613,0.002819,0.5642,0.2928,0.6964,1.9998,0.0896,0.2968,-7.9,-7.9
2024-02-23,2024-04-26,0.1725,50991.69,0.005328,0.005328,0.5528,0.0109,1.4541,1.9965,-0.0338,0.2613,-0.0,-0.0
2024-02-23,2024-03-29,0.0958,51088.28,0.006919,0.00692,0.4909,0.0421,2.0267,0.4878,-0.0476,0.3127,-0.0,-0.0
2024-02-23,2024-06-28,0.345,50999.45,0.004961,0.004926,0.5878,0.2508,0.6638,1.9975,0.0173,0.2748,0.71,0.71
2024-02-23,2024-03-08,0.0383,50829.46,0.00838,0.005598,0.4676,-0.999,1.0361,1.7925,0.1817,0.164,33.2,33.2
2024-02-23,2024-03-01,0.0192,50740.42,0.009749,0.003082,0.472,-0.8451,0.944,0.8241,0.1741,0.3261,68.39,50.0
2024-02-23,2024-03-15,0.0575,50794.0,0.005933,0.004126,0.4836,-0.3612,1.3954,0.2631,0.3997,0.1897,30.45,30.45
2024-03-01,2024-03-08,0.0192,61667.39,0.02027,0.010972,0.6023,-0.125,4.301,0.1599,0.6579,0.4232,45.87,45.87
2024-03-01,2024-03-15,0.0383,61388.68,0.004909,0.005887,0.6062,-0.6989,1.2954,1.6714,0.2071,0.3307,-19.91,-19.91
2024-03-01,2024-03-22,0.0575,61513.39,0.003723,0.003803,0.6012,-0.4511,2.0213,1.586,0.2054,0.3321,-2.16,-2.16
2024-03-01,2024-03-29,0.0767,62629.53,0.011941,0.011941,0.6134,0.1493,1.9546,0.5067,-0.048,0.3173,-0.0,-0.0
2024-03-01,2024-04-26,0.1533,61959.95,0.004971,0.004987,0.6018,0.0428,1.5715,2.0109,0.0595,0.2953,-0.32,-0.32
2024-03-01,2024-05-31,0.2491,62958.85,0.004669,0.004495,0.6289,-0.1366,0.1314,2.0007,0.1829,0.3179,3.72,3.72
2024-03-01,2024-06-28,0.3258,60992.4,0.004703,0.004708,0.6211,0.0794,1.0389,1.996,-0.0244,0.16,-0.09,-0.09
2024-03-08,2024-05-31,0.23,68818.91,0.008851,0.008942,0.6675,0.2876,0.6954,1.9995,0.1024,0.2997,-1.03,-1.03
2024-03-08,2024-04-26,0.1342,69772.37,0.015579,0.015579,0.6597,0.0482,2.0383,1.9955,-0.0345,0.2581,-0.0,-0.0
2024-03-08,2024-06-28,0.3066,68539.22,0.009165,0.009165,0.6572,0.1053,1.287,0.4842,-0.0138,0.157,-0.0,-0.0
2024-03-08,2024-03-22,0.0383,67595.4,0.016946,0.016252,0.6394,-0.581,1.6076,2.9738,0.1903,0.326,4.1,4.1
2024-03-08,2024-03-29,0.0575,67452.46,0.039605,0.036173,0.6447,-0.2052,2.9145,0.4302,0.347,0.4227,8.66,8.66
2024-03-15,2024-03-22,0.0192,67272.89,0.016124,0.013376,0.7492,-0.3367,4.3047,0.1439,0.4971,0.3856,17.05,17.05
2024-03-15,2024-04-05,0.0575,68410.77,0.008694,0.0081,0.7062,-0.5482,2.2807,1.9892,0.1913,0.3112,6.83,6.83
2024-03-15,2024-04-26,0.115,67472.55,0.012311,0.012215,0.7153,-0.0601,1.808,1.9957,-0.156,0.2781,0.78,0.78
2024-03-15,2024-05-31,0.2108,67309.1,0.007643,0.007483,0.7561,0.0225,0.8756,1.9772,-0.0284,0.253,2.09,2.09
2024-03-15,2024-06-28,0.2875,67176.35,0.004493,0.004493,0.7486,0.0223,1.0965,1.9962,-0.0232,0.1605,-0.02,-0.02
2024-03-22,2024-05-31,0.1916,64882.37,0.004165,0.004221,0.7451,0.2581,0.6768,1.9971,0.0403,0.2792,-1.36,-1.36
2024-03-22,2024-04-12,0.0575,65772.49,0.010372,0.01943,0.6791,-0.1426,1.3381,2.0029,0.0896,0.2927,-87.33,-87.33
2024-03-22,2024-04-26,0.0958,64467.51,0.005685,0.005685,0.7225,0.0086,1.6005,1.9887,-0.0143,0.1563,-0.0,-0.0
2024-03-22,2024-04-05,0.0383,62835.66,0.007576,0.007335,0.6467,-0.1702,2.9268,2.0088,-0.1842,0.2251,3.18,3.18
2024-03-29,2024-04-05,0.0192,69838.82,0.021049,0.018878,0.5932,-0.2305,4.1192,0.0383,0.7503,0.4826,10.32,10.32
2024-03-29,2024-04-12,0.0383,69741.87,0.010178,0.010042,0.6221,-0.0083,2.3288,1.9867,-0.1658,0.2355,1.34,1.34
2024-03-29,2024-04-19,0.0575,69649.86,0.011476,0.009175,0.6739,-0.0901,1.6114,2.0008,-0.0195,0.2712,20.05,20.05
2024-03-29,2024-04-26,0.0767,69860.25,0.007578,0.007578,0.7108,-0.1191,2.0651,0.4488,-0.0484,0.3057,-0.0,-0.0
2024-03-29,2024-05-31,0.1725,69946.27,0.006465,0.006467,0.7406,0.1525,0.6186,1.9947,-0.1192,0.2329,-0.03,-0.03
2024-03-29,2024-06-28,0.2491,69552.25,0.006844,0.006661,0.7158,-0.0493,1.3319,1.9958,-0.2142,0.1286,2.68,2.68
2024-04-05,2024-04-12,0.0192,66621.1,0.018252,0.018398,0.631,-0.9978,1.3812,1.2255,0.1686,0.3541,-0.8,-0.8
2024-04-05,2024-04-19,0.0383,67417.8,0.007877,0.006057,0.6527,-0.8177,1.3109,1.7288,0.1948,0.323,23.1,23.1
2024-04-05,2024-04-26,0.0575,66916.57,0.006442,0.00642,0.6735,-0.0385,2.0323,2.0079,0.037,0.2824,0.34,0.34
2024-04-05,2024-05-31,0.1533,67911.08,0.005244,0.004146,0.7042,-0.3966,1.8802,1.9975,0.2142,0.3262,20.95,20.95
2024-04-12,2024-06-28,0.2108,66855.51,0.005729,0.005729,0.6927,0.0326,1.0616,1.9913,-0.0213,0.1578,0.0,0.0
2024-04-12,2024-05-31,0.1342,70395.99,0.007298,0.007584,0.6473,-0.4681,2.1005,1.9365,0.2174,0.2582,-3.91,-3.91
2024-04-12,2024-09-27,0.46,66005.86,0.005302,0.005304,0.7296,0.0823,0.6245,1.9963,0.0104,0.1661,-0.04,-0.04
2024-04-12,2024-04-26,0.0383,70755.93,0.010471,0.010471,0.6165,-0.0081,2.8597,0.3813,-0.0121,0.1534,-0.0,-0.0
2024-04-12,2024-04-19,0.0192,70666.51,0.013835,0.013585,0.5795,-0.0414,4.1957,0.0336,0.4465,0.2037,1.81,1.81
2024-04-12,2024-05-03,0.0575,67199.06,0.006523,0.006523,0.6319,-0.1139,2.0188,2.019,-0.0418,0.2788,-0.0,-0.0
2024-04-19,2024-06-28,0.1916,63694.9,0.005723,0.005408,0.6163,-0.108,1.9527,1.973,-0.2539,0.1791,5.49,5.49
2024-04-19,2024-05-31,0.115,65127.46,0.006431,0.00651,0.6549,-0.4201,2.2382,2.0088,0.1849,0.3308,-1.23,-1.23
2024-04-19,2024-09-27,0.4408,64235.32,0.003229,0.003125,0.716,0.0164,0.6137,1.9941,0.0689,0.1744,3.22,3.22
2024-04-19,2024-05-03,0.0383,61883.66,0.01036,0.010251,0.5791,0.4608,1.7485,1.9885,-0.486,0.1457,1.05,1.05
2024-04-19,2024-04-26,0.0192,63931.35,0.010941,0.009857,0.7165,-0.1987,4.2953,0.0226,1.0274,0.6354,9.91,9.91
2024-04-19,2024-05-10,0.0575,64625.27,0.015423,0.009076,0.6681,-0.1261,2.5849,1.9828,0.0241,0.2565,41.15,41.15
2024-04-26,2024-05-03,0.0192,63894.54,0.008806,0.007473,0.4736,-0.0798,4.1523,0.0244,0.5079,0.3831,15.14,15.14
2024-04-26,2024-05-10,0.0383,64004.75,0.006361,0.006252,0.4765,-0.8252,1.8787,2.2355,0.175,0.1616,1.72,1.72
2024-04-26,2024-05-17,0.0575,64042.6,0.007546,0.006679,0.4877,-0.7909,1.2627,1.7258,0.1646,0.3185,11.49,11.49
2024-04-26,2024-05-31,0.0958,63484.03,0.008618,0.008028,0.5167,-0.1508,2.2404,0.3641,-0.246,0.217,6.84,6.84
2024-04-26,2024-06-28,0.1725,63818.45,0.007371,0.006004,0.566,-0.0272,1.2079,1.9716,0.0006,0.2442,18.55,18.55
2024-04-26,2024-07-26,0.2491,63973.09,0.008455,0.008782,0.6008,0.0363,0.5221,1.9952,-0.0532,0.2517,-3.87,-3.87
2024-05-03,2024-06-28,0.1533,63025.95,0.005145,0.004739,0.5077,0.0142,1.9404,1.9864,-0.1058,0.1401,7.89,7.89
2024-05-03,2024-09-27,0.4025,59140.25,0.004129,0.003915,0.555,-0.1114,0.4146,1.9878,-0.2587,0.189,5.18,5.18
2024-05-03,2024-05-31,0.0767,61632.46,0.0038,0.003215,0.4497,0.0581,2.7701,1.7022,-0.2387,0.1928,15.41,15.41
2024-05-03,2024-07-26,0.23,59261.2,0.004877,0.004889,0.5421,0.1836,0.6256,1.9966,-0.067,0.2507,-0.25,-0.25
2024-05-03,2024-05-17,0.0383,62959.05,0.004904,0.007388,0.4945,-0.52,2.0441,1.6799,0.1776,0.2821,-50.64,-50.64
2024-05-03,2024-05-10,0.0192,60173.04,0.008737,0.008236,0.4935,-0.1885,4.2267,0.1305,0.2316,0.3222,5.73,5.73
2024-05-03,2024-05-24,0.0575,61929.12,0.005921,0.00425,0.4977,-0.6775,2.0534,1.5323,0.1896,0.3258,28.22,28.22
2024-05-10,2024-05-17,0.0192,60695.25,0.014523,0.011905,0.4601,-0.347,4.1157,0.1873,0.2099,0.3358,18.03,18.03
2024-05-10,2024-05-24,0.0383,60757.73,0.00665,0.005689,0.4653,-0.7802,0.8439,0.606,0.1841,0.3362,14.45,14.45
2024-05-10,2024-05-31,0.0575,60916.72,0.011078,0.011078,0.4789,-0.1127,2.6732,0.31,-0.0359,0.2698,-0.0,-0.0
2024-05-10,2024-06-28,0.1342,60381.91,0.005805,0.005806,0.515,-0.1071,1.6955,1.9641,-0.0291,0.2583,-0.01,-0.01
2024-05-10,2024-07-26,0.2108,60780.16,0.005735,0.005735,0.5422,0.21,0.638,1.9972,-0.0358,0.26,0.01,0.01
2024-05-10,2024-09-27,0.3833,60972.84,0.001952,0.001708,0.5789,0.0059,0.6868,1.9913,-0.0145,0.2596,12.51,12.51
2024-05-17,2024-07-26,0.1916,66877.07,0.0077,0.006284,0.5741,0.0937,1.271,2.0127,-0.0528,0.2673,18.39,18.39
2024-05-17,2024-06-28,0.115,67363.61,0.005789,0.005789,0.5342,0.0695,1.9086,1.9144,-0.0065,0.1097,-0.0,-0.0
2024-05-17,2024-06-07,0.0575,66537.84,0.007289,0.007438,0.4793,-0.9966,0.9225,1.8631,0.1784,0.3182,-2.04,-2.04
2024-05-17,2024-05-24,0.0192,65791.61,0.014943,0.014942,0.4449,-0.09,5.0,0.0039,0.2398,0.3387,0.01,0.01
2024-05-17,2024-05-31,0.0383,67392.33,0.00607,0.006766,0.4711,-0.4242,2.4665,1.2939,0.1904,0.3196,-11.46,-11.46
2024-05-24,2024-05-31,0.0192,69023.01,0.014823,0.014823,0.4114,0.0073,5.0,1.8653,-0.005,0.1026,-0.0,-0.0
2024-05-24,2024-06-07,0.0383,67042.95,0.013039,0.013011,0.4386,-0.1094,3.3099,0.4567,-0.5687,0.9829,0.21,0.21
2024-05-24,2024-06-14,0.0575,67265.98,0.008416,0.008414,0.4705,-0.001,2.1246,0.5043,-0.0702,0.311,0.03,0.03
2024-05-24,2024-06-28,0.0958,67182.48,0.003093,0.00302,0.5125,0.3464,0.7891,1.9965,-0.0086,0.1341,2.35,2.35
2024-05-24,2024-07-26,0.1725,67390.85,0.006445,0.006463,0.5345,0.2953,0.6969,1.9999,0.0912,0.2973,-0.27,-0.27
2024-05-24,2024-09-27,0.345,67847.65,0.004028,0.003805,0.5953,0.1094,0.836,1.997,-0.001,0.2697,5.53,5.53
2024-05-31,2024-07-26,0.1533,68385.48,0.003397,0.003383,0.5122,-0.0312,1.5295,1.99,-0.1031,0.2363,0.39,0.39
2024-05-31,2024-08-30,0.2491,66928.35,0.003353,0.003353,0.5598,0.184,0.6128,1.9963,-0.0392,0.2576,0.02,0.02
2024-05-31,2024-06-28,0.0767,67903.16,0.004343,0.004343,0.4809,-0.0695,1.9184,0.4752,-0.0486,0.3093,-0.01,-0.01
2024-05-31,2024-09-27,0.3258,67320.46,0.003189,0.003081,0.5821,0.0727,0.5778,1.9927,-0.1318,0.2287,3.38,3.38
2024-05-31,2024-06-14,0.0383,67722.21,0.00645,0.005098,0.4516,-0.8203,0.3003,0.3058,0.1781,0.4112,20.97,20.97
2024-05-31,2024-06-21,0.0575,66914.52,0.003605,0.003958,0.4602,-0.6983,0.3966,0.4704,0.1692,0.3922,-9.8,-9.8
2024-05-31,2024-06-07,0.0192,67261.63,0.014506,0.009901,0.4192,-0.1215,0.6264,0.1398,0.1997,0.3473,31.74,31.74
2024-06-07,2024-06-14,0.0192,68550.29,0.010793,0.008271,0.4385,0.7569,0.8946,0.1834,0.2018,0.3313,23.37,23.37
2024-06-07,2024-06-21,0.0383,69081.01,0.010317,0.010306,0.4556,0.1008,2.2192,0.4491,-0.1179,0.2825,0.1,0.1
2024-06-07,2024-06-28,0.0575,71203.12,0.017292,0.017292,0.4713,0.0204,2.6113,0.5427,-0.0517,0.322,0.0,0.0
2024-06-07,2024-07-26,0.1342,68998.07,0.005188,0.005147,0.5033,0.1212,1.3055,1.9863,-0.1286,0.2292,0.79,0.79
2024-06-07,2024-08-30,0.23,69326.89,0.004107,0.002941,0.531,0.0196,1.2945,2.0155,-0.1405,0.2481,28.39,28.39
2024-06-07,2024-09-27,0.3066,70176.88,0.005237,0.005237,0.5682,0.1387,0.9028,1.9974,-0.0135,0.1628,-0.0,-0.0
2024-06-14,2024-07-26,0.115,65314.9,0.006973,0.006974,0.4631,0.634,0.7598,0.5001,-0.0738,0.3079,-0.03,-0.03
2024-06-14,2024-09-27,0.2875,65705.89,0.00385,0.003842,0.5455,0.1858,0.6449,1.9971,-0.0297,0.2617,0.22,0.22
2024-06-14,2024-08-30,0.2108,66817.31,0.003582,0.003541,0.5147,0.2622,0.7193,1.9985,-0.023,0.1324,1.14,1.14
2024-06-14,2024-07-05,0.0575,65316.27,0.003429,0.00577,0.4253,0.9758,0.0001,0.4963,0.1743,0.3819,-68.26,-68.26
2024-06-14,2024-06-28,0.0383,66961.72,0.015493,0.015493,0.4051,-0.0898,3.7965,0.4697,-0.0448,0.2998,-0.0,-0.0
2024-06-14,2024-06-21,0.0192,66914.84,0.010978,0.013275,0.4006,-0.9988,0.7378,0.6514,0.1613,0.321,-20.92,-20.92
2024-06-21,2024-07-05,0.0383,63920.66,0.007126,0.003121,0.4131,-0.749,1.248,0.5194,0.198,0.3856,56.2,50.0
2024-06-21,2024-07-12,0.0575,63839.61,0.004077,0.004214,0.3902,0.1688,2.2152,0.4833,-0.4298,0.1999,-3.37,-3.37
2024-06-21,2024-07-26,0.0958,63890.27,0.002824,0.006631,0.447,-0.6756,0.2494,0.5332,0.2165,0.3945,-134.77,-134.77
2024-06-21,2024-08-30,0.1916,63620.06,0.004311,0.003412,0.4618,0.1186,1.3902,0.4162,-0.4578,0.1338,20.84,20.84
2024-06-21,2024-09-27,0.2683,63749.81,0.002838,0.002834,0.534,0.11,1.0284,1.9945,-0.0543,0.2558,0.16,0.16
2024-06-28,2024-08-30,0.1725,60212.27,0.004684,0.005106,0.4774,0.4716,0.5358,0.5009,-0.1066,0.298,-9.02,-9.02
2024-06-28,2024-09-27,0.2491,60545.57,0.006773,0.006774,0.5078,-0.0993,1.4427,1.999,-0.036,0.2688,-0.0,-0.0
2024-06-28,2024-07-26,0.0767,61592.29,0.005512,0.004018,0.3719,0.5327,1.3394,0.5457,-0.5774,0.1695,27.11,27.11
2024-06-28,2024-07-12,0.0383,60118.39,0.007604,0.004401,0.3901,-0.999,0.7867,0.808,0.1181,0.3651,42.13,42.13
2024-06-28,2024-07-05,0.0192,60217.24,0.01422,0.009454,0.3865,-0.999,0.0158,0.117,0.203,0.3373,33.51,33.51
2024-06-28,2024-07-19,0.0575,60134.35,0.006832,0.006852,0.3903,0.0309,2.0254,0.5041,-0.2289,0.2624,-0.29,-0.29
2024-07-05,2024-07-12,0.0192,56725.88,0.031475,0.029169,0.5169,-0.4654,5.0,1.3522,0.1901,0.1628,7.33,7.33
2024-07-05,2024-07-19,0.0383,56547.47,0.019542,0.02152,0.5161,-0.998,2.0286,1.6914,0.1519,0.3271,-10.12,-10.12
2024-07-05,2024-07-26,0.0575,55605.15,0.016415,0.016333,0.48,-0.257,2.2644,0.8605,0.1616,0.1484,0.5,0.5
2024-07-05,2024-08-30,0.1533,55640.96,0.007809,0.007837,0.4877,-0.2622,0.2727,0.505,0.1732,0.1608,-0.36,-0.36
2024-07-05,2024-09-27,0.23,55445.99,0.010647,0.010648,0.5126,0.0128,1.0577,1.9934,-0.0749,0.2485,-0.01,-0.01
2024-07-05,2024-12-27,0.4791,55317.06,0.004634,0.004629,0.5789,0.1536,0.6695,1.9968,-0.0364,0.2604,0.1,0.1
2024-07-12,2024-12-27,0.46,58171.3,0.002575,0.002582,0.5667,0.1616,0.5995,1.9958,-0.0791,0.2468,-0.26,-0.26
2024-07-12,2024-09-27,0.2108,58184.52,0.003533,0.002577,0.4932,0.1933,0.7129,0.4909,-0.0022,0.3282,27.05,27.05
2024-07-12,2024-08-30,0.1342,57455.89,0.004166,0.004168,0.4648,0.0708,0.7534,0.5012,-0.0975,0.3008,-0.03,-0.03
2024-07-12,2024-07-26,0.0383,57639.04,0.009691,0.009653,0.437,-0.2453,3.3795,0.2993,-0.1513,0.2695,0.4,0.4
2024-07-12,2024-07-19,0.0192,57064.49,0.017653,0.010678,0.4407,-0.4521,3.1041,0.2248,0.2034,0.3209,39.51,39.51
2024-07-12,2024-08-02,0.0575,57749.86,0.005002,0.005165,0.4375,-0.3013,2.108,0.5224,0.0817,0.3639,-3.25,-3.25
2024-07-19,2024-07-26,0.0192,67347.29,0.01323,0.0135,0.4964,0.2489,4.5234,0.084,0.2498,0.0265,-2.04,-2.04
2024-07-19,2024-08-02,0.0383,67077.32,0.011663,0.011808,0.5391,-0.6418,0.93,1.7532,0.2149,0.3374,-1.25,-1.25
2024-07-19,2024-08-09,0.0575,66467.81,0.010425,0.010232,0.549,-0.999,0.1289,0.6611,0.3102,0.3533,1.85,1.85
2024-07-19,2024-08-30,0.115,66421.53,0.009445,0.009445,0.5628,0.1945,1.3757,1.9885,-0.0426,0.2584,-0.0,-0.0
2024-07-19,2024-09-27,0.1916,66378.2,0.005213,0.005004,0.5238,0.1497,1.8707,1.9616,-0.1822,0.2049,4.0,4.0
2024-07-19,2024-11-08,0.3066,65323.52,0.002746,0.002755,0.5912,0.305,0.7051,2.0011,0.1325,0.3097,-0.32,-0.32
2024-07-19,2024-12-27,0.4408,66166.33,0.003418,0.003402,0.6044,0.1524,1.1182,1.993,-0.0804,0.2441,0.47,0.47
2024-07-26,2024-10-25,0.2491,67392.96,0.002425,0.002396,0.5936,0.2778,0.6862,1.9983,0.0515,0.2848,1.18,1.18
2024-07-26,2024-12-27,0.4216,67970.53,0.002508,0.002503,0.6258,0.1993,0.6585,1.9959,-0.0449,0.2565,0.18,0.18
2024-07-26,2024-09-27,0.1725,67465.01,0.003121,0.003121,0.5759,0.1555,1.4138,1.9933,-0.0145,0.1595,-0.01,-0.01
2024-07-26,2024-08-09,0.0383,67199.71,0.006637,0.008308,0.599,-0.8344,1.2334,2.6083,0.1969,0.3284,-25.17,-25.17
2024-07-26,2024-08-16,0.0575,66968.62,0.008011,0.007092,0.5879,-0.8695,0.8855,1.3465,0.2516,0.3393,11.47,11.47
2024-07-26,2024-08-02,0.0192,66968.52,0.007702,0.010515,0.6556,-0.2482,3.5618,2.1736,0.2097,0.314,-36.53,-36.53
2024-07-26,2024-08-30,0.0958,67836.62,0.005672,0.005735,0.5512,-0.0176,2.1458,1.9928,0.1026,0.2971,-1.12,-1.12
2024-08-02,2024-08-09,0.0192,61452.9,0.020328,0.016396,0.4677,-0.4203,4.7264,0.0021,1.1803,1.1678,19.34,19.34
2024-08-02,2024-08-16,0.0383,61851.22,0.013344,0.013023,0.4593,-0.8041,0.9222,0.4096,0.1989,0.3395,2.41,2.41
2024-08-02,2024-08-23,0.0575,63125.69,0.008842,0.007455,0.397,0.0743,2.1894,0.471,-0.6537,0.1378,15.69,15.69
2024-08-02,2024-08-30,0.0767,62916.45,0.010357,0.010387,0.4106,0.1108,1.8575,0.4715,-0.5554,0.1079,-0.29,-0.29
2024-08-02,2024-09-27,0.1533,62714.75,0.004781,0.00484,0.4477,0.0432,1.5842,0.3954,-0.4255,0.0699,-1.25,-1.25
2024-08-02,2024-10-25,0.23,64936.33,0.005608,0.005606,0.4894,-0.0431,1.4549,1.9965,0.0157,0.3326,0.02,0.02
2024-08-02,2024-11-08,0.2683,65211.54,0.002559,0.000965,0.5077,-0.1065,1.3617,1.9986,0.0794,0.293,62.27,50.0
2024-08-02,2024-12-27,0.4025,62323.21,0.003581,0.00311,0.5211,-0.0828,0.4465,1.9875,-0.2776,0.1842,13.15,13.15
2024-08-09,2024-12-27,0.3833,60321.2,0.003009,0.003004,0.5886,0.2241,0.6567,1.9982,-0.0004,0.2706,0.15,0.15
2024-08-09,2024-11-08,0.2491,60490.65,0.003806,0.002943,0.562,0.1025,1.063,1.9919,-0.0471,0.2521,22.68,22.68
2024-08-09,2024-10-25,0.2108,60400.49,0.007412,0.006924,0.5338,0.0964,1.229,1.9956,-0.0306,0.2596,6.58,6.58
2024-08-09,2024-08-16,0.0192,60959.49,0.014697,0.014703,0.5478,-0.1785,4.3204,0.015,0.1646,0.3217,-0.04,-0.04
2024-08-09,2024-08-30,0.0575,60199.75,0.009043,0.008952,0.5242,-0.164,2.3168,1.9261,-0.0752,0.0558,1.01,1.01
2024-08-09,2024-08-23,0.0383,61047.37,0.007297,0.007042,0.5201,-0.3656,3.1394,1.8505,0.0842,0.2938,3.5,3.5
2024-08-09,2024-09-27,0.1342,60096.8,0.009497,0.009497,0.5252,-0.0431,1.7109,2.0212,-0.041,0.2847,-0.0,-0.0
2024-08-16,2024-11-08,0.23,59638.22,0.003825,0.001602,0.5482,-0.3159,1.974,2.0025,0.1568,0.3186,58.1,50.0
2024-08-16,2024-12-27,0.3641,58467.91,0.001064,0.001084,0.6045,0.1529,0.6168,1.9947,-0.0602,0.2507,-1.85,-1.85
2024-08-16,2024-09-27,0.115,58447.47,0.007473,0.004153,0.493,-0.0737,1.8722,1.9585,-0.1596,0.2331,44.43,44.43
2024-08-16,2024-10-25,0.1916,58446.47,0.002565,0.00257,0.5328,0.228,0.6486,1.9989,0.0152,0.2757,-0.17,-0.17
2024-08-16,2024-08-30,0.0383,58218.34,0.014064,0.013265,0.4983,-0.1817,2.9687,0.0416,0.5355,0.4786,5.68,5.68
2024-08-16,2024-08-23,0.0192,59333.15,0.019132,0.019132,0.4804,-0.1068,5.0,0.433,-0.0452,0.3009,-0.0,-0.0
2024-08-16,2024-09-06,0.0575,58476.75,0.003126,0.002901,0.4907,-0.8961,1.4643,1.9336,0.1499,0.3136,7.22,7.22
2024-08-23,2024-12-27,0.345,63704.56,0.003168,0.00317,0.595,0.0142,1.2356,1.9661,-0.0091,0.241,-0.06,-0.06
2024-08-23,2024-10-25,0.1725,63653.45,0.005977,0.005805,0.5046,-0.4211,2.0374,1.9985,0.1506,0.3095,2.89,2.89
2024-08-23,2024-09-27,0.0958,62378.85,0.005294,0.005295,0.5097,-0.0912,1.8715,1.9888,-0.011,0.1577,-0.0,-0.0
2024-08-23,2024-11-08,0.2108,63695.34,0.003006,0.002997,0.5969,0.2584,0.6741,1.9965,-0.0091,0.2664,0.29,0.29
2024-08-23,2024-09-06,0.0383,61144.51,0.00739,0.005248,0.4806,-0.614,0.9681,0.5383,0.2055,0.3001,28.98,28.98
2024-08-23,2024-09-13,0.0575,61897.96,0.004858,0.004155,0.4971,-0.3956,0.6181,0.2823,0.2537,0.3429,14.47,14.47
2024-08-30,2024-11-29,0.2491,58159.74,0.001767,0.001769,0.5827,0.2008,0.6219,1.9957,-0.0699,0.2485,-0.12,-0.12
2024-08-30,2024-09-06,0.0192,58255.14,0.011927,0.005488,0.4548,-0.9623,0.4826,0.3334,0.19,0.3014,53.98,50.0
2024-08-30,2024-09-13,0.0383,58028.19,0.009032,0.009033,0.4543,-0.1662,3.2609,0.0001,-0.7702,0.0069,-0.0,-0.0
2024-08-30,2024-09-20,0.0575,58445.96,0.008305,0.008301,0.4783,-0.0826,2.412,0.5024,-0.0214,0.3255,0.05,0.05
2024-08-30,2024-09-27,0.0767,59083.85,0.003031,0.003256,0.4771,-0.3743,2.3704,0.4936,0.2203,0.3307,-7.45,-7.45
2024-08-30,2024-10-25,0.1533,58323.73,0.002192,0.00551,0.4973,0.0001,0.3006,1.9999,0.1011,0.3003,-151.35,-151.35
2024-08-30,2024-11-08,0.1916,58286.29,0.002498,0.002514,0.5763,0.2058,0.6337,1.9968,-0.0587,0.2525,-0.66,-0.66
2024-08-30,2024-12-27,0.3258,58510.74,0.002776,0.002159,0.599,-0.0177,0.889,1.9901,-0.0826,0.2397,22.23,22.23
2024-09-06,2024-12-27,0.3066,53465.65,0.003575,0.003585,0.6105,-0.0861,0.9732,1.9933,-0.0972,0.2408,-0.29,-0.29
2024-09-06,2024-11-08,0.1725,53533.3,0.004125,0.00412,0.6018,-0.1698,1.3581,1.9866,0.0647,0.2774,0.11,0.11
2024-09-06,2024-11-29,0.23,53523.71,0.005047,0.002957,0.6494,-0.6809,3.3894,2.0071,0.1629,0.3623,41.41,41.41
2024-09-06,2024-10-25,0.1342,53177.27,0.006421,0.004638,0.5648,-0.7264,2.0854,1.9497,0.1885,0.2883,27.76,27.76
2024-09-06,2024-09-20,0.0383,53055.39,0.010848,0.01088,0.559,-0.3451,3.347,1.8089,0.0586,0.2901,-0.3,-0.3
2024-09-06,2024-09-27,0.0575,52689.7,0.012223,0.011964,0.4398,0.3111,1.989,2.4547,-0.3345,0.2084,2.12,2.12
2024-09-06,2024-09-13,0.0192,53821.82,0.028822,0.028693,0.5955,-0.4133,5.0,0.0001,0.1802,0.3022,0.45,0.45
2024-09-13,2024-11-29,0.2108,59644.12,0.003583,0.003578,0.5898,0.1014,0.5792,1.9944,-0.0455,0.2533,0.14,0.14
2024-09-13,2024-11-08,0.1533,60075.2,0.002244,0.001493,0.5638,-0.1072,1.2395,1.9828,0.0874,0.2821,33.49,33.49
2024-09-13,2024-10-25,0.115,60189.72,0.002545,0.002488,0.4633,-0.0302,2.1579,1.979,-0.159,0.1098,2.25,2.25
2024-09-13,2024-12-27,0.2875,60056.0,0.002886,0.00172,0.5887,0.0227,0.9329,1.9939,-0.0146,0.2623,40.42,40.42
2024-09-13,2024-09-27,0.0383,57953.98,0.005672,0.004236,0.4959,-0.4069,1.9951,0.3706,0.236,0.3186,25.33,25.33
2024-09-13,2024-10-04,0.0575,59454.1,0.003548,0.003107,0.4748,-0.6811,1.7903,1.8141,0.1455,0.336,12.43,12.43
2024-09-20,2024-10-04,0.0383,62551.52,0.011256,0.010759,0.4812,-0.1057,0.4907,0.1822,0.2952,0.3618,4.41,4.41
2024-09-20,2024-10-11,0.0575,63456.8,0.005589,0.005589,0.4724,-0.0314,2.5352,0.0001,0.1996,0.2845,0.0,0.0
2024-09-20,2024-10-25,0.0958,63064.97,0.004479,0.004479,0.4977,-0.0531,1.7084,1.9767,-0.0141,0.1282,-0.02,-0.02
2024-09-20,2024-11-08,0.1342,63312.32,0.002407,0.002407,0.5706,-0.0497,1.2887,1.9964,-0.0352,0.2606,-0.0,-0.0
2024-09-20,2024-11-29,0.1916,63576.72,0.003178,0.003176,0.5638,-0.0041,1.2461,1.9995,0.0399,0.2825,0.06,0.06
2024-09-20,2024-12-27,0.2683,62691.93,0.006026,0.006027,0.5779,0.0892,0.945,1.993,-0.023,0.2602,-0.02,-0.02
2024-09-27,2024-12-27,0.2491,66433.11,0.007456,0.007455,0.5497,0.0462,1.2896,1.984,-0.0304,0.2508,0.01,0.01
2024-09-27,2024-11-29,0.1725,65275.57,0.003413,0.003157,0.5381,-0.5243,1.8369,1.959,0.1904,0.2819,7.5,7.5
2024-09-27,2024-10-25,0.0767,65526.52,0.005788,0.003859,0.453,0.3584,1.26,0.1854,-0.9815,0.0715,33.33,33.33
2024-09-27,2024-11-08,0.115,65702.26,0.006093,0.006093,0.5523,-0.0152,1.4409,2.0187,-0.0365,0.2787,0.0,0.0
2024-09-27,2024-10-11,0.0383,66056.58,0.006554,0.00652,0.4336,0.3348,1.9678,0.5034,-0.4582,0.1885,0.52,0.52
2024-09-27,2024-10-04,0.0192,65274.57,0.012241,0.012185,0.4199,-0.1804,4.9768,1.4623,0.0563,0.085,0.46,0.46
2024-09-27,2024-10-18,0.0575,66318.89,0.004463,0.004464,0.4624,0.1429,1.8433,0.5013,-0.03,0.3225,-0.02,-0.02
2024-10-04,2024-10-11,0.0192,62344.73,0.009644,0.00883,0.4697,-0.4684,0.5749,0.4214,0.1674,0.3195,8.44,8.44
2024-10-04,2024-10-18,0.0383,60855.27,0.008528,0.008677,0.43,0.0758,2.3882,0.4987,-0.4032,0.2035,-1.74,-1.74
2024-10-04,2024-10-25,0.0575,61274.96,0.005319,0.005359,0.4658,-0.0133,2.1958,0.512,-0.1925,0.278,-0.75,-0.75
2024-10-04,2024-11-08,0.0958,62285.93,0.004297,0.003305,0.5525,0.0518,1.337,1.9756,-0.0672,0.2342,23.07,23.07
2024-10-04,2024-11-29,0.1533,61998.59,0.004141,0.004136,0.5542,0.2599,0.6732,1.9984,0.0119,0.2739,0.11,0.11
2024-10-04,2024-12-27,0.23,62209.54,0.002884,0.002861,0.5572,0.2523,0.6671,1.9977,0.0028,0.271,0.79,0.79
2024-10-11,2024-12-27,0.2108,63023.26,0.004284,0.003598,0.4869,-0.4446,2.3369,1.963,0.1835,0.2817,16.0,16.0
2024-10-11,2024-11-29,0.1342,60563.54,0.005363,0.005364,0.5205,-0.0273,1.603,2.0099,-0.0396,0.2722,-0.0,-0.0
2024-10-11,2024-11-08,0.0767,62975.98,0.003307,0.006613,0.5022,0.3009,0.7019,2.0001,0.112,0.3036,-99.93,-99.93
2024-10-11,2024-11-01,0.0575,63322.01,0.002166,0.002335,0.4047,0.7851,1.4404,0.5146,-0.5303,0.2197,-7.8,-7.8
2024-10-11,2024-10-18,0.0192,60678.52,0.007985,0.010545,0.4133,-0.7926,0.9848,0.4118,0.1819,0.1641,-32.06,-32.06
2024-10-11,2024-10-25,0.0383,63189.36,0.008397,0.008398,0.4213,-0.0055,3.1708,0.0001,0.2588,0.397,-0.01,-0.01
2024-10-18,2024-10-25,0.0192,67970.5,0.027371,0.020648,0.3925,0.367,3.8339,0.4405,-0.3775,0.1968,24.56,24.56
2024-10-18,2024-11-01,0.0383,68523.94,0.007804,0.007804,0.4312,0.0419,3.1233,0.3949,-0.0406,0.2866,-0.0,-0.0
2024-10-18,2024-11-08,0.0575,68963.81,0.004213,0.004213,0.5302,0.1306,2.2378,1.8197,-0.0405,0.2516,-0.01,-0.01
2024-10-18,2024-11-29,0.115,68952.57,0.007679,0.007679,0.5221,0.0339,1.8061,2.0046,-0.0133,0.1671,-0.0,-0.0
2024-10-18,2024-12-27,0.1916,68848.49,0.003767,0.003767,0.5324,0.0821,1.3191,2.0024,-0.0131,0.1636,-0.0,-0.0
2024-10-25,2025-03-28,0.4216,67802.95,0.001184,0.001189,0.5306,0.0931,0.7842,1.9962,-0.0495,0.156,-0.45,-0.45
2024-10-25,2025-01-31,0.2683,68215.07,0.003937,0.003531,0.5142,-0.0413,0.1352,1.9962,0.1528,0.3068,10.3,10.3
2024-10-25,2024-12-27,0.1725,67911.56,0.003126,0.002688,0.5287,0.2411,0.9363,1.9813,-0.0177,0.265,14.0,14.0
2024-10-25,2024-11-15,0.0575,67057.99,0.005044,0.004764,0.5254,-0.55,0.7965,1.78,0.1649,0.3178,5.56,5.56
2024-10-25,2024-11-08,0.0383,68162.97,0.007462,0.007462,0.5647,0.0987,2.4455,1.7721,-0.0343,0.2606,-0.0,-0.0
2024-10-25,2024-11-29,0.0958,67617.2,0.004755,0.004766,0.5248,0.0179,1.6433,2.0285,0.0444,0.3109,-0.23,-0.23
2024-10-25,2024-11-01,0.0192,67069.78,0.015757,0.014625,0.3709,-0.2452,5.0,2.384,0.0569,0.2627,7.18,7.18
2024-11-01,2024-11-08,0.0192,69481.18,0.010796,0.010796,0.6815,-0.0954,4.0565,0.0001,0.1991,0.1477,-0.0,-0.0
2024-11-01,2024-11-15,0.0383,69246.91,0.137885,0.113212,0.3801,0.999,2.9252,1.3692,-2.0,0.0007,17.89,17.89
2024-11-01,2024-11-22,0.0575,69433.27,0.006229,0.00688,0.5712,0.2968,0.6991,2.0001,0.0978,0.2992,-10.46,-10.46
2024-11-01,2024-11-29,0.0767,69863.52,0.004524,0.004533,0.5723,0.0939,1.551,2.0075,-0.0561,0.264,-0.21,-0.21
2024-11-01,2024-12-27,0.1533,69445.62,0.005696,0.004919,0.5293,-0.0125,1.2238,1.9961,0.0573,0.2829,13.63,13.63
2024-11-01,2025-01-31,0.2491,69044.3,0.004571,0.00232,0.3932,0.177,1.8016,2.0094,-0.3259,0.1939,49.24,49.24
2024-11-01,2025-03-28,0.4025,69774.49,0.003465,0.00342,0.4934,-0.388,1.8123,1.9799,0.1581,0.293,1.29,1.29
2024-11-08,2024-11-29,0.0575,75945.02,0.013848,0.013848,0.4784,0.0477,1.8339,0.4749,-0.048,0.3093,-0.0,-0.0
2024-11-08,2025-01-31,0.23,75862.27,0.005623,0.005636,0.5026,0.2615,0.674,1.9998,-0.0976,0.1504,-0.23,-0.23
2024-11-08,2024-12-27,0.1342,75908.71,0.005267,0.005267,0.5053,0.0277,1.2515,1.9613,-0.0337,0.2584,-0.0,-0.0
2024-11-08,2024-11-22,0.0383,76310.8,0.011092,0.011099,0.4706,0.0032,2.2646,1.0576,0.0863,0.1443,-0.07,-0.07
2024-11-08,2024-11-15,0.0192,76613.02,0.022592,0.022592,0.4398,0.0521,4.1031,2.2596,-0.0176,0.1874,0.0,0.0
2024-11-15,2024-12-06,0.0575,88152.05,0.011471,0.011771,0.545,0.2966,0.6991,1.9998,0.0942,0.2983,-2.62,-2.62
2024-11-15,2024-12-27,0.115,88979.31,0.009371,0.009371,0.5418,-0.0407,2.026,1.9886,-0.0141,0.1567,-0.0,-0.0
2024-11-15,2025-01-31,0.2108,89222.55,0.009564,0.005719,0.5141,-0.7633,3.8718,3.8196,0.1871,0.2686,40.21,40.21
2024-11-15,2025-03-28,0.3641,89624.29,0.001227,0.001244,0.527,-0.1535,1.3366,1.9778,0.09,0.2718,-1.33,-1.33
2024-11-22,2024-12-06,0.0383,98925.5,0.013271,0.013271,0.5762,0.046,3.478,0.4078,-0.0078,0.1251,0.0,0.0
2024-11-22,2025-03-28,0.345,99140.99,0.002573,0.002573,0.5827,0.1196,1.0875,1.9963,-0.0112,0.1621,-0.01,-0.01
2024-11-22,2025-01-31,0.1916,98378.52,0.007116,0.007116,0.5812,0.0943,1.4779,1.9946,-0.0345,0.2605,-0.0,-0.0
2024-11-22,2024-12-13,0.0575,98178.1,0.005342,0.005301,0.5537,-0.1061,3.2329,2.0181,0.0692,0.3141,0.77,0.77
2024-11-22,2024-12-27,0.0958,99491.27,0.011751,0.011751,0.5743,0.0682,2.0126,0.4166,-0.0431,0.2947,0.0,0.0
2024-11-29,2025-02-28,0.2491,95695.15,0.004445,0.004442,0.5571,0.0465,1.1719,1.9998,-0.0321,0.2646,0.07,0.07
2024-11-29,2025-01-31,0.1725,98299.06,0.003288,0.003288,0.5552,0.1412,1.1975,2.0013,-0.0304,0.2661,-0.0,-0.0
2024-11-29,2024-12-27,0.0767,97266.31,0.011299,0.011299,0.5254,0.0293,2.2503,0.4299,-0.0436,0.2952,-0.0,-0.0
2024-11-29,2025-03-28,0.3258,98456.83,0.002893,0.002895,0.5628,0.1153,0.9663,1.9914,-0.0566,0.2518,-0.05,-0.05
2024-11-29,2024-12-13,0.0383,97221.15,0.007891,0.007891,0.5,0.0161,3.3474,0.5834,-0.0512,0.3212,0.0,0.0
2024-11-29,2024-12-20,0.0575,95853.81,0.007232,0.00707,0.5089,-0.0417,2.85,0.8014,-0.1266,0.1789,2.24,2.24
2024-12-06,2024-12-13,0.0192,98285.59,0.026373,0.026373,0.5379,-0.2005,5.0,1.4494,-0.0001,0.0099,-0.0,-0.0
2024-12-06,2024-12-20,0.0383,98444.75,0.021937,0.01543,0.531,-0.999,0.7034,1.5022,0.1936,0.3286,29.66,29.66
2024-12-06,2024-12-27,0.0575,98135.54,0.014188,0.014188,0.5395,-0.0384,2.7977,0.4267,-0.0467,0.2984,-0.0,-0.0
2024-12-06,2025-01-31,0.1533,98394.88,0.009145,0.008664,0.5332,-0.4609,2.4128,1.9642,0.1978,0.2883,5.26,5.26
2024-12-06,2025-02-28,0.23,98542.25,0.004779,0.004576,0.5589,0.2904,0.6938,1.9997,0.0849,0.2954,4.25,4.25
2024-12-06,2025-03-28,0.3066,99048.78,0.004074,0.00213,0.6546,-0.7936,2.2808,1.8931,0.3067,0.1588,47.73,47.73
2024-12-13,2025-01-31,0.1342,99963.27,0.002896,0.002891,0.5613,0.0233,1.6176,2.0022,-0.0965,0.2488,0.16,0.16
2024-12-13,2025-02-28,0.2108,100023.26,0.00263,0.002686,0.5868,0.2598,0.6746,1.9978,0.0138,0.2738,-2.14,-2.14
2024-12-13,2025-03-28,0.2875,101872.94,0.001857,0.001857,0.572,0.0023,1.3798,1.9901,-0.0156,0.1587,-0.01,-0.01
2024-12-13,2025-01-03,0.0575,100087.27,0.004496,0.005821,0.5174,-0.9966,0.7997,1.614,0.1946,0.3268,-29.46,-29.46
2024-12-13,2024-12-27,0.0383,100052.97,0.017717,0.017717,0.4994,-0.0563,3.6719,0.5956,-0.055,0.3327,-0.0,-0.0
2024-12-20,2025-01-03,0.0383,97315.85,0.014727,0.014092,0.5221,-0.6076,2.5089,2.2748,0.1621,0.3077,4.31,4.31
2024-12-20,2025-01-10,0.0575,97059.83,0.011966,0.011681,0.5193,-0.2371,3.2125,2.0397,0.0918,0.3561,2.38,2.38
2024-12-20,2025-01-31,0.115,96683.72,0.009903,0.009988,0.5818,0.2895,0.6945,1.9995,0.0751,0.2924,-0.85,-0.85
2024-12-20,2025-02-28,0.1916,95634.73,0.00666,0.00663,0.5981,0.2656,0.6766,1.9981,0.0266,0.2775,0.44,0.44
2024-12-20,2025-03-28,0.2683,96810.2,0.008241,0.008241,0.5936,0.0155,1.2741,1.9914,-0.0125,0.1595,-0.0,-0.0
2024-12-27,2025-03-28,0.2491,96434.71,0.005249,0.005249,0.5801,0.0334,1.4037,1.9734,-0.0115,0.1483,-0.0,-0.0
2024-12-27,2025-02-28,0.1725,94941.82,0.003322,0.003325,0.5522,-0.1882,2.1521,2.0101,0.1135,0.3111,-0.11,-0.11
2024-12-27,2025-01-31,0.0958,95187.18,0.006483,0.005523,0.5335,-0.3721,2.8632,2.0786,0.1332,0.3696,14.8,14.8
2024-12-27,2025-01-03,0.0192,95269.87,0.112409,0.107857,0.601,-0.9315,5.0,2.1339,0.0631,0.4594,4.05,4.05
2024-12-27,2025-01-10,0.0383,97177.75,0.011586,0.011586,0.5348,0.0087,3.1363,1.4258,-0.0301,0.2461,-0.0,-0.0
2024-12-27,2025-01-17,0.0575,95482.67,0.041593,0.041593,0.5497,-0.3183,4.0774,1.9937,-0.037,0.2671,-0.0,-0.0
2025-01-03,2025-02-28,0.1533,98885.29,0.005289,0.005804,0.5596,0.3081,0.7069,2.0014,0.143,0.313,-9.73,-9.73
2025-01-03,2025-03-28,0.23,96365.24,0.003047,0.003048,0.5881,0.152,1.2414,2.0253,-0.0492,0.2928,-0.02,-0.02
2025-01-03,2025-01-31,0.0767,98600.51,0.007595,0.007595,0.5448,0.0026,2.4889,0.3976,-0.0423,0.2918,-0.0,-0.0
2025-01-03,2025-06-27,0.4791,96957.79,0.005798,0.005403,0.6139,-0.0742,0.1129,1.9971,0.1646,0.3113,6.81,6.81
2025-01-03,2025-01-17,0.0383,96658.62,0.008024,0.011674,0.5002,-0.9497,0.915,1.759,0.1473,0.3142,-45.49,-45.49
2025-01-03,2025-01-24,0.0575,96300.12,0.006138,0.006092,0.5084,-0.1812,2.8355,1.9507,0.1048,0.2839,0.76,0.76
2025-01-10,2025-01-17,0.0192,94625.77,0.011712,0.007959,0.521,-0.2102,3.8886,0.0297,0.622,0.5234,32.05,32.05
2025-01-10,2025-01-24,0.0383,93105.47,0.00586,0.005854,0.5279,-0.6232,1.8055,1.5576,0.0908,0.4576,0.1,0.1
2025-01-10,2025-01-31,0.0575,93636.08,0.005674,0.005684,0.5425,-0.0695,2.3747,1.7522,-0.0692,0.2501,-0.16,-0.16
2025-01-10,2025-02-28,0.1342,95622.54,0.004199,0.003767,0.5504,0.071,1.4078,1.9882,-0.1359,0.2276,10.28,10.28
2025-01-10,2025-03-28,0.2108,94677.28,0.004303,0.004303,0.5713,0.1101,1.1492,1.9928,-0.0134,0.1594,-0.0,-0.0
2025-01-10,2025-06-27,0.46,94713.3,0.002956,0.002984,0.5682,0.0748,1.0738,1.9931,0.0112,0.2696,-0.94,-0.94
2025-01-17,2025-06-27,0.4408,102754.77,0.002812,0.002812,0.5841,0.0492,0.987,1.9941,-0.0303,0.259,-0.01,-0.01
2025-01-17,2025-03-28,0.1916,105672.48,0.004699,0.004699,0.585,0.0913,1.4372,1.99,-0.0123,0.1587,-0.0,-0.0
2025-01-17,2025-02-28,0.115,104967.63,0.004047,0.003904,0.5608,-0.3586,2.0577,2.0141,0.1785,0.3315,3.54,3.54
2025-01-17,2025-02-07,0.0575,104170.16,0.007879,0.005114,0.5903,-0.2943,0.2334,0.3846,0.3681,0.3859,35.09,35.09
2025-01-17,2025-01-24,0.0192,102021.5,0.01416,0.013577,0.5565,-0.0669,4.2259,2.0014,0.0942,0.2942,4.12,4.12
2025-01-24,2025-01-31,0.0192,105663.04,0.031719,0.026659,0.5151,0.3266,3.8112,0.2426,-0.7054,0.1333,15.95,15.95
2025-01-24,2025-02-07,0.0383,105109.03,0.007433,0.006993,0.5522,0.0495,2.3359,0.0526,0.6398,0.4609,5.91,5.91
2025-01-24,2025-02-14,0.0575,103182.63,0.005748,0.007816,0.5255,-0.3354,0.8017,1.7656,0.1687,0.3165,-35.98,-35.98
2025-01-24,2025-02-28,0.0958,104736.32,0.004426,0.005192,0.5337,0.3041,0.7036,2.001,0.1367,0.3112,-17.3,-17.3
2025-01-24,2025-03-28,0.1725,104975.6,0.003256,0.003257,0.5716,0.0725,1.3025,1.9929,-0.0293,0.2591,-0.02,-0.02
2025-01-24,2025-06-27,0.4216,104791.67,0.002705,0.001131,0.572,0.0697,0.948,1.994,-0.0797,0.2471,58.18,50.0
2025-01-31,2025-03-28,0.1533,105839.52,0.0043,0.004299,0.5324,0.0697,1.5045,1.9753,-0.0348,0.2599,0.01,0.01
2025-01-31,2025-04-25,0.23,102078.81,0.00216,0.002149,0.5459,0.2489,0.6599,1.998,0.0101,0.2732,0.52,0.52
2025-01-31,2025-02-28,0.0767,104282.0,0.004765,0.004765,0.5009,0.1058,1.7884,1.958,-0.0118,0.1346,-0.0,-0.0
2025-01-31,2025-06-27,0.4025,102372.56,0.002403,0.001994,0.5542,0.1175,0.7937,1.9959,-0.008,0.2663,17.02,17.02
2025-01-31,2025-02-14,0.0383,104361.47,0.003806,0.003446,0.4564,-0.999,0.6113,1.4318,0.1352,0.3703,9.44,9.44
2025-01-31,2025-02-07,0.0192,101707.76,0.008003,0.010201,0.4617,-0.5727,0.8792,0.2906,0.1828,0.3249,-27.46,-27.46
2025-01-31,2025-02-21,0.0575,101840.54,0.003116,0.003098,0.4854,-0.999,0.3467,0.5139,0.2755,0.1891,0.58,0.58
2025-02-07,2025-04-25,0.2108,95879.6,0.005211,0.0031,0.4765,-0.0595,1.8746,2.0019,-0.2072,0.2201,40.52,40.52
2025-02-07,2025-03-28,0.1342,95732.06,0.004911,0.004911,0.519,-0.1122,1.6111,0.3871,-0.0138,0.1492,-0.0,-0.0
2025-02-07,2025-06-27,0.3833,97368.29,0.002091,0.002094,0.5531,0.0351,0.89,1.9966,-0.0237,0.1605,-0.15,-0.15
2025-02-07,2025-02-21,0.0383,97127.76,0.007836,0.007674,0.4403,-0.0279,2.7113,0.5647,-0.3832,0.2237,2.07,2.07
2025-02-07,2025-02-14,0.0192,95805.56,0.012676,0.01134,0.4596,0.2601,0.5463,0.0645,0.2798,0.3648,10.54,10.54
2025-02-07,2025-02-28,0.0575,98921.22,0.00471,0.004704,0.4819,-0.1397,2.5457,0.2387,0.1082,0.1449,0.11,0.11
2025-02-14,2025-02-21,0.0192,98452.43,0.007632,0.007165,0.3703,-0.1959,4.8713,5.9431,0.0716,0.0215,6.12,6.12
2025-02-14,2025-02-28,0.0383,97918.85,0.008427,0.008399,0.4307,-0.0284,3.0787,0.3686,-0.1272,0.2587,0.33,0.33
2025-02-14,2025-03-07,0.0575,96872.61,0.006589,0.003889,0.431,0.3308,1.6244,0.5124,-0.4058,0.2086,40.97,40.97
2025-02-14,2025-03-28,0.115,96905.29,0.005282,0.007584,0.5026,-0.0002,0.3007,1.9997,0.0936,0.2981,-43.57,-43.57
2025-02-14,2025-04-25,0.1916,97938.46,0.004322,0.00436,0.5157,-0.0246,1.3818,1.9807,0.0415,0.2648,-0.87,-0.87
2025-02-14,2025-06-27,0.3641,96646.32,0.001657,0.001666,0.5446,0.0797,0.9652,1.9965,-0.0297,0.1592,-0.51,-0.51
2025-02-21,2025-04-25,0.1725,95491.69,0.003812,0.003817,0.4981,0.2899,0.6998,0.4999,-0.0991,0.3003,-0.12,-0.12
2025-02-21,2025-03-28,0.0958,97632.51,0.006244,0.006244,0.4604,-0.0122,1.8888,0.4687,-0.0473,0.3083,-0.0,-0.0
2025-02-21,2025-06-27,0.345,95165.35,0.00138,0.001127,0.5144,-0.0535,1.1998,1.9839,-0.1282,0.1361,18.31,18.31
2025-02-21,2025-03-07,0.0383,95209.51,0.010464,0.010434,0.4086,-0.24,3.4367,0.4462,-0.5673,0.9808,0.28,0.28
2025-02-21,2025-02-28,0.0192,99266.1,0.014939,0.013651,0.3682,-0.0886,4.714,0.3714,0.1741,0.3212,8.62,8.62
2025-02-21,2025-03-14,0.0575,94947.13,0.004537,0.004386,0.4005,0.0377,2.0825,0.5023,-0.4279,0.2026,3.33,3.33
2025-02-28,2025-03-07,0.0192,84189.45,0.025919,0.022157,0.5674,-0.7661,2.9789,2.5428,0.1416,0.3274,14.51,14.51
2025-02-28,2025-03-14,0.0383,83730.56,0.017221,0.015594,0.5108,-0.5821,3.5034,2.3452,0.1324,0.3144,9.45,9.45
2025-02-28,2025-03-21,0.0575,79295.57,0.013109,0.013075,0.5235,-0.3629,2.8359,2.0103,0.069,0.1533,0.26,0.26
2025-02-28,2025-03-28,0.0767,79338.96,0.013892,0.013892,0.5224,-0.265,2.5045,0.4002,-0.0433,0.2912,-0.0,-0.0
2025-02-28,2025-04-25,0.1533,79301.78,0.007129,0.007131,0.5046,-0.176,1.5251,1.9307,-0.0635,0.2517,-0.02,-0.02
2025-02-28,2025-05-30,0.2491,84516.97,0.00437,0.00437,0.5023,0.009,1.2106,1.9938,-0.0162,0.159,-0.01,-0.01
2025-02-28,2025-06-27,0.3258,80470.3,0.0043,0.004328,0.5268,0.0236,0.7467,1.9988,-0.0073,0.1645,-0.66,-0.66
2025-03-07,2025-06-27,0.3066,87706.53,0.002003,0.002005,0.5217,0.0084,1.2081,1.9834,-0.0299,0.1521,-0.08,-0.08
2025-03-07,2025-05-30,0.23,87010.99,0.010642,0.007096,0.6191,-0.9906,2.169,2.4181,0.2192,0.2802,33.32,33.32
2025-03-07,2025-04-25,0.1342,87587.83,0.008489,0.008443,0.5,-0.3716,2.0719,1.9805,0.1245,0.286,0.55,0.55
2025-03-07,2025-03-21,0.0383,86481.8,0.018702,0.016983,0.5502,-0.1979,2.2858,0.1172,0.5397,0.2968,9.19,9.19
2025-03-07,2025-03-14,0.0192,89014.23,0.026177,0.025994,0.5635,-0.1435,5.0,0.6159,0.1618,0.2949,0.7,0.7
2025-03-07,2025-03-28,0.0575,88076.04,0.009363,0.009392,0.5089,-0.15,2.9108,1.9946,0.05,0.1716,-0.31,-0.31
2025-03-14,2025-03-21,0.0192,81771.49,0.013156,0.008695,0.5223,-0.3897,2.6929,0.1336,0.2481,0.186,33.91,33.91
2025-03-14,2025-03-28,0.0383,84802.54,0.010518,0.010519,0.5001,-0.2356,3.2866,0.0001,-0.3395,0.1002,-0.01,-0.01
2025-03-14,2025-04-04,0.0575,82305.57,0.003958,0.003589,0.5146,-0.9579,1.1308,1.8948,0.1276,0.3099,9.34,9.34
2025-03-14,2025-04-25,0.115,84890.8,0.003342,0.003343,0.5185,-0.1256,1.5358,1.9713,-0.0357,0.2538,-0.02,-0.02
2025-03-14,2025-05-30,0.2108,84826.56,0.004298,0.002972,0.5288,-0.0886,1.2322,2.0027,-0.0237,0.271,30.85,30.85
2025-03-14,2025-06-27,0.2875,83804.62,0.001451,0.000908,0.5216,-0.109,1.1904,1.9934,0.079,0.2866,37.44,37.44
2025-03-21,2025-05-30,0.1916,83561.21,0.003323,0.003342,0.486,0.4272,0.4783,0.4993,-0.1074,0.2995,-0.57,-0.57
2025-03-21,2025-04-25,0.0958,83973.54,0.003885,0.005977,0.4707,0.5947,0.4836,0.5022,-0.072,0.3084,-53.87,-53.87
2025-03-21,2025-06-27,0.2683,84163.54,0.002285,0.002285,0.4968,0.1252,0.8903,1.9963,-0.013,0.1344,-0.01,-0.01
2025-03-21,2025-04-04,0.0383,83951.59,0.005664,0.005657,0.443,-0.1687,3.3346,0.4624,-0.0129,0.3237,0.12,0.12
2025-03-21,2025-03-28,0.0192,83934.81,0.008082,0.006834,0.414,-0.1384,4.563,0.0353,0.3043,0.2742,15.44,15.44
2025-03-21,2025-04-11,0.0575,83726.53,0.003598,0.003593,0.4384,-0.1229,2.6413,0.4982,-0.1988,0.2719,0.16,0.16
2025-03-28,2025-04-04,0.0192,84891.39,0.020219,0.009863,0.441,-0.0916,4.0395,0.495,-0.6389,0.1534,51.22,50.0
2025-03-28,2025-04-11,0.0383,83976.44,0.006191,0.006192,0.4676,-0.3391,3.454,0.0001,-1.5185,1.4096,-0.01,-0.01
2025-03-28,2025-04-18,0.0575,83706.57,0.006024,0.00629,0.4082,-0.1406,2.5752,0.512,-0.532,0.179,-4.4,-4.4
2025-03-28,2025-04-25,0.0767,84655.71,0.011254,0.010888,0.4133,0.2929,1.4698,0.4812,-0.5754,0.1479,3.25,3.25
2025-03-28,2025-05-30,0.1725,85141.84,0.00428,0.004309,0.4688,-0.1549,1.576,0.4634,0.0888,0.3486,-0.69,-0.69
2025-03-28,2025-06-27,0.2491,83940.92,0.002967,0.002969,0.4826,-0.1164,1.3255,1.9918,-0.0361,0.3107,-0.09,-0.09
2025-04-04,2025-06-27,0.23,83002.06,0.005876,0.00454,0.4422,-0.283,1.95,2.004,-0.2215,0.1328,22.75,22.75
2025-04-04,2025-05-30,0.1533,84097.58,0.008919,0.007892,0.5029,-0.2244,1.428,2.0004,0.0654,0.1777,11.51,11.51
2025-04-04,2025-04-18,0.0383,84156.86,0.009956,0.009141,0.5207,-0.999,1.5929,1.9499,0.1444,0.1583,8.18,8.18
2025-04-04,2025-04-11,0.0192,82229.04,0.022005,0.022031,0.5466,-0.4456,4.6447,0.0001,0.5245,1.0279,-0.11,-0.11
2025-04-04,2025-04-25,0.0575,84471.45,0.007979,0.007024,0.5014,-0.9221,1.3183,1.9068,0.1656,0.1589,11.96,11.96
2025-04-11,2025-04-18,0.0192,80991.39,0.011191,0.011167,0.5222,-0.2018,3.7785,0.8437,0.0487,0.285,0.21,0.21
2025-04-11,2025-04-25,0.0383,83581.5,0.00707,0.007067,0.5079,-0.0985,3.0635,0.7156,0.015,0.2599,0.03,0.03
2025-04-11,2025-05-02,0.0575,83925.87,0.007956,0.005612,0.4923,-0.737,0.9971,1.9186,0.1371,0.3108,29.46,29.46
2025-04-11,2025-05-30,0.1342,83666.8,0.005507,0.005943,0.4932,-0.6164,2.2576,2.0229,0.1901,0.2123,-7.92,-7.92
2025-04-11,2025-06-27,0.2108,83962.65,0.004475,0.003311,0.4363,-0.1288,2.1226,2.0215,-0.2329,0.2809,26.01,26.01
2025-04-11,2025-09-26,0.46,79655.42,0.003465,0.003482,0.5296,-0.0644,0.7008,1.9986,0.0083,0.1368,-0.49,-0.49
2025-04-18,2025-06-27,0.1916,84715.17,0.003524,0.003524,0.4838,-0.0092,1.1889,0.482,-0.0476,0.3105,-0.0,-0.0
2025-04-18,2025-05-09,0.0575,84656.81,0.005545,0.005546,0.4242,-0.1665,2.9883,0.0218,-0.3683,0.5975,-0.01,-0.01
2025-04-18,2025-05-30,0.115,84468.37,0.005424,0.002953,0.4592,-0.929,0.35,0.5121,0.2345,0.4021,45.55,45.55
2025-04-18,2025-04-25,0.0192,84370.03,0.021306,0.01234,0.3796,-0.2722,4.4429,0.1753,0.2873,0.0001,42.08,42.08
2025-04-18,2025-05-02,0.0383,84724.63,0.00568,0.006341,0.4062,-0.4783,1.0926,0.4712,0.1918,0.3889,-11.65,-11.65
2025-04-25,2025-05-02,0.0192,93816.8,0.014342,0.010943,0.3954,0.0816,4.7819,0.0344,-2.0,0.2186,23.7,23.7
2025-04-25,2025-05-09,0.0383,94716.29,0.009897,0.009792,0.4138,0.0771,3.1563,0.321,-0.1353,0.2309,1.07,1.07
2025-04-25,2025-05-16,0.0575,94432.04,0.008201,0.008191,0.4335,0.0254,2.452,0.3442,-0.1466,0.2656,0.11,0.11
2025-04-25,2025-05-30,0.0958,94698.14,0.007584,0.007584,0.4443,0.0501,2.0501,0.4927,-0.0488,0.3133,-0.0,-0.0
2025-04-25,2025-06-27,0.1725,93633.14,0.004853,0.004853,0.4637,0.0435,1.5532,0.4973,-0.0478,0.3157,0.0,0.0
2025-04-25,2025-07-25,0.2491,94651.34,0.001903,0.001919,0.4898,0.4533,0.4912,0.5017,-0.1267,0.2919,-0.84,-0.84
2025-04-25,2025-09-26,0.4216,94695.33,0.001959,0.002348,0.5037,0.3541,0.429,1.9963,-0.0102,0.1335,-19.85,-19.85
2025-05-02,2025-09-26,0.4025,96865.34,0.003859,0.003822,0.5004,0.3402,0.4422,1.996,-0.0051,0.1342,0.96,0.96
2025-05-02,2025-07-25,0.23,96974.78,0.003791,0.003799,0.4779,0.5139,0.5856,0.5018,-0.1237,0.2929,-0.22,-0.22
2025-05-02,2025-06-27,0.1533,97674.76,0.003231,0.003221,0.4617,0.0697,1.3695,0.475,0.0292,0.3349,0.32,0.32
2025-05-02,2025-05-30,0.0767,97879.09,0.009285,0.009285,0.4336,0.1082,2.1133,0.4689,-0.0473,0.308,-0.0,-0.0
2025-05-02,2025-05-16,0.0383,97381.68,0.009634,0.007078,0.4147,-0.7368,1.3184,1.104,0.147,0.3654,26.54,26.54
2025-05-02,2025-05-09,0.0192,96503.03,0.018106,0.009748,0.3893,-0.0433,3.9978,0.0529,0.4879,0.1345,46.16,46.16
2025-05-02,2025-05-23,0.0575,97203.71,0.008805,0.008714,0.4206,0.4672,0.1828,0.4614,0.2091,0.3937,1.03,1.03
2025-05-09,2025-05-16,0.0192,103782.6,0.014621,0.013041,0.3956,0.0068,4.9034,0.019,0.5862,0.1923,10.81,10.81
2025-05-09,2025-05-23,0.0383,103713.28,0.004284,0.004286,0.4161,0.061,2.7782,0.0001,0.4611,0.4707,-0.04,-0.04
2025-05-09,2025-05-30,0.0575,102735.87,0.015441,0.015441,0.4071,-0.0682,2.892,0.3577,-0.0406,0.2853,0.0,0.0
2025-05-09,2025-06-27,0.1342,103382.03,0.005897,0.005897,0.4408,0.004,1.6996,0.3936,-0.0414,0.2913,-0.0,-0.0
2025-05-09,2025-07-25,0.2108,102998.06,0.006105,0.002958,0.4637,0.0377,1.2197,0.634,-0.0551,0.3177,51.55,50.0
2025-05-09,2025-09-26,0.3833,103196.55,0.00088,0.000843,0.4708,-0.1942,1.2708,0.4594,0.2298,0.3924,4.3,4.3
2025-05-16,2025-07-25,0.1916,103676.29,0.00152,0.001521,0.4341,0.0288,1.3004,0.5034,-0.0044,0.3299,-0.09,-0.09
2025-05-16,2025-09-26,0.3641,103763.88,0.002012,0.0019,0.3986,0.6334,0.4466,0.9184,-0.4312,0.1928,5.56,5.56
2025-05-16,2025-06-27,0.115,103910.73,0.006957,0.006957,0.4028,0.0281,1.8865,0.5199,-0.0515,0.3203,0.0,0.0
2025-05-16,2025-05-23,0.0192,103740.1,0.012424,0.010722,0.3533,0.3274,0.7357,0.1465,0.2165,0.3811,13.7,13.7
2025-05-16,2025-05-30,0.0383,103855.61,0.006432,0.006451,0.3552,-0.046,3.6344,0.3557,0.0313,0.3051,-0.29,-0.29
2025-05-16,2025-06-06,0.0575,103661.58,0.002635,0.002628,0.3727,0.0149,2.6546,0.4779,-0.1234,0.2888,0.27,0.27
2025-05-23,2025-06-06,0.0383,109692.94,0.006943,0.006943,0.4341,0.0691,2.897,0.26,-0.0486,0.2719,-0.0,-0.0
2025-05-23,2025-06-13,0.0575,110657.3,0.00537,0.004306,0.4448,-0.4242,0.6485,0.4848,0.221,0.3948,19.81,19.81
2025-05-23,2025-06-27,0.0958,107373.79,0.01083,0.01083,0.4538,-0.049,1.857,0.501,-0.0499,0.3155,-0.0,-0.0
2025-05-23,2025-07-25,0.1725,108490.63,0.003249,0.003249,0.473,0.0365,1.2461,0.4559,-0.0442,0.3038,-0.0,-0.0
2025-05-23,2025-09-26,0.345,109894.68,0.002459,0.001575,0.4865,0.0757,0.7381,0.391,-0.106,0.113,35.92,35.92
2025-05-30,2025-06-06,0.0192,104180.98,0.021712,0.008605,0.3837,-0.2837,4.0889,0.035,0.4597,0.3032,60.37,50.0
2025-05-30,2025-06-13,0.0383,104096.74,0.008313,0.005461,0.4043,-0.1434,2.5337,0.0198,0.5962,0.5385,34.31,34.31
2025-05-30,2025-06-20,0.0575,104135.64,0.007277,0.007298,0.3662,0.0637,2.4643,0.4972,-0.6524,0.1311,-0.28,-0.28
2025-05-30,2025-06-27,0.0767,104223.29,0.009109,0.009109,0.4185,-0.0503,2.153,0.4772,-0.0493,0.3123,-0.0,-0.0
2025-05-30,2025-07-25,0.1533,105254.7,0.003291,0.003292,0.4429,-0.0603,1.4074,0.4793,-0.052,0.3147,-0.01,-0.01
2025-05-30,2025-08-29,0.2491,105394.29,0.005644,0.005649,0.4577,0.0323,0.7071,0.505,-0.1463,0.2864,-0.09,-0.09
2025-05-30,2025-09-26,0.3258,105254.7,0.002145,0.002146,0.4571,-0.0441,1.0548,0.5166,-0.0373,0.3281,-0.05,-0.05
2025-06-06,2025-08-29,0.23,103180.74,0.00402,0.004034,0.4303,0.1194,0.7054,0.5043,-0.143,0.2873,-0.34,-0.34
2025-06-06,2025-07-25,0.1342,105157.75,0.005178,0.005166,0.4036,-0.3194,1.5313,0.4785,0.1883,0.3854,0.24,0.24
2025-06-06,2025-09-26,0.3066,102864.73,0.00455,0.003283,0.3954,0.1106,1.0996,0.5877,-0.3697,0.2184,27.86,27.86
2025-06-06,2025-06-20,0.0383,103657.4,0.007852,0.018141,0.3817,-0.3965,0.7564,0.4956,0.1125,0.3742,-131.03,-131.03
2025-06-06,2025-06-13,0.0192,103529.66,0.015591,0.008343,0.3584,-0.2878,3.6049,0.156,0.0335,0.6808,46.49,46.49
2025-06-06,2025-06-27,0.0575,103435.61,0.017131,0.017131,0.3677,-0.1228,3.0493,0.4689,-0.0474,0.3078,0.0,0.0
2025-06-13,2025-09-26,0.2875,105596.19,0.002351,0.002351,0.4292,-0.035,1.0641,0.4749,-0.0477,0.3096,-0.0,-0.0
2025-06-13,2025-08-29,0.2108,105334.56,0.002393,0.002394,0.4222,-0.0869,1.1146,0.4854,-0.0756,0.3031,-0.07,-0.07
2025-06-13,2025-07-25,0.115,105085.09,0.005502,0.005467,0.395,-0.2943,1.6602,0.4821,0.1456,0.3734,0.62,0.62
2025-06-13,2025-06-20,0.0192,105310.44,0.018492,0.01291,0.382,-0.3942,3.6677,0.404,0.1487,0.394,30.19,30.19
2025-06-13,2025-06-27,0.0383,105041.69,0.011714,0.006186,0.3774,-0.3241,2.4138,0.2208,0.2026,0.3945,47.19,47.19
2025-06-13,2025-07-04,0.0575,102853.22,0.006469,0.006459,0.3876,-0.3734,3.0942,0.5977,0.0484,0.2765,0.16,0.16
2025-06-20,2025-06-27,0.0192,102392.55,0.026302,0.026298,0.3494,-0.1549,5.0,0.4662,-0.0301,0.3088,0.02,0.02
2025-06-20,2025-07-04,0.0383,105593.6,0.007849,0.006196,0.3541,-0.1952,3.182,0.0386,0.3754,0.4017,21.05,21.05
2025-06-20,2025-07-25,0.0958,102640.64,0.004601,0.004882,0.3847,-0.4845,1.4663,0.4782,0.1444,0.3716,-6.09,-6.09
2025-06-20,2025-08-29,0.1916,103105.34,0.002572,0.00138,0.4096,-0.1401,1.1405,0.4918,0.006,0.3316,46.34,46.34
2025-06-20,2025-09-26,0.2683,103275.14,0.000792,0.00081,0.4087,-0.1458,1.1886,0.522,-0.231,0.2642,-2.21,-2.21
2025-06-20,2025-07-11,0.0575,103778.03,0.005067,0.007673,0.3608,-0.7447,1.5829,1.5984,0.0999,0.2963,-51.45,-51.45
2025-06-27,2025-07-04,0.0192,106687.02,0.024487,0.007937,0.3045,-0.1222,3.8417,0.0331,0.4315,0.4891,67.58,50.0
2025-06-27,2025-07-11,0.0383,106781.23,0.003147,0.003771,0.3157,-0.5178,2.4146,1.4672,0.0877,0.2931,-19.86,-19.86
2025-06-27,2025-07-18,0.0575,106977.97,0.005362,0.007597,0.3215,-0.372,2.8431,0.8462,0.0993,0.3322,-41.69,-41.69
2025-06-27,2025-07-25,0.0767,106867.95,0.004968,0.00496,0.3507,-0.0985,2.0611,0.4796,0.003,0.3271,0.17,0.17
2025-06-27,2025-08-29,0.1725,106721.02,0.002264,0.002225,0.384,0.1441,0.6259,0.5046,-0.1541,0.2838,1.71,1.71
2025-06-27,2025-09-26,0.2491,107318.52,0.005647,0.001678,0.4006,0.0102,0.9963,0.4818,-0.0074,0.322,70.28,50.0
2025-07-04,2025-12-26,0.4791,107679.5,0.001402,0.001445,0.4249,-0.0274,0.6882,0.5041,-0.1565,0.2832,-3.04,-3.04
2025-07-04,2025-09-26,0.23,107763.81,0.003967,0.003967,0.3959,-0.0971,1.3719,0.4731,-0.0513,0.3142,-0.0,-0.0
2025-07-04,2025-08-29,0.1533,107918.23,0.004086,0.003976,0.3724,-0.2305,1.5109,0.4728,0.1317,0.368,2.7,2.7
2025-07-04,2025-07-18,0.0383,108649.55,0.003567,0.003541,0.2722,0.1531,3.3195,1.7704,-0.1641,0.1017,0.73,0.73
2025-07-04,2025-07-11,0.0192,108870.2,0.024729,0.007396,0.3002,-0.2563,5.0,0.0685,0.2433,0.4166,70.09,50.0
2025-07-04,2025-07-25,0.0575,107828.11,0.007501,0.0066,0.3434,-0.22,2.5206,0.0493,0.2826,0.4591,12.02,12.02
2025-07-11,2025-09-26,0.2108,118682.27,0.006324,0.006326,0.3975,-0.0101,1.3585,0.4868,-0.042,0.3146,-0.03,-0.03
2025-07-11,2025-08-29,0.1342,117670.14,0.00424,0.00424,0.3798,-0.0083,1.3416,0.5082,-0.0457,0.3171,0.0,0.0
2025-07-11,2025-12-26,0.46,117806.48,0.003323,0.003324,0.4279,0.0415,0.8644,0.4681,-0.0294,0.2621,-0.02,-0.02
2025-07-11,2025-07-25,0.0383,116918.78,0.021405,0.021405,0.3497,-0.1662,3.3906,0.3516,-0.0434,0.2961,-0.0,-0.0
2025-07-11,2025-07-18,0.0192,118227.27,0.020847,0.020847,0.3447,-0.0266,4.7926,0.2981,-0.0424,0.2917,-0.0,-0.0
2025-07-11,2025-08-01,0.0575,117391.66,0.004828,0.004929,0.342,-0.7921,0.9111,1.8031,0.0972,0.2986,-2.1,-2.1
2025-07-18,2025-07-25,0.0192,117754.8,0.027127,0.023286,0.3602,-0.3241,5.0,0.0602,0.2434,0.4336,14.16,14.16
2025-07-18,2025-08-01,0.0383,120360.34,0.012066,0.036079,0.404,0.4348,0.0001,0.5047,0.114,0.3693,-199.03,-199.03
2025-07-18,2025-08-08,0.0575,117602.33,0.007576,0.007246,0.3651,-0.7288,0.0001,0.2994,0.2004,0.3527,4.36,4.36
2025-07-18,2025-08-29,0.115,117749.1,0.005196,0.005196,0.3678,0.0743,1.6767,0.4774,-0.0493,0.3149,0.0,0.0
2025-07-18,2025-09-26,0.1916,118028.74,0.006338,0.0043,0.3563,0.0901,1.5855,0.603,-0.2306,0.27,32.16,32.16
2025-07-18,2025-12-26,0.4408,118579.15,0.001987,0.001987,0.4204,0.0697,0.8835,0.4809,-0.0472,0.3108,0.0,0.0
2025-07-25,2025-09-26,0.1725,115131.92,0.00412,0.004121,0.4089,-0.1375,1.4585,0.4643,-0.0405,0.3097,-0.04,-0.04
2025-07-25,2025-10-31,0.2683,116653.83,0.002744,0.002713,0.4177,-0.2438,1.3048,0.4645,0.1515,0.3709,1.13,1.13
2025-07-25,2025-08-29,0.0958,115952.31,0.00818,0.008181,0.3772,-0.2049,2.3441,0.4668,-0.0455,0.3086,-0.0,-0.0
2025-07-25,2025-12-26,0.4216,115120.86,0.00302,0.00302,0.4458,-0.0137,0.8203,0.4777,-0.045,0.3096,-0.0,-0.0
2025-07-25,2025-08-08,0.0383,115598.64,0.007853,0.007815,0.3611,-0.2062,3.7984,0.3584,-0.2768,0.6326,0.48,0.48
2025-07-25,2025-08-01,0.0192,118275.33,0.02013,0.007808,0.3501,-0.1036,5.0,0.1246,0.3608,0.1199,61.21,50.0
2025-07-25,2025-08-15,0.0575,115607.15,0.00486,0.015785,0.3675,-0.3152,1.0374,1.8741,0.0809,0.2963,-224.83,-224.83
2025-08-01,2025-08-08,0.0192,115886.05,0.014109,0.011496,0.3177,-0.1101,5.0,0.0262,0.2325,0.5479,18.52,18.52
2025-08-01,2025-08-15,0.0383,113369.11,0.009809,0.006428,0.3329,0.0109,1.0432,0.0424,0.3171,0.3846,34.47,34.47
2025-08-01,2025-08-22,0.0575,115247.59,0.007601,0.007585,0.3269,-0.1901,2.9168,0.3715,0.0321,0.3105,0.21,0.21
2025-08-01,2025-08-29,0.0767,113600.49,0.005353,0.005093,0.3372,-0.1793,2.2898,0.442,-0.1681,0.2472,4.85,4.85
2025-08-01,2025-09-26,0.1533,113904.21,0.00524,0.00524,0.3736,-0.1663,1.6082,0.4017,-0.0456,0.2975,-0.0,-0.0
2025-08-01,2025-10-31,0.2491,114525.69,0.001937,0.00197,0.4082,-0.0403,0.6862,0.5041,-0.1442,0.287,-1.7,-1.7
2025-08-01,2025-12-26,0.4025,115139.58,0.001849,0.001849,0.437,-0.092,0.7949,0.4761,-0.0463,0.3103,-0.0,-0.0
2025-08-08,2025-12-26,0.3833,116663.8,0.002903,0.002903,0.4144,-0.0449,0.9279,0.4801,-0.0493,0.3103,-0.0,-0.0
2025-08-08,2025-10-31,0.23,116041.29,0.001801,0.001537,0.373,-0.1225,1.0562,2.0077,0.0244,0.2818,14.67,14.67
2025-08-08,2025-09-26,0.1342,116556.12,0.003321,0.004424,0.3238,-0.5903,1.5824,1.8958,0.0967,0.3002,-33.24,-33.24
2025-08-08,2025-08-22,0.0383,116801.91,0.008799,0.005905,0.2947,-0.9643,0.0001,0.0963,0.2188,0.3616,32.89,32.89
2025-08-08,2025-08-15,0.0192,117370.11,0.019965,0.019965,0.2873,-0.1798,5.0,0.8497,-0.0082,0.1279,0.0,0.0
2025-08-08,2025-08-29,0.0575,116646.62,0.004766,0.00469,0.2919,-0.1761,2.91,1.9804,-0.0571,0.1605,1.59,1.59
2025-08-15,2025-08-22,0.0192,116964.77,0.019147,0.01182,0.3078,-0.8864,0.4253,0.094,0.2368,0.1705,38.26,38.26
2025-08-15,2025-08-29,0.0383,117838.83,0.008913,0.005761,0.3236,-0.3575,3.4658,0.0111,0.6107,0.4471,35.36,35.36
2025-08-15,2025-09-05,0.0575,117313.41,0.006968,0.006532,0.2989,-0.1968,2.9163,2.0155,-0.1284,0.2404,6.26,6.26
2025-08-15,2025-09-26,0.115,117027.65,0.005327,0.005327,0.3403,-0.2439,2.0099,0.5661,-0.0536,0.331,-0.0,-0.0
2025-08-15,2025-10-31,0.2108,119116.42,0.008026,0.004322,0.3644,-0.1348,1.2513,1.9838,-0.0384,0.2597,46.15,46.15
2025-08-15,2025-12-26,0.3641,116861.45,0.00207,0.002074,0.4076,-0.1275,0.9791,0.4689,0.0443,0.3367,-0.21,-0.21
2025-08-22,2025-10-31,0.1916,116541.67,0.002662,0.00265,0.3376,-0.2171,1.5822,1.9958,0.029,0.284,0.42,0.42
2025-08-22,2025-09-26,0.0958,116707.58,0.005462,0.005459,0.3243,-0.1407,2.3419,0.4763,-0.0654,0.3038,0.05,0.05
2025-08-22,2025-12-26,0.345,116739.81,0.005087,0.001714,0.3875,-0.3344,1.0971,0.4609,0.1532,0.3674,66.32,50.0
2025-08-22,2025-09-05,0.0383,112503.93,0.014323,0.01145,0.3493,-0.4867,3.5998,0.0153,0.7973,1.2796,20.06,20.06
2025-08-22,2025-08-29,0.0192,116768.19,0.028195,0.02523,0.3617,-0.8435,0.9296,0.4552,0.2156,0.3121,10.52,10.52
2025-08-22,2025-09-12,0.0575,112847.69,0.008225,0.008368,0.2318,0.6792,1.7881,2.3203,-0.2418,0.1348,-1.74,-1.74
2025-08-29,2025-12-26,0.3258,108739.35,0.001082,0.001083,0.4003,-0.2064,1.0801,0.503,-0.0395,0.3195,-0.1,-0.1
2025-08-29,2025-10-31,0.1725,109250.93,0.005188,0.005188,0.3765,-0.2372,1.2531,1.8209,-0.0385,0.2573,-0.01,-0.01
2025-08-29,2025-09-26,0.0767,108794.27,0.01127,0.01127,0.3651,-0.2585,2.4508,0.3773,-0.0429,0.2926,-0.0,-0.0
2025-08-29,2025-11-28,0.2491,108963.2,0.003624,0.003625,0.3871,-0.2672,1.3866,0.4779,-0.004,0.3243,-0.04,-0.04
2025-08-29,2025-09-12,0.0383,107664.0,0.007505,0.00455,0.3797,-0.5011,3.6623,0.0098,1.0616,1.3108,39.38,39.38
2025-08-29,2025-09-05,0.0192,108689.88,0.027185,0.013312,0.3549,-0.3893,3.5269,0.0704,0.2856,0.3061,51.03,50.0
2025-08-29,2025-09-19,0.0575,107769.71,0.007389,0.00715,0.3401,-0.3266,3.1386,2.4756,-0.2142,0.5107,3.24,3.24
2025-09-05,2025-09-12,0.0192,110628.32,0.019455,0.011578,0.3713,-0.5653,3.0142,0.169,0.1548,0.3933,40.49,40.49
2025-09-05,2025-09-19,0.0383,110968.1,0.005995,0.006029,0.3558,-0.2396,2.3369,0.3593,0.0215,0.3229,-0.57,-0.57
2025-09-05,2025-09-26,0.0575,110760.12,0.007724,0.007711,0.3573,-0.4047,3.2978,0.4192,-0.0808,0.2834,0.16,0.16
2025-09-05,2025-10-31,0.1533,110629.53,0.004268,0.003608,0.3226,-0.2865,1.7345,2.0835,-0.1979,0.3524,15.47,15.47
2025-09-05,2025-11-28,0.23,112872.54,0.007675,0.007675,0.3746,-0.1845,1.4195,0.4889,-0.0489,0.313,-0.0,-0.0
2025-09-05,2025-12-26,0.3066,112747.97,0.002565,0.002565,0.395,-0.1613,1.0817,0.4747,-0.0464,0.3102,-0.01,-0.01
2025-09-12,2025-11-28,0.2108,115310.9,0.002047,0.00205,0.3614,-0.1553,1.1755,1.9233,-0.0156,0.2604,-0.18,-0.18
2025-09-12,2025-10-31,0.1342,115456.62,0.002215,0.00225,0.2668,0.1384,1.4699,1.9441,-0.2098,0.2119,-1.62,-1.62
2025-09-12,2025-12-26,0.2875,115623.23,0.001137,0.001157,0.3805,-0.1498,1.0579,0.466,-0.1136,0.2867,-1.72,-1.72
2025-09-12,2025-09-26,0.0383,116727.02,0.009715,0.009721,0.2987,-0.1696,3.7257,0.3818,-0.0224,0.2944,-0.06,-0.06
2025-09-12,2025-09-19,0.0192,115368.88,0.016428,0.015558,0.2797,-0.1605,5.0,8.2586,-0.0708,0.2253,5.29,5.29
2025-09-12,2025-10-03,0.0575,116441.5,0.003639,0.003793,0.2606,0.7758,1.0092,1.8133,-0.1859,0.1283,-4.23,-4.23
2025-09-19,2025-10-03,0.0383,116839.15,0.003982,0.003655,0.2766,-0.6529,2.3031,1.7352,0.0688,0.2898,8.22,8.22
2025-09-19,2025-10-10,0.0575,117050.81,0.002774,0.003094,0.2425,0.2717,2.4803,1.5495,-0.2009,0.1271,-11.55,-11.55
2025-09-19,2025-10-31,0.115,115941.93,0.004176,0.004038,0.2548,0.1329,1.879,2.0113,-0.1953,0.2276,3.29,3.29
2025-09-19,2025-11-28,0.1916,115552.77,0.001968,0.001973,0.334,-0.234,1.6602,1.9939,0.0328,0.2838,-0.27,-0.27
2025-09-19,2025-12-26,0.2683,115290.37,0.002447,0.000312,0.3618,-0.7651,2.2853,1.9976,0.1321,0.313,87.26,50.0
2025-09-26,2025-12-26,0.2491,109143.19,0.002313,0.002333,0.3905,-0.2929,1.3529,0.4996,0.016,0.3364,-0.83,-0.83
2025-09-26,2025-11-28,0.1725,109457.08,0.003278,0.003279,0.3693,-0.2911,1.7282,0.4742,-0.0544,0.3078,-0.04,-0.04
2025-09-26,2025-10-31,0.0958,109474.57,0.004471,0.004471,0.3409,-0.3167,2.3801,0.4507,-0.0549,0.3014,0.02,0.02
2025-09-26,2025-10-17,0.0575,109360.23,0.00406,0.005851,0.263,0.8023,1.1345,1.8914,-0.2319,0.1306,-44.12,-44.12
2025-09-26,2025-10-03,0.0192,109423.58,0.014041,0.009795,0.2301,0.1496,5.0,8.35,-0.0857,0.0003,30.24,30.24
2025-09-26,2025-10-10,0.0383,109476.3,0.012557,0.006835,0.3385,-0.3892,2.2993,0.0301,0.5944,0.4409,45.57,45.57
2025-10-03,2025-10-10,0.0192,119494.01,0.017921,0.017921,0.3185,-0.1416,4.6314,0.0001,-0.2823,0.1994,-0.0,-0.0
2025-10-03,2025-10-17,0.0383,120358.06,0.017017,0.008591,0.3075,0.026,3.4193,1.6219,-0.1167,0.1351,49.51,49.51
2025-10-03,2025-10-24,0.0575,121845.76,0.00439,0.004663,0.3188,-0.5331,2.0067,1.6256,0.0978,0.3125,-6.23,-6.23
2025-10-03,2025-10-31,0.0767,122914.97,0.007882,0.00687,0.3507,-0.2235,2.1924,0.0316,0.5096,0.5282,12.84,12.84
2025-10-03,2025-11-28,0.1533,122103.27,0.005793,0.005793,0.3661,-0.1598,1.753,0.5379,-0.0554,0.3256,-0.0,-0.0
2025-10-03,2025-12-26,0.23,121755.78,0.002303,0.002309,0.3836,-0.1759,1.4444,0.4575,0.0409,0.3332,-0.29,-0.29
2025-10-03,2026-03-27,0.4791,121412.11,0.001696,0.001697,0.4175,-0.1286,0.9169,0.4693,-0.0387,0.3105,-0.03,-0.03
2025-10-10,2025-12-26,0.2108,105717.23,0.021159,0.021142,0.4508,-0.5024,1.5098,0.531,-0.2367,0.2638,0.08,0.08
2025-10-10,2025-11-28,0.1342,115129.06,0.02294,0.022939,0.4249,-0.3656,1.5669,0.4808,-0.0214,0.32,0.0,0.0
2025-10-10,2026-03-27,0.46,105920.58,0.007053,0.007039,0.4529,-0.347,0.3384,0.4997,-0.0882,0.3036,0.21,0.21
2025-10-10,2025-10-24,0.0383,111740.19,0.051563,0.051563,0.5426,-0.7889,4.2019,0.0001,-1.3096,0.1173,-0.0,-0.0
2025-10-10,2025-10-31,0.0575,105325.73,0.049391,0.049252,0.5065,-0.5991,2.487,0.5521,-0.2497,0.241,0.28,0.28
2025-10-10,2025-10-17,0.0192,113271.75,0.081817,0.058361,0.1949,0.5354,4.4451,9.6285,-0.5195,0.7565,28.67,28.67
2025-10-17,2025-10-24,0.0192,103676.78,0.033949,0.021053,0.5216,-0.6396,4.6274,0.0723,0.2796,0.3156,37.98,37.98
2025-10-17,2025-10-31,0.0383,105201.25,0.013725,0.01168,0.4178,-0.2706,4.0365,1.04,-0.3246,0.2277,14.9,14.9
2025-10-17,2025-11-07,0.0575,105021.01,0.004388,0.004348,0.4708,-0.5331,2.9357,0.317,0.1646,0.3424,0.9,0.9
2025-10-17,2025-11-28,0.115,107047.94,0.004938,0.00467,0.4439,-0.2782,2.0757,0.5047,-0.1845,0.2742,5.43,5.43
2025-10-17,2025-12-26,0.1916,103592.73,0.004779,0.00488,0.4719,-0.4021,1.5287,0.5054,0.0936,0.3619,-2.12,-2.12
2025-10-17,2026-03-27,0.4408,109110.78,0.003141,0.003125,0.4791,-0.3004,0.3001,0.5,-0.0996,0.3001,0.5,0.5
2025-10-24,2025-12-26,0.1725,111327.77,0.003279,0.003283,0.4366,-0.2464,1.4561,0.5193,-0.0158,0.3315,-0.12,-0.12
2025-10-24,2026-03-27,0.4216,111273.02,0.001814,0.001306,0.4549,-0.2121,0.9478,0.4976,-0.0369,0.3191,28.0,28.0
2025-10-24,2025-11-28,0.0958,111018.15,0.004999,0.004344,0.408,-0.2673,2.2988,0.382,-0.1912,0.2418,13.1,13.1
2025-10-24,2025-11-07,0.0383,111128.86,0.006114,0.005928,0.3405,0.8086,0.7144,0.5186,-1.0554,0.0517,3.04,3.04
2025-10-24,2025-11-14,0.0575,111258.38,0.008472,0.006268,0.4164,-0.8589,1.5052,0.4771,0.2123,0.3941,26.01,26.01
2025-10-31,2025-11-07,0.0192,108785.63,0.030891,0.024498,0.4486,-0.6883,5.0,0.0437,0.5492,1.7993,20.69,20.69
2025-10-31,2025-11-14,0.0383,109724.28,0.027323,0.026514,0.3973,-0.9095,2.5133,1.1777,0.0795,0.4045,2.96,2.96
2025-10-31,2025-11-21,0.0575,109161.54,0.004247,0.004049,0.4049,-0.5374,2.4212,0.4763,0.1312,0.3521,4.65,4.65
2025-10-31,2025-11-28,0.0767,110616.98,0.022859,0.020556,0.3942,-0.5239,2.5985,0.2051,0.2565,0.4007,10.08,10.08
2025-10-31,2025-12-26,0.1533,110101.23,0.060828,0.060828,0.4338,-0.4241,1.8693,0.4882,-0.0436,0.3125,0.0,0.0
2025-10-31,2026-01-30,0.2491,110767.91,0.001348,0.001355,0.4345,-0.2567,1.3749,0.491,-0.1122,0.2937,-0.55,-0.55
2025-10-31,2026-03-27,0.4025,109953.29,0.000594,0.000594,0.4465,-0.2505,1.1117,0.4935,0.0511,0.3458,0.05,0.05
2025-11-07,2025-12-26,0.1342,100400.81,0.021635,0.021634,0.438,-0.3385,1.8014,0.5028,-0.0215,0.3248,0.0,0.0
2025-11-07,2026-01-30,0.23,101704.11,0.002155,0.002171,0.4485,-0.6051,1.3543,0.4674,0.2384,0.3987,-0.74,-0.74
2025-11-07,2026-03-27,0.3833,101880.79,0.002104,0.002108,0.4485,-0.233,1.2202,0.4507,0.0109,0.3262,-0.17,-0.17
2025-11-07,2025-11-28,0.0575,100631.03,0.013953,0.013953,0.4099,-0.3189,3.4368,0.0001,-1.1,0.0179,-0.0,-0.0
2025-11-07,2025-11-14,0.0192,100278.74,0.149545,0.159921,0.5292,-0.9117,1.4686,0.0651,0.4569,0.4151,-6.94,-6.94
2025-11-07,2025-11-21,0.0383,99520.45,0.009054,0.00904,0.4284,-0.4642,4.6108,0.1345,-1.9273,1.9219,0.16,0.16
2025-11-14,2025-11-21,0.0192,96155.9,0.02867,0.024304,0.4714,-0.3599,4.3454,0.2174,0.2437,0.3474,15.23,15.23
2025-11-14,2025-11-28,0.0383,96589.41,0.015223,0.012856,0.4464,-0.3498,3.1731,0.0515,0.4485,0.397,15.55,15.55
2025-11-14,2025-12-05,0.0575,95845.28,0.010485,0.010316,0.4399,-0.2961,2.8166,0.437,-0.1735,0.2465,1.61,1.61
2025-11-14,2025-12-26,0.115,96589.41,0.013745,0.013745,0.4591,-0.2984,1.7627,0.4359,-0.0476,0.2957,-0.0,-0.0
2025-11-14,2026-01-30,0.2108,94648.88,0.005629,0.005683,0.4625,-0.4672,1.3232,0.4873,0.1691,0.3816,-0.96,-0.96
2025-11-14,2026-03-27,0.3641,94640.22,0.002796,0.002801,0.4755,-0.2755,0.9035,0.495,0.0036,0.3312,-0.16,-0.16
2025-11-21,2026-03-27,0.345,84614.59,0.002922,0.002922,0.5239,-0.3141,0.7971,1.9982,-0.0028,0.165,0.0,0.0
2025-11-21,2026-01-30,0.1916,84712.84,0.014728,0.006327,0.5254,-0.3095,1.3035,1.9964,-0.0248,0.263,57.04,50.0
2025-11-21,2025-12-26,0.0958,82511.34,0.009105,0.009104,0.5566,-0.3825,2.023,1.9728,-0.0201,0.2422,0.0,0.0
2025-11-21,2025-12-05,0.0383,82827.5,0.022739,0.022739,0.5815,-0.4029,3.8563,1.9954,-0.0339,0.2632,-0.0,-0.0
2025-11-21,2025-11-28,0.0192,83623.87,0.030346,0.025539,0.6386,-0.5606,4.2074,0.4456,0.2796,0.0699,15.84,15.84
2025-11-21,2025-12-12,0.0575,84556.62,0.010721,0.010746,0.5526,-0.456,3.3979,1.7006,0.0821,0.2768,-0.24,-0.24
2025-11-28,2025-12-05,0.0192,90869.46,0.019273,0.008809,0.4015,-0.4296,4.5201,0.1696,0.2166,0.3284,54.29,50.0
2025-11-28,2025-12-12,0.0383,91505.55,0.007475,0.007719,0.431,-0.3749,3.5132,0.6162,0.0878,0.3724,-3.27,-3.27
2025-11-28,2025-12-19,0.0575,91191.57,0.003866,0.003631,0.4298,-0.2768,3.2102,0.476,-0.2024,0.258,6.07,6.07
2025-11-28,2025-12-26,0.0767,91023.85,0.009662,0.009658,0.4424,-0.2995,2.6215,0.4423,-0.0182,0.3124,0.04,0.04
2025-11-28,2026-01-30,0.1725,91517.18,0.004515,0.004302,0.4494,-0.4763,1.5727,0.4366,0.1742,0.3727,4.73,4.73
2025-11-28,2026-02-27,0.2491,90934.93,0.003293,0.003215,0.4624,-0.4616,1.3665,0.4859,0.143,0.3728,2.37,2.37
2025-11-28,2026-03-27,0.3258,92285.33,0.003408,0.003411,0.473,-0.315,0.9082,0.4963,-0.0056,0.3287,-0.09,-0.09
2025-12-05,2026-02-27,0.23,91073.44,0.00247,0.002359,0.4465,-0.4573,1.3626,0.4897,0.1245,0.368,4.5,4.5
2025-12-05,2026-03-27,0.3066,89212.05,0.000791,0.000786,0.4565,-0.3791,1.165,0.4869,0.0505,0.3437,0.56,0.56
2025-12-05,2026-01-30,0.1533,89303.81,0.004189,0.00419,0.4584,-0.419,1.5903,0.4908,-0.0723,0.3054,-0.04,-0.04
2025-12-05,2025-12-12,0.0192,91409.53,0.008986,0.006561,0.4703,-0.8138,2.5836,1.7916,0.1095,0.2622,26.99,26.99
2025-12-05,2025-12-19,0.0383,89897.24,0.008914,0.008792,0.4561,-0.3663,3.6521,0.4775,-0.2309,0.4679,1.37,1.37
2025-12-05,2025-12-26,0.0575,91033.97,0.005788,0.005456,0.4424,-0.3369,2.7514,0.4201,-0.2109,0.2244,5.74,5.74
2025-12-12,2025-12-19,0.0192,90114.38,0.016055,0.009933,0.4325,-0.536,3.7732,0.207,0.2355,0.0903,38.13,38.13
2025-12-12,2025-12-26,0.0383,92494.45,0.011209,0.011189,0.3926,-0.2475,3.7023,0.3749,-0.0989,0.2712,0.18,0.18
2025-12-12,2026-01-02,0.0575,89912.15,0.002399,0.002486,0.4156,-0.6803,1.2799,0.4859,0.1112,0.3626,-3.63,-3.63
2025-12-12,2026-01-30,0.1342,90195.43,0.002601,0.002601,0.4263,-0.3778,1.6741,0.3975,-0.0498,0.2885,-0.01,-0.01
2025-12-12,2026-02-27,0.2108,90621.91,0.002538,0.002587,0.4259,-0.508,1.2151,0.484,0.1384,0.371,-1.95,-1.95
2025-12-12,2026-03-27,0.2875,89975.77,0.001548,0.001548,0.4335,-0.3294,1.3152,0.5169,-0.0395,0.3226,0.0,0.0
2025-12-19,2026-03-27,0.2683,87786.47,0.00072,0.000743,0.4446,-0.4565,1.3049,0.475,0.159,0.3752,-3.17,-3.17
2025-12-19,2026-02-27,0.1916,88056.34,0.002004,0.001968,0.4452,-0.5942,1.2988,0.4838,0.1909,0.3875,1.79,1.79
2025-12-19,2026-01-30,0.115,86698.13,0.00352,0.003649,0.4389,-0.5031,1.9919,0.5503,0.1372,0.3815,-3.66,-3.66
2025-12-19,2026-01-02,0.0383,87819.9,0.005693,0.005413,0.4031,-0.2426,3.7408,0.5544,-0.1709,0.2966,4.92,4.92
2025-12-19,2026-01-09,0.0575,86010.07,0.004341,0.005077,0.416,-0.1985,2.0222,0.534,-0.2592,0.2596,-16.96,-16.96
2025-12-26,2026-01-02,0.0192,89115.45,0.015856,0.007351,0.3667,-0.385,1.188,0.2446,0.1962,0.3595,53.64,50.0
2025-12-26,2026-01-09,0.0383,87334.19,0.005066,0.004266,0.3697,-0.999,1.3202,1.7163,0.0857,0.293,15.79,15.79
2025-12-26,2026-01-16,0.0575,87602.86,0.009095,0.005337,0.3848,-0.5178,2.0655,0.4502,0.137,0.3658,41.32,41.32
2025-12-26,2026-01-30,0.0958,88800.09,0.004161,0.004157,0.3884,-0.2459,2.1604,0.4789,-0.0856,0.2987,0.09,0.09
2025-12-26,2026-02-27,0.1725,86814.47,0.003742,0.003799,0.4042,-0.545,1.3268,0.4783,0.1628,0.3768,-1.54,-1.54
2025-12-26,2026-03-27,0.2491,88686.38,0.001815,0.001806,0.4086,-0.2847,1.3211,0.494,0.0145,0.3344,0.45,0.45
2026-01-02,2026-03-27,0.23,89194.23,0.002006,0.001913,0.4112,-0.2959,1.109,0.4856,0.1134,0.3633,4.66,4.66
2026-01-02,2026-06-26,0.4791,89871.37,0.001063,0.001121,0.4478,-0.2287,0.6961,0.5009,-0.1136,0.2959,-5.42,-5.42
2026-01-02,2026-02-27,0.1533,88937.55,0.002183,0.002307,0.4032,-0.3776,1.614,0.4931,0.1369,0.3726,-5.69,-5.69
2026-01-02,2026-01-09,0.0192,89807.33,0.041346,0.011753,0.3967,0.1686,0.0001,0.3179,0.1929,0.3924,71.57,50.0
2026-01-02,2026-01-23,0.0575,89078.98,0.00705,0.007139,0.3986,0.4747,0.5941,0.4972,0.0196,0.3358,-1.26,-1.26
2026-01-02,2026-01-16,0.0383,89330.07,0.003492,0.002493,0.3901,-0.5579,0.4913,0.4915,0.1571,0.3783,28.61,28.61
2026-01-02,2026-01-30,0.0767,89317.04,0.002981,0.00296,0.3972,-0.1353,2.2182,0.3584,0.0012,0.2928,0.7,0.7
2026-01-09,2026-03-27,0.2108,90550.95,0.007162,0.007162,0.4112,-0.1895,1.1463,0.5023,-0.0446,0.3178,-0.0,-0.0
2026-01-09,2026-02-27,0.1342,91142.23,0.002835,0.002838,0.4008,-0.2455,1.6845,0.4552,0.0158,0.3257,-0.11,-0.11
2026-01-09,2026-06-26,0.46,90364.12,0.002599,0.001955,0.4437,-0.3649,1.109,0.4868,0.1008,0.3597,24.78,24.78
2026-01-09,2026-01-23,0.0383,91249.97,0.005022,0.004499,0.3609,-0.999,1.4922,2.3835,0.0748,0.2977,10.41,10.41
2026-01-09,2026-01-16,0.0192,90523.64,0.009135,0.008042,0.3464,-0.1401,3.8457,0.4295,-0.3161,0.2117,11.96,11.96
2026-01-09,2026-01-30,0.0575,90523.64,0.007633,0.007633,0.379,-0.2219,2.7153,0.0001,-0.5783,0.0008,-0.0,-0.0
2026-01-16,2026-01-23,0.0192,95475.23,0.02675,0.02601,0.3252,-0.0398,3.4726,0.4278,-0.3166,0.2226,2.77,2.77
2026-01-16,2026-01-30,0.0383,94670.27,0.00956,0.008491,0.3648,-0.3625,2.6585,0.0924,0.1904,0.3606,11.18,11.18
2026-01-16,2026-02-06,0.0575,94656.27,0.003986,0.00395,0.3558,-0.9911,1.0573,2.041,0.069,0.3142,0.89,0.89
2026-01-16,2026-02-27,0.115,95415.91,0.004198,0.004225,0.3724,-0.2167,1.678,0.442,0.0207,0.3237,-0.65,-0.65
2026-01-16,2026-03-27,0.1916,95452.71,0.002659,0.00266,0.3907,-0.2204,1.275,0.6059,-0.0651,0.3409,-0.04,-0.04
2026-01-16,2026-06-26,0.4408,95045.59,0.002092,0.001952,0.4364,-0.2743,0.8208,0.4968,-0.0389,0.3184,6.73,6.73
2026-01-23,2026-03-27,0.1725,89386.83,0.004298,0.00551,0.3742,-0.999,1.0602,2.0186,0.1104,0.2972,-28.21,-28.21
2026-01-23,2026-02-27,0.0958,89358.4,0.00504,0.00504,0.3542,-0.2949,2.2487,0.4245,-0.0553,0.2968,-0.01,-0.01
2026-01-23,2026-06-26,0.4216,89494.82,0.002498,0.002509,0.4304,-0.3104,0.7025,0.4997,-0.0954,0.3014,-0.44,-0.44
2026-01-23,2026-02-06,0.0383,89231.06,0.01094,0.007829,0.3538,-0.3368,2.9394,0.0064,1.7655,0.4292,28.44,28.44
2026-01-23,2026-02-13,0.0575,89446.2,0.004416,0.004658,0.269,0.4582,1.8121,1.9173,-0.2554,0.19,-5.47,-5.47
2026-01-30,2026-02-06,0.0192,82481.3,0.017722,0.013209,0.4207,-0.4287,4.4089,0.1356,0.1986,0.336,25.46,25.46
2026-01-30,2026-02-13,0.0383,82313.73,0.012458,0.012391,0.4174,-0.4976,4.5829,0.3896,-0.0911,0.0954,0.53,0.53
2026-01-30,2026-02-20,0.0575,81349.25,0.007322,0.007599,0.279,0.876,1.1399,1.9277,-0.3799,0.1615,-3.78,-3.78
2026-01-30,2026-02-27,0.0767,82807.42,0.006359,0.00459,0.376,-0.3101,2.6406,0.4397,-0.2415,0.24,27.82,27.82
2026-01-30,2026-03-27,0.1533,81530.01,0.005217,0.005217,0.4031,-0.3394,1.661,0.4461,-0.0501,0.2999,-0.0,-0.0
2026-01-30,2026-04-24,0.23,81988.62,0.003088,0.003112,0.4094,-0.3131,1.3786,0.495,-0.0975,0.2993,-0.78,-0.78
2026-01-30,2026-06-26,0.4025,82348.37,0.002204,0.002219,0.4422,-0.4137,1.099,0.4881,0.0911,0.357,-0.7,-0.7
2026-02-06,2026-06-26,0.3833,68635.32,0.009058,0.008907,0.5582,-0.999,0.5371,1.9621,0.0809,0.1514,1.67,1.67
2026-02-06,2026-04-24,0.2108,71455.24,0.022698,0.022699,0.5775,-0.9599,1.0365,1.9857,-0.0104,0.1576,-0.01,-0.01
2026-02-06,2026-03-27,0.1342,65003.11,0.018452,0.018452,0.6306,-0.756,1.4918,1.9544,-0.0038,0.1449,0.0,0.0
2026-02-06,2026-02-27,0.0575,64928.52,0.040033,0.036608,0.3698,0.999,0.6821,3.4321,-0.5415,0.3152,8.55,8.55
2026-02-06,2026-02-13,0.0192,65963.9,0.028059,0.027649,0.7378,-0.5539,5.0,1.3147,-0.5486,0.5728,1.46,1.46
2026-02-06,2026-02-20,0.0383,63889.73,0.028148,0.029629,0.5309,-0.999,0.0024,2.0996,-0.7563,0.1452,-5.26,-5.26
2026-02-13,2026-02-20,0.0192,65990.39,0.036414,0.01961,0.5325,-0.6865,3.5847,0.1268,0.2395,0.3554,46.15,46.15
2026-02-13,2026-02-27,0.0383,67279.01,0.012897,0.012299,0.504,-0.5049,3.4026,0.0323,0.3551,0.4533,4.64,4.64
2026-02-13,2026-03-06,0.0575,66518.96,0.006321,0.006321,0.5048,-0.5303,1.9828,0.4773,-0.0356,0.3192,-0.0,-0.0
2026-02-13,2026-03-27,0.115,66259.18,0.003126,0.002789,0.4793,-0.4733,1.9856,0.4962,-0.2246,0.2609,10.77,10.77
2026-02-13,2026-04-24,0.1916,69041.82,0.005713,0.005714,0.4711,-0.3996,1.3917,0.5206,-0.0689,0.3133,-0.01,-0.01
2026-02-13,2026-06-26,0.3641,67168.47,0.000989,0.000993,0.4862,-0.4165,0.9276,0.5007,-0.0345,0.3208,-0.36,-0.36
2026-02-20,2026-06-26,0.345,66739.16,0.00157,0.001584,0.4776,-0.3318,0.7053,0.4996,-0.0935,0.3019,-0.86,-0.86
2026-02-20,2026-04-24,0.1725,67606.18,0.001981,0.001885,0.4623,-0.433,1.8305,0.4756,0.1115,0.3583,4.86,4.86
2026-02-20,2026-03-27,0.0958,67531.56,0.004773,0.00472,0.4639,-0.4064,2.2856,0.4252,0.1047,0.345,1.12,1.12
2026-02-20,2026-03-06,0.0383,67097.01,0.004596,0.004596,0.4744,-0.3968,4.2335,0.0001,-1.7199,0.0001,-0.0,-0.0
2026-02-20,2026-02-27,0.0192,67503.63,0.029191,0.009943,0.4876,-0.4164,4.9653,0.1015,0.3354,0.3939,65.94,50.0
2026-02-20,2026-03-13,0.0575,67100.16,0.002661,0.002017,0.4759,-0.5515,2.3791,0.4461,0.1736,0.3735,24.2,24.2
2026-02-27,2026-03-06,0.0192,66098.41,0.013981,0.008068,0.4875,-0.4822,4.5989,0.1544,0.2478,0.3263,42.3,42.3
2026-02-27,2026-03-13,0.0383,66985.92,0.005586,0.004638,0.4806,-0.562,3.0195,0.4342,0.1824,0.3701,16.97,16.97
2026-02-27,2026-03-20,0.0575,65328.58,0.005351,0.005432,0.4452,-0.2841,2.6603,0.5068,-0.4386,0.2007,-1.51,-1.51
2026-02-27,2026-03-27,0.0767,68025.73,0.007325,0.004942,0.4376,-0.1789,2.364,0.1086,-1.9497,0.0068,32.54,32.54
2026-02-27,2026-04-24,0.1533,65939.72,0.004371,0.004194,0.4728,-0.5172,1.7875,0.4953,0.1242,0.362,4.04,4.04
2026-02-27,2026-05-29,0.2491,67777.41,0.002818,0.00282,0.4663,-0.3273,1.397,0.5318,-0.0728,0.3157,-0.07,-0.07
2026-02-27,2026-06-26,0.3258,65721.51,0.002927,0.002929,0.4771,-0.4657,1.3232,0.4906,0.127,0.3689,-0.07,-0.07
2026-03-06,2026-06-26,0.3066,68401.85,0.001937,0.001937,0.5017,-0.344,1.1275,0.5264,-0.0257,0.1645,0.01,0.01
2026-03-06,2026-05-29,0.23,68513.39,0.002387,0.002953,0.5045,-0.363,0.7109,0.4986,-0.0892,0.1516,-23.72,-23.72
2026-03-06,2026-04-24,0.1342,68767.84,0.005517,0.001667,0.4999,-0.4871,1.7777,1.9887,0.1152,0.1789,69.79,50.0
2026-03-06,2026-03-20,0.0383,71108.22,0.00409,0.00409,0.5225,-0.2671,3.1709,1.9372,-0.0012,0.2144,0.02,0.02
2026-03-06,2026-03-27,0.0575,68669.81,0.007201,0.007022,0.5248,-0.4886,2.7438,1.9476,0.1075,0.1225,2.48,2.48
2026-03-13,2026-05-29,0.2108,71596.32,0.00434,0.004343,0.5065,-0.3808,1.2072,0.5159,-0.074,0.3109,-0.05,-0.05
2026-03-13,2026-03-20,0.0192,72373.91,0.010245,0.009737,0.4858,-0.2479,4.6635,1.9205,-0.1114,0.0324,4.96,4.96
2026-03-13,2026-03-27,0.0383,72317.73,0.007093,0.00704,0.5043,-0.3516,3.4655,1.8731,-0.0617,0.1243,0.75,0.75
2026-03-13,2026-04-03,0.0575,72634.25,0.001309,0.001709,0.3945,0.6599,0.7345,2.0208,-0.3399,0.1222,-30.62,-30.62
2026-03-13,2026-04-24,0.115,73449.02,0.003058,0.003059,0.4938,-0.3302,1.8082,0.5308,-0.0458,0.3237,-0.01,-0.01
2026-03-13,2026-06-26,0.2875,73211.37,0.001745,0.001749,0.4907,-0.2802,1.2812,0.5183,-0.1065,0.3007,-0.22,-0.22
