date,expiry,T,merton_sigma,merton_lam,merton_muJ,merton_delta,merton_rmse,sabr_rmse,js_rmse
2024-01-05,2024-01-12,0.0192,0.7484,1.0328,0.1,0.5918,0.014017,0.00917,0.020779
2024-01-05,2024-01-19,0.0383,0.6431,1.0156,0.1,0.5082,0.004066,0.00524,0.004021
2024-01-05,2024-01-26,0.0575,0.6765,0.9997,0.1,0.029,0.040386,0.022274,0.01813
2024-01-05,2024-02-23,0.1342,0.5282,1.0141,0.1,0.4154,0.003282,0.002666,0.002619
2024-01-05,2024-03-29,0.23,0.4896,1.0214,-0.1,0.4322,0.003378,0.003469,0.003469
2024-01-05,2024-06-28,0.4791,0.4079,1.0136,-0.1,0.5611,0.003089,0.002923,0.003956
2024-01-12,2024-06-28,0.46,0.5202,1.008,0.1,0.2515,0.002692,0.001979,0.001972
2024-01-12,2024-02-23,0.115,0.4923,1.0024,0.1,0.2531,0.008151,0.006228,0.006184
2024-01-12,2024-03-29,0.2108,0.4858,1.0051,0.1,0.2671,0.010616,0.004702,0.004673
2024-01-12,2024-01-26,0.0383,0.541,0.9858,0.1,0.2007,0.033185,0.029692,0.0141
2024-01-12,2024-01-19,0.0192,0.5385,0.1829,0.1,0.2477,0.028839,0.016769,0.009337
2024-01-12,2024-02-02,0.0575,0.5161,0.0262,0.0999,2.0,0.013948,0.008556,0.008556
2024-01-19,2024-01-26,0.0192,0.3228,17.9145,-0.1005,0.0855,0.030746,0.014263,0.008417
2024-01-19,2024-02-02,0.0383,0.2957,12.83,0.1,0.1037,0.009218,0.009464,0.006976
2024-01-19,2024-02-09,0.0575,0.3652,4.0135,0.1,0.1313,0.009672,0.005035,0.004509
2024-01-19,2024-02-23,0.0958,0.4094,1.0048,-0.1,0.253,0.009821,0.005907,0.005426
2024-01-19,2024-03-29,0.1916,0.4022,1.0035,-0.1,0.2893,0.006149,0.003487,0.003502
2024-01-19,2024-04-26,0.2683,0.4296,1.0091,0.1,0.262,0.00471,0.005185,0.004837
2024-01-19,2024-06-28,0.4408,0.4154,1.0117,0.1,0.3435,0.001815,0.002299,0.001873
2024-01-26,2024-04-26,0.2491,0.402,1.0088,-0.1,0.2783,0.003628,0.003805,0.003834
2024-01-26,2024-06-28,0.4216,0.3839,1.0123,0.1,0.3803,0.002617,0.00273,0.002782
2024-01-26,2024-03-29,0.1725,0.3608,1.006,-0.1,0.3281,0.004481,0.013766,0.002883
2024-01-26,2024-02-02,0.0192,0.3736,2.2266,-0.1,0.1213,0.018981,0.019385,0.017434
2024-01-26,2024-02-16,0.0575,0.378,1.0023,-0.1,0.1937,0.004087,0.005691,0.0056
2024-01-26,2024-02-09,0.0383,0.3876,1.0008,-0.1,0.1674,0.007216,0.009852,0.009758
2024-01-26,2024-02-23,0.0767,0.3774,1.0027,0.1,0.2214,0.008047,0.009851,0.005208
2024-02-02,2024-02-09,0.0192,0.3354,3.5463,0.1,0.1102,0.006109,0.007218,0.003873
2024-02-02,2024-02-16,0.0383,0.3226,3.5802,-0.1001,0.143,0.009612,0.006726,0.006585
2024-02-02,2024-02-23,0.0575,0.353,1.0057,0.1,0.269,0.004114,0.007292,0.007347
2024-02-02,2024-03-29,0.1533,0.3594,1.0024,0.1,0.3231,0.005439,0.004865,0.004925
2024-02-02,2024-04-26,0.23,0.3767,1.0102,0.1,0.3355,0.003435,0.002609,0.002329
2024-02-09,2024-02-16,0.0192,0.3708,3.2171,0.1,0.148,0.017777,0.019478,0.019479
2024-02-09,2024-02-23,0.0383,0.354,3.8894,0.1,0.1622,0.026344,0.018838,0.018839
2024-02-09,2024-03-01,0.0575,0.3129,6.069,0.1,0.1428,0.005265,0.003349,0.00332
2024-02-09,2024-03-29,0.1342,0.3633,0.9981,-0.1,0.3768,0.015392,0.011828,0.011828
2024-02-09,2024-04-26,0.2108,0.3622,1.0141,0.1,0.4258,0.010788,0.00547,0.005457
2024-02-09,2024-06-28,0.3833,0.3124,1.0,0.1,0.5483,0.016594,0.007354,0.00735
2024-02-16,2024-04-26,0.1916,0.419,1.0275,-0.1,0.5346,0.005806,0.002914,0.002657
2024-02-16,2024-03-29,0.115,0.464,1.0104,-0.1,0.3551,0.018189,0.009996,0.009996
2024-02-16,2024-06-28,0.3641,0.4237,1.02,-0.1,0.5055,0.011721,0.00507,0.005049
2024-02-16,2024-03-01,0.0383,0.4702,1.0116,0.1,0.3167,0.010492,0.005626,0.008017
2024-02-16,2024-02-23,0.0192,0.3151,20.0,-0.0995,0.0999,0.039498,0.040425,0.040426
2024-02-16,2024-03-08,0.0575,0.4718,1.0087,0.1,0.3262,0.00484,0.007097,0.007687
2024-02-23,2024-05-31,0.2683,0.4262,1.0176,0.1,0.5101,0.003201,0.002613,0.002819
2024-02-23,2024-04-26,0.1725,0.4648,1.0092,0.1,0.4136,0.005527,0.005328,0.005328
2024-02-23,2024-03-29,0.0958,0.444,1.0096,-0.1,0.3315,0.007739,0.006919,0.00692
2024-02-23,2024-06-28,0.345,0.4354,1.0179,-0.1,0.5016,0.006358,0.004961,0.004926
2024-02-23,2024-03-08,0.0383,0.3835,9.1037,-0.1,0.1155,0.007632,0.00838,0.005598
2024-02-23,2024-03-01,0.0192,0.4309,3.8277,-0.1,0.1431,0.005603,0.009749,0.003082
2024-02-23,2024-03-15,0.0575,0.4416,1.0084,-0.1,0.2907,0.004408,0.005933,0.004126
2024-03-01,2024-03-08,0.0192,0.5781,1.0101,-0.1,0.374,0.031168,0.02027,0.010972
2024-03-01,2024-03-15,0.0383,0.5687,1.0168,0.1,0.4055,0.008724,0.004909,0.005887
2024-03-01,2024-03-22,0.0575,0.5689,1.0054,-0.1,0.382,0.004529,0.003723,0.003803
2024-03-01,2024-03-29,0.0767,0.5805,0.9914,-0.1,0.302,0.020077,0.011941,0.011941
2024-03-01,2024-04-26,0.1533,0.5027,0.9951,0.1,0.5056,0.008255,0.004971,0.004987
2024-03-01,2024-05-31,0.2491,0.4696,1.018,-0.1,0.5569,0.007477,0.004669,0.004495
2024-03-01,2024-06-28,0.3258,0.5091,1.0215,0.1,0.4494,0.008654,0.004703,0.004708
2024-03-08,2024-05-31,0.23,0.4765,1.0242,0.1,0.6528,0.009866,0.008851,0.008942
2024-03-08,2024-04-26,0.1342,0.5228,1.0232,-0.1,0.6385,0.015925,0.015579,0.015579
2024-03-08,2024-06-28,0.3066,0.562,1.0245,-0.1,0.4603,0.012761,0.009165,0.009165
2024-03-08,2024-03-22,0.0383,0.4539,13.7759,0.1003,0.1584,0.020923,0.016946,0.016252
2024-03-08,2024-03-29,0.0575,0.4128,20.0,0.1018,0.13,0.043351,0.039605,0.036173
2024-03-15,2024-03-22,0.0192,0.7451,0.0817,-0.0998,2.0,0.027169,0.016124,0.013376
2024-03-15,2024-04-05,0.0575,0.6847,0.9818,-0.1,0.2922,0.011781,0.008694,0.0081
2024-03-15,2024-04-26,0.115,0.6494,1.0075,-0.1,0.4677,0.012999,0.012311,0.012215
2024-03-15,2024-05-31,0.2108,0.6582,1.0299,0.1,0.4513,0.007583,0.007643,0.007483
2024-03-15,2024-06-28,0.2875,0.5994,1.0333,0.1,0.5693,0.004998,0.004493,0.004493
2024-03-22,2024-05-31,0.1916,0.596,1.0383,0.1,0.5866,0.005044,0.004165,0.004221
2024-03-22,2024-04-12,0.0575,0.6362,0.9975,-0.1,0.3278,0.016517,0.010372,0.01943
2024-03-22,2024-04-26,0.0958,0.6551,1.0024,-0.1,0.4354,0.005967,0.005685,0.005685
2024-03-22,2024-04-05,0.0383,0.6731,0.0395,-0.1,2.0,0.011756,0.007576,0.007335
2024-03-29,2024-04-05,0.0192,0.5637,3.1268,-0.0999,0.1683,0.028261,0.021049,0.018878
2024-03-29,2024-04-12,0.0383,0.6204,0.989,-0.1,0.2777,0.009706,0.010178,0.010042
2024-03-29,2024-04-19,0.0575,0.65,0.9941,0.1,0.2434,0.010255,0.011476,0.009175
2024-03-29,2024-04-26,0.0767,0.6314,1.0072,-0.1,0.4815,0.015184,0.007578,0.007578
2024-03-29,2024-05-31,0.1725,0.6409,1.0299,0.1,0.4675,0.006997,0.006465,0.006467
2024-03-29,2024-06-28,0.2491,0.7217,1.0084,-0.1,0.2653,0.010223,0.006844,0.006661
2024-04-05,2024-04-12,0.0192,0.6095,0.9838,-0.1,0.2641,0.022759,0.018252,0.018398
2024-04-05,2024-04-19,0.0383,0.6283,0.9931,0.1,0.3166,0.008302,0.007877,0.006057
2024-04-05,2024-04-26,0.0575,0.6391,0.9924,-0.1,0.3528,0.006041,0.006442,0.00642
2024-04-05,2024-05-31,0.1533,0.6119,1.0101,-0.1,0.4977,0.004433,0.005244,0.004146
2024-04-12,2024-06-28,0.2108,0.5946,1.0097,0.1,0.4501,0.006307,0.005729,0.005729
2024-04-12,2024-05-31,0.1342,0.5757,1.0138,-0.1,0.4346,0.009493,0.007298,0.007584
2024-04-12,2024-09-27,0.46,0.6762,1.0138,-0.1,0.3265,0.007824,0.005302,0.005304
2024-04-12,2024-04-26,0.0383,0.5869,0.9956,-0.1,0.3635,0.011036,0.010471,0.010471
2024-04-12,2024-04-19,0.0192,0.5142,8.232,0.0999,0.1309,0.012815,0.013835,0.013585
2024-04-12,2024-05-03,0.0575,0.6075,0.9913,0.1,0.2578,0.008661,0.006523,0.006523
2024-04-19,2024-06-28,0.1916,0.5808,1.0139,0.1,0.4635,0.006101,0.005723,0.005408
2024-04-19,2024-05-31,0.115,0.5954,1.014,0.1,0.4333,0.007787,0.006431,0.00651
2024-04-19,2024-09-27,0.4408,0.661,1.0131,-0.1,0.3165,0.004891,0.003229,0.003125
2024-04-19,2024-05-03,0.0383,0.6774,0.963,-0.1,0.2672,0.013218,0.01036,0.010251
2024-04-19,2024-04-26,0.0192,0.6787,3.8139,0.0995,0.1828,0.02135,0.010941,0.009857
2024-04-19,2024-05-10,0.0575,0.6406,1.0005,0.1,0.3526,0.014576,0.015423,0.009076
2024-04-26,2024-05-03,0.0192,0.4449,3.8884,0.1,0.1328,0.008824,0.008806,0.007473
2024-04-26,2024-05-10,0.0383,0.4642,1.0073,0.1,0.2776,0.009396,0.006361,0.006252
2024-04-26,2024-05-17,0.0575,0.4667,1.0073,0.1,0.2843,0.007754,0.007546,0.006679
2024-04-26,2024-05-31,0.0958,0.4691,1.0082,0.1,0.3581,0.019089,0.008618,0.008028
2024-04-26,2024-06-28,0.1725,0.501,1.0175,0.1,0.3413,0.006275,0.007371,0.006004
2024-04-26,2024-07-26,0.2491,0.5346,1.0128,-0.1,0.3131,0.008719,0.008455,0.008782
2024-05-03,2024-06-28,0.1533,0.457,1.0115,0.1,0.3781,0.008582,0.005145,0.004739
2024-05-03,2024-09-27,0.4025,0.4693,1.0148,-0.1,0.3906,0.005605,0.004129,0.003915
2024-05-03,2024-05-31,0.0767,0.4572,1.0114,-0.1,0.3706,0.005482,0.0038,0.003215
2024-05-03,2024-07-26,0.23,0.4522,1.0149,0.1,0.3713,0.004401,0.004877,0.004889
2024-05-03,2024-05-17,0.0383,0.479,1.0097,-0.1,0.3149,0.008174,0.004904,0.007388
2024-05-03,2024-05-10,0.0192,0.4659,4.5611,-0.1,0.1242,0.012745,0.008737,0.008236
2024-05-03,2024-05-24,0.0575,0.4685,1.0098,-0.1,0.3242,0.00812,0.005921,0.00425
2024-05-10,2024-05-17,0.0192,0.4322,2.7625,0.1,0.1279,0.015681,0.014523,0.011905
2024-05-10,2024-05-24,0.0383,0.4274,2.6328,0.1,0.1481,0.007416,0.00665,0.005689
2024-05-10,2024-05-31,0.0575,0.4518,1.0,0.1,0.271,0.01511,0.011078,0.011078
2024-05-10,2024-06-28,0.1342,0.4648,1.0088,0.1,0.3153,0.011649,0.005805,0.005806
2024-05-10,2024-07-26,0.2108,0.4635,1.0158,0.1,0.3495,0.005822,0.005735,0.005735
2024-05-10,2024-09-27,0.3833,0.4843,1.015,-0.1,0.3686,0.001779,0.001952,0.001708
2024-05-17,2024-07-26,0.1916,0.4628,1.025,0.1,0.4638,0.007704,0.0077,0.006284
2024-05-17,2024-06-28,0.115,0.4732,1.011,0.1,0.3769,0.010287,0.005789,0.005789
2024-05-17,2024-06-07,0.0575,0.4563,1.0106,-0.1,0.3298,0.010167,0.007289,0.007438
2024-05-17,2024-05-24,0.0192,0.3582,13.3072,-0.1,0.0966,0.016491,0.014943,0.014942
2024-05-17,2024-05-31,0.0383,0.3454,9.8319,0.1,0.1346,0.007409,0.00607,0.006766
2024-05-24,2024-05-31,0.0192,0.374,5.9018,-0.1,0.1183,0.013147,0.014823,0.014823
2024-05-24,2024-06-07,0.0383,0.4313,1.0027,-0.1,0.2207,0.010351,0.013039,0.013011
2024-05-24,2024-06-14,0.0575,0.4449,1.0048,0.1,0.2468,0.007283,0.008416,0.008414
2024-05-24,2024-06-28,0.0958,0.4573,1.0096,0.1,0.3025,0.008526,0.003093,0.00302
2024-05-24,2024-07-26,0.1725,0.461,1.006,-0.1,0.4028,0.007505,0.006445,0.006463
2024-05-24,2024-09-27,0.345,0.4769,1.0147,0.1,0.4375,0.007954,0.004028,0.003805
2024-05-31,2024-07-26,0.1533,0.4525,1.0103,0.1,0.3495,0.003436,0.003397,0.003383
2024-05-31,2024-08-30,0.2491,0.4726,1.0162,0.1,0.3675,0.003296,0.003353,0.003353
2024-05-31,2024-06-28,0.0767,0.4392,1.0077,-0.1,0.2922,0.008613,0.004343,0.004343
2024-05-31,2024-09-27,0.3258,0.4696,1.0176,-0.1,0.4172,0.004727,0.003189,0.003081
2024-05-31,2024-06-14,0.0383,0.4348,1.0012,-0.1,0.1846,0.005034,0.00645,0.005098
2024-05-31,2024-06-21,0.0575,0.4434,1.0013,-0.1,0.1943,0.00421,0.003605,0.003958
2024-05-31,2024-06-07,0.0192,0.4084,1.0013,0.1,0.1448,0.010375,0.014506,0.009901
2024-06-07,2024-06-14,0.0192,0.3951,6.3753,-0.1,0.1004,0.012439,0.010793,0.008271
2024-06-07,2024-06-21,0.0383,0.4107,5.0735,-0.1,0.1166,0.010805,0.010317,0.010306
2024-06-07,2024-06-28,0.0575,0.4528,1.0022,-0.1,0.2684,0.016973,0.017292,0.017292
2024-06-07,2024-07-26,0.1342,0.4502,1.0107,0.1,0.3477,0.006856,0.005188,0.005147
2024-06-07,2024-08-30,0.23,0.4398,1.0167,-0.1,0.4243,0.003429,0.004107,0.002941
2024-06-07,2024-09-27,0.3066,0.4879,1.0154,-0.1,0.3598,0.011646,0.005237,0.005237
2024-06-14,2024-07-26,0.115,0.4091,1.0084,0.1,0.3143,0.006159,0.006973,0.006974
2024-06-14,2024-09-27,0.2875,0.4154,1.0185,0.1,0.4313,0.005184,0.00385,0.003842
2024-06-14,2024-08-30,0.2108,0.4125,1.0166,-0.1,0.3952,0.003646,0.003582,0.003541
2024-06-14,2024-07-05,0.0575,0.4111,1.0032,0.1,0.2174,0.00551,0.003429,0.00577
2024-06-14,2024-06-28,0.0383,0.3956,1.0044,0.1,0.2671,0.016823,0.015493,0.015493
2024-06-14,2024-06-21,0.0192,0.3429,5.7073,0.1,0.1103,0.008841,0.010978,0.013275
2024-06-21,2024-07-05,0.0383,0.3846,1.0047,-0.1,0.2414,0.006629,0.007126,0.003121
2024-06-21,2024-07-12,0.0575,0.4026,1.0045,0.1,0.2289,0.005268,0.004077,0.004214
2024-06-21,2024-07-26,0.0958,0.4096,1.0073,-0.1,0.2816,0.003163,0.002824,0.006631
2024-06-21,2024-08-30,0.1916,0.4179,1.0055,-0.1,0.3719,0.003465,0.004311,0.003412
2024-06-21,2024-09-27,0.2683,0.4508,1.0146,-0.1,0.3658,0.008632,0.002838,0.002834
2024-06-28,2024-08-30,0.1725,0.4124,1.0084,-0.1,0.3113,0.00509,0.004684,0.005106
2024-06-28,2024-09-27,0.2491,0.431,1.0063,-0.1,0.3578,0.007462,0.006773,0.006774
2024-06-28,2024-07-26,0.0767,0.4024,1.0039,0.1,0.2242,0.009038,0.005512,0.004018
2024-06-28,2024-07-12,0.0383,0.3526,4.0709,-0.1,0.1071,0.007446,0.007604,0.004401
2024-06-28,2024-07-05,0.0192,0.375,1.0007,-0.1,0.1388,0.009368,0.01422,0.009454
2024-06-28,2024-07-19,0.0575,0.389,1.0019,-0.1,0.1825,0.007138,0.006832,0.006852
2024-07-05,2024-07-12,0.0192,0.3918,20.0,-0.0998,0.0991,0.038453,0.031475,0.029169
2024-07-05,2024-07-19,0.0383,0.4761,1.0045,0.1,0.2828,0.026548,0.019542,0.02152
2024-07-05,2024-07-26,0.0575,0.4728,0.9997,0.1,0.2137,0.016951,0.016415,0.016333
2024-07-05,2024-08-30,0.1533,0.4706,1.0,0.1,0.1645,0.007867,0.007809,0.007837
2024-07-05,2024-09-27,0.23,0.433,1.0137,0.1,0.3506,0.010709,0.010647,0.010648
2024-07-05,2024-12-27,0.4791,0.5422,1.0085,0.1,0.2562,0.007843,0.004634,0.004629
2024-07-12,2024-12-27,0.46,0.4046,1.016,0.1,0.4826,0.002571,0.002575,0.002582
2024-07-12,2024-09-27,0.2108,0.4478,1.008,-0.1,0.2452,0.009274,0.003533,0.002577
2024-07-12,2024-08-30,0.1342,0.4335,1.0026,-0.1,0.2084,0.004341,0.004166,0.004168
2024-07-12,2024-07-26,0.0383,0.4289,0.9991,0.1,0.1794,0.012618,0.009691,0.009653
2024-07-12,2024-07-19,0.0192,0.427,1.0004,0.1,0.1635,0.019646,0.017653,0.010678
2024-07-12,2024-08-02,0.0575,0.4305,1.0001,0.1,0.1485,0.009696,0.005002,0.005165
2024-07-19,2024-07-26,0.0192,0.4354,5.3467,-0.1,0.1594,0.038446,0.01323,0.0135
2024-07-19,2024-08-02,0.0383,0.4661,2.5354,0.1001,0.2791,0.030006,0.011663,0.011808
2024-07-19,2024-08-09,0.0575,0.3548,9.8303,0.1,0.1618,0.015154,0.010425,0.010232
2024-07-19,2024-08-30,0.115,0.479,1.0165,-0.1,0.4194,0.015324,0.009445,0.009445
2024-07-19,2024-09-27,0.1916,0.3853,1.0246,-0.1,0.5994,0.013546,0.005213,0.005004
2024-07-19,2024-11-08,0.3066,0.3776,1.0161,-0.1,0.6516,0.004603,0.002746,0.002755
2024-07-19,2024-12-27,0.4408,0.3538,0.9989,-0.1,0.6728,0.011419,0.003418,0.003402
2024-07-26,2024-10-25,0.2491,0.4503,1.016,0.1,0.5176,0.004334,0.002425,0.002396
2024-07-26,2024-12-27,0.4216,0.3794,1.0151,0.1,0.6314,0.00537,0.002508,0.002503
2024-07-26,2024-09-27,0.1725,0.5234,1.0065,-0.1,0.353,0.016596,0.003121,0.003121
2024-07-26,2024-08-09,0.0383,0.5651,1.0228,-0.1,0.4791,0.01571,0.006637,0.008308
2024-07-26,2024-08-16,0.0575,0.5331,1.0181,-0.1,0.4317,0.009407,0.008011,0.007092
2024-07-26,2024-08-02,0.0192,0.5352,10.7435,0.0999,0.1714,0.021645,0.007702,0.010515
2024-07-26,2024-08-30,0.0958,0.4953,1.018,-0.1,0.4434,0.014029,0.005672,0.005735
2024-08-02,2024-08-09,0.0192,0.4458,0.5178,0.1,0.165,0.019314,0.020328,0.016396
2024-08-02,2024-08-16,0.0383,0.4321,0.9986,0.1,0.1925,0.014306,0.013344,0.013023
2024-08-02,2024-08-23,0.0575,0.2709,20.0,-0.0994,0.0872,0.028372,0.008842,0.007455
2024-08-02,2024-08-30,0.0767,0.4304,1.0029,-0.1,0.2291,0.011039,0.010357,0.010387
2024-08-02,2024-09-27,0.1533,0.4236,1.0089,-0.1,0.3178,0.005918,0.004781,0.00484
2024-08-02,2024-10-25,0.23,0.3996,1.0145,-0.1,0.395,0.0056,0.005608,0.005606
2024-08-02,2024-11-08,0.2683,0.4131,1.0151,-0.1,0.4124,0.001148,0.002559,0.000965
2024-08-02,2024-12-27,0.4025,0.4192,1.0158,-0.1,0.429,0.004442,0.003581,0.00311
2024-08-09,2024-12-27,0.3833,0.4063,1.0208,0.1,0.5299,0.005822,0.003009,0.003004
2024-08-09,2024-11-08,0.2491,0.4401,1.02,0.1,0.4587,0.004564,0.003806,0.002943
2024-08-09,2024-10-25,0.2108,0.4141,1.0195,-0.1,0.4584,0.007781,0.007412,0.006924
2024-08-09,2024-08-16,0.0192,0.4955,10.8885,-0.1018,0.0985,0.02926,0.014697,0.014703
2024-08-09,2024-08-30,0.0575,0.5138,0.9963,-0.1,0.2292,0.016729,0.009043,0.008952
2024-08-09,2024-08-23,0.0383,0.5292,0.9989,0.1,0.1748,0.01759,0.007297,0.007042
2024-08-09,2024-09-27,0.1342,0.458,1.0128,0.1,0.3684,0.010752,0.009497,0.009497
2024-08-16,2024-11-08,0.23,0.4535,1.0217,-0.1,0.4775,0.001962,0.003825,0.001602
2024-08-16,2024-12-27,0.3641,0.4531,1.0196,0.1,0.4866,0.002083,0.001064,0.001084
2024-08-16,2024-09-27,0.115,0.4696,1.0085,-0.1,0.3028,0.004712,0.007473,0.004153
2024-08-16,2024-10-25,0.1916,0.4594,1.0088,0.1,0.3472,0.002808,0.002565,0.00257
2024-08-16,2024-08-30,0.0383,0.4811,0.9968,-0.1,0.2567,0.01629,0.014064,0.013265
2024-08-16,2024-08-23,0.0192,0.4563,3.2593,-0.1006,0.1677,0.025559,0.019132,0.019132
2024-08-16,2024-09-06,0.0575,0.4711,1.003,0.1,0.2492,0.007008,0.003126,0.002901
2024-08-23,2024-12-27,0.345,0.4255,1.0142,-0.1,0.554,0.003294,0.003168,0.00317
2024-08-23,2024-10-25,0.1725,0.4605,1.0104,0.1,0.3469,0.006863,0.005977,0.005805
2024-08-23,2024-09-27,0.0958,0.4506,1.0114,0.1,0.3473,0.011448,0.005294,0.005295
2024-08-23,2024-11-08,0.2108,0.4815,1.0222,-0.1,0.4502,0.005364,0.003006,0.002997
2024-08-23,2024-09-06,0.0383,0.4622,1.0009,0.1,0.2095,0.005699,0.00739,0.005248
2024-08-23,2024-09-13,0.0575,0.4734,1.0008,0.1,0.214,0.00396,0.004858,0.004155
2024-08-30,2024-11-29,0.2491,0.489,1.0187,0.1,0.3943,0.001971,0.001767,0.001769
2024-08-30,2024-09-06,0.0192,0.4297,2.1928,-0.1,0.1314,0.008094,0.011927,0.005488
2024-08-30,2024-09-13,0.0383,0.4421,1.0003,0.1,0.206,0.007881,0.009032,0.009033
2024-08-30,2024-09-20,0.0575,0.4538,1.0037,0.1,0.2473,0.00722,0.008305,0.008301
2024-08-30,2024-09-27,0.0767,0.4481,1.0074,-0.1,0.2756,0.010272,0.003031,0.003256
2024-08-30,2024-10-25,0.1533,0.4616,1.0057,-0.1,0.2798,0.003065,0.002192,0.00551
2024-08-30,2024-11-08,0.1916,0.4993,1.002,0.1,0.3634,0.001618,0.002498,0.002514
2024-08-30,2024-12-27,0.3258,0.4979,1.0177,-0.1,0.4048,0.002173,0.002776,0.002159
2024-09-06,2024-12-27,0.3066,0.5063,1.0189,-0.1,0.4144,0.004807,0.003575,0.003585
2024-09-06,2024-11-08,0.1725,0.5612,1.0007,0.1,0.2956,0.005025,0.004125,0.00412
2024-09-06,2024-11-29,0.23,0.5742,1.0084,0.1,0.2606,0.005093,0.005047,0.002957
2024-09-06,2024-10-25,0.1342,0.5119,1.0009,-0.1,0.2633,0.005884,0.006421,0.004638
2024-09-06,2024-09-20,0.0383,0.5508,0.9837,0.1,0.1981,0.017139,0.010848,0.01088
2024-09-06,2024-09-27,0.0575,0.5326,0.988,0.1,0.2349,0.015562,0.012223,0.011964
2024-09-06,2024-09-13,0.0192,0.638,1.0134,0.1,0.0083,0.065943,0.028822,0.028693
2024-09-13,2024-11-29,0.2108,0.5174,1.015,0.1,0.3359,0.003328,0.003583,0.003578
2024-09-13,2024-11-08,0.1533,0.512,1.0101,-0.1,0.3366,0.001826,0.002244,0.001493
2024-09-13,2024-10-25,0.115,0.4398,1.0117,0.1,0.3485,0.002847,0.002545,0.002488
2024-09-13,2024-12-27,0.2875,0.486,1.0137,0.1,0.4105,0.002104,0.002886,0.00172
2024-09-13,2024-09-27,0.0383,0.4757,1.0002,0.1,0.2208,0.008976,0.005672,0.004236
2024-09-13,2024-10-04,0.0575,0.4589,1.0053,-0.1,0.2644,0.005741,0.003548,0.003107
2024-09-20,2024-10-04,0.0383,0.4586,1.0012,-0.1,0.2228,0.010614,0.011256,0.010759
2024-09-20,2024-10-11,0.0575,0.4469,1.0067,0.1,0.2751,0.008115,0.005589,0.005589
2024-09-20,2024-10-25,0.0958,0.4599,1.0062,-0.1,0.2723,0.005737,0.004479,0.004479
2024-09-20,2024-11-08,0.1342,0.5083,1.0087,0.1,0.3361,0.004526,0.002407,0.002407
2024-09-20,2024-11-29,0.1916,0.4898,1.0235,0.1,0.3768,0.00438,0.003178,0.003176
2024-09-20,2024-12-27,0.2683,0.4855,1.0171,-0.1,0.3895,0.008503,0.006026,0.006027
2024-09-27,2024-12-27,0.2491,0.4386,1.0191,-0.1,0.4397,0.00846,0.007456,0.007455
2024-09-27,2024-11-29,0.1725,0.4834,1.0102,-0.1,0.3463,0.003717,0.003413,0.003157
2024-09-27,2024-10-25,0.0767,0.4464,1.006,-0.1,0.2666,0.007419,0.005788,0.003859
2024-09-27,2024-11-08,0.115,0.4955,1.0103,0.1,0.3317,0.006212,0.006093,0.006093
2024-09-27,2024-10-11,0.0383,0.4518,1.0031,-0.1,0.2109,0.009502,0.006554,0.00652
2024-09-27,2024-10-04,0.0192,0.3361,17.7025,-0.1,0.079,0.024309,0.012241,0.012185
2024-09-27,2024-10-18,0.0575,0.4336,1.0065,0.1,0.2576,0.008761,0.004463,0.004464
2024-10-04,2024-10-11,0.0192,0.461,1.0011,0.1,0.1731,0.009338,0.009644,0.00883
2024-10-04,2024-10-18,0.0383,0.4506,1.0005,-0.1,0.1785,0.009462,0.008528,0.008677
2024-10-04,2024-10-25,0.0575,0.4527,1.0025,-0.1,0.2378,0.006406,0.005319,0.005359
2024-10-04,2024-11-08,0.0958,0.508,1.0072,0.1,0.3047,0.003782,0.004297,0.003305
2024-10-04,2024-11-29,0.1533,0.4841,1.011,-0.1,0.352,0.005042,0.004141,0.004136
2024-10-04,2024-12-27,0.23,0.4492,1.0189,0.1,0.4163,0.004901,0.002884,0.002861
2024-10-11,2024-12-27,0.2108,0.4075,1.0194,-0.1,0.4434,0.004536,0.004284,0.003598
2024-10-11,2024-11-29,0.1342,0.458,1.0108,-0.1,0.3459,0.005851,0.005363,0.005364
2024-10-11,2024-11-08,0.0767,0.4724,1.011,0.1,0.3338,0.006407,0.003307,0.006613
2024-10-11,2024-11-01,0.0575,0.4071,1.0088,-0.1,0.2827,0.009867,0.002166,0.002335
2024-10-11,2024-10-18,0.0192,0.4019,1.0008,-0.1,0.1461,0.012643,0.007985,0.010545
2024-10-11,2024-10-25,0.0383,0.3136,11.5436,-0.1,0.1016,0.008388,0.008397,0.008398
2024-10-18,2024-10-25,0.0192,0.3637,5.8341,0.1001,0.1192,0.02672,0.027371,0.020648
2024-10-18,2024-11-01,0.0383,0.3504,7.4299,0.1,0.1196,0.009535,0.007804,0.007804
2024-10-18,2024-11-08,0.0575,0.4827,1.0153,-0.1,0.3507,0.012674,0.004213,0.004213
2024-10-18,2024-11-29,0.115,0.4644,1.0112,-0.1,0.3563,0.008429,0.007679,0.007679
2024-10-18,2024-12-27,0.1916,0.4731,1.0076,0.1,0.3296,0.007683,0.003767,0.003767
2024-10-25,2025-03-28,0.4216,0.4996,1.0072,0.1,0.2424,0.006574,0.001184,0.001189
2024-10-25,2025-01-31,0.2683,0.426,1.0159,-0.1,0.3976,0.004963,0.003937,0.003531
2024-10-25,2024-12-27,0.1725,0.4443,1.0058,-0.1,0.36,0.014114,0.003126,0.002688
2024-10-25,2024-11-15,0.0575,0.5163,1.0023,-0.1,0.2896,0.008942,0.005044,0.004764
2024-10-25,2024-11-08,0.0383,0.5328,1.0115,0.1,0.3219,0.011078,0.007462,0.007462
2024-10-25,2024-11-29,0.0958,0.4786,1.0113,-0.1,0.3414,0.006985,0.004755,0.004766
2024-10-25,2024-11-01,0.0192,0.2977,20.0,-0.1006,0.069,0.017891,0.015757,0.014625
2024-11-01,2024-11-08,0.0192,0.596,13.3579,-0.1002,0.1175,0.017831,0.010796,0.010796
2024-11-01,2024-11-15,0.0383,0.4566,20.0,0.0987,0.1138,0.168191,0.137885,0.113212
2024-11-01,2024-11-22,0.0575,0.5515,1.0019,-0.1,0.2989,0.008792,0.006229,0.00688
2024-11-01,2024-11-29,0.0767,0.5214,1.0106,-0.1,0.3393,0.007341,0.004524,0.004533
2024-11-01,2024-12-27,0.1533,0.4719,1.0101,-0.1,0.3339,0.006475,0.005696,0.004919
2024-11-01,2025-01-31,0.2491,0.411,1.0172,-0.1,0.4157,0.002872,0.004571,0.00232
2024-11-01,2025-03-28,0.4025,0.38,0.996,-0.1,0.4502,0.003467,0.003465,0.00342
2024-11-08,2024-11-29,0.0575,0.4578,1.0024,0.1,0.2162,0.014845,0.013848,0.013848
2024-11-08,2025-01-31,0.23,0.4193,1.0145,-0.1,0.3659,0.006956,0.005623,0.005636
2024-11-08,2024-12-27,0.1342,0.4561,1.0073,-0.1,0.2884,0.006108,0.005267,0.005267
2024-11-08,2024-11-22,0.0383,0.4646,1.002,0.1,0.1996,0.01311,0.011092,0.011099
2024-11-08,2024-11-15,0.0192,0.3984,6.4889,0.1,0.1053,0.02195,0.022592,0.022592
2024-11-15,2024-12-06,0.0575,0.5229,1.0098,-0.1,0.316,0.009358,0.011471,0.011771
2024-11-15,2024-12-27,0.115,0.2526,10.5824,0.1007,0.1697,0.010481,0.009371,0.009371
2024-11-15,2025-01-31,0.2108,0.4156,1.0228,-0.1,0.4763,0.009372,0.009564,0.005719
2024-11-15,2025-03-28,0.3641,0.4157,1.007,0.1,0.4371,0.001984,0.001227,0.001244
2024-11-22,2024-12-06,0.0383,0.5405,1.0202,-0.1,0.4248,0.015847,0.013271,0.013271
2024-11-22,2025-03-28,0.345,0.5069,1.0152,0.1,0.3775,0.010082,0.002573,0.002573
2024-11-22,2025-01-31,0.1916,0.4946,1.0229,0.1,0.4252,0.011336,0.007116,0.007116
2024-11-22,2024-12-13,0.0575,0.519,1.02,0.1,0.4372,0.006705,0.005342,0.005301
2024-11-22,2024-12-27,0.0958,0.5263,1.0042,0.1,0.3655,0.014385,0.011751,0.011751
2024-11-29,2025-02-28,0.2491,0.4431,1.0189,0.1,0.4426,0.005433,0.004445,0.004442
2024-11-29,2025-01-31,0.1725,0.4461,1.0243,0.1,0.4495,0.006959,0.003288,0.003288
2024-11-29,2024-12-27,0.0767,0.4857,1.0046,-0.1,0.3374,0.011488,0.011299,0.011299
2024-11-29,2025-03-28,0.3258,0.5327,1.0083,0.1,0.2536,0.008175,0.002893,0.002895
2024-11-29,2024-12-13,0.0383,0.3531,12.4918,0.0997,0.1241,0.007805,0.007891,0.007891
2024-11-29,2024-12-20,0.0575,0.4801,1.0112,0.1,0.3385,0.007455,0.007232,0.00707
2024-12-06,2024-12-13,0.0192,0.396,20.0,0.1,0.0975,0.040542,0.026373,0.026373
2024-12-06,2024-12-20,0.0383,0.5162,1.0058,-0.1,0.3112,0.027094,0.021937,0.01543
2024-12-06,2024-12-27,0.0575,0.5048,1.0043,-0.1,0.3597,0.015139,0.014188,0.014188
2024-12-06,2025-01-31,0.1533,0.4711,1.0102,0.1,0.4344,0.009429,0.009145,0.008664
2024-12-06,2025-02-28,0.23,0.4327,1.0217,-0.1,0.4867,0.007611,0.004779,0.004576
2024-12-06,2025-03-28,0.3066,0.4126,1.017,0.1,0.5111,0.004443,0.004074,0.00213
2024-12-13,2025-01-31,0.1342,0.4867,1.0063,-0.1,0.4163,0.003401,0.002896,0.002891
2024-12-13,2025-02-28,0.2108,0.4771,1.0223,-0.1,0.4395,0.002591,0.00263,0.002686
2024-12-13,2025-03-28,0.2875,0.4315,1.0223,0.1,0.5089,0.001946,0.001857,0.001857
2024-12-13,2025-01-03,0.0575,0.4886,1.0118,0.1,0.3381,0.007554,0.004496,0.005821
2024-12-13,2024-12-27,0.0383,0.4081,5.4984,0.1001,0.1729,0.020251,0.017717,0.017717
2024-12-20,2025-01-03,0.0383,0.5072,1.0118,0.1,0.3515,0.016152,0.014727,0.014092
2024-12-20,2025-01-10,0.0575,0.5067,1.014,0.1,0.3614,0.013818,0.011966,0.011681
2024-12-20,2025-01-31,0.115,0.514,1.0131,-0.1,0.3927,0.011868,0.009903,0.009988
2024-12-20,2025-02-28,0.1916,0.5011,1.0105,0.1,0.428,0.007927,0.00666,0.00663
2024-12-20,2025-03-28,0.2683,0.4727,1.0226,-0.1,0.4751,0.008483,0.008241,0.008241
2024-12-27,2025-03-28,0.2491,0.4604,1.013,-0.1,0.4861,0.006502,0.005249,0.005249
2024-12-27,2025-02-28,0.1725,0.4715,0.9959,-0.1,0.491,0.003597,0.003322,0.003325
2024-12-27,2025-01-31,0.0958,0.5068,1.0097,0.1,0.3976,0.007979,0.006483,0.005523
2024-12-27,2025-01-03,0.0192,0.4087,20.0,-0.0991,0.0909,0.132032,0.112409,0.107857
2024-12-27,2025-01-10,0.0383,0.3552,17.6067,-0.1001,0.1125,0.010841,0.011586,0.011586
2024-12-27,2025-01-17,0.0575,0.2621,20.0,-0.1008,0.1248,0.052702,0.041593,0.041593
2025-01-03,2025-02-28,0.1533,0.4586,1.0126,-0.1,0.5156,0.006073,0.005289,0.005804
2025-01-03,2025-03-28,0.23,0.4316,1.026,-0.1,0.5569,0.005701,0.003047,0.003048
2025-01-03,2025-01-31,0.0767,0.4963,1.0105,-0.1,0.3937,0.00764,0.007595,0.007595
2025-01-03,2025-06-27,0.4791,0.35,1.0185,-0.1,0.6141,0.00824,0.005798,0.005403
2025-01-03,2025-01-17,0.0383,0.4926,1.0051,-0.1,0.2432,0.011332,0.008024,0.011674
2025-01-03,2025-01-24,0.0575,0.5,1.0098,-0.1,0.3144,0.008006,0.006138,0.006092
2025-01-10,2025-01-17,0.0192,0.5126,1.001,-0.1,0.2126,0.015396,0.011712,0.007959
2025-01-10,2025-01-24,0.0383,0.517,0.9999,-0.1,0.2259,0.007968,0.00586,0.005854
2025-01-10,2025-01-31,0.0575,0.5155,1.0019,-0.1,0.2877,0.006777,0.005674,0.005684
2025-01-10,2025-02-28,0.1342,0.4886,1.0123,-0.1,0.393,0.004259,0.004199,0.003767
2025-01-10,2025-03-28,0.2108,0.5118,1.0071,0.1,0.3367,0.01062,0.004303,0.004303
2025-01-10,2025-06-27,0.46,0.4349,1.0182,0.1,0.475,0.007711,0.002956,0.002984
2025-01-17,2025-06-27,0.4408,0.4184,1.0022,0.1,0.5199,0.004502,0.002812,0.002812
2025-01-17,2025-03-28,0.1916,0.5078,1.0001,-0.1,0.4114,0.011208,0.004699,0.004699
2025-01-17,2025-02-28,0.115,0.5047,1.016,0.1,0.4346,0.008703,0.004047,0.003904
2025-01-17,2025-02-07,0.0575,0.5394,1.0157,0.1,0.389,0.007345,0.007879,0.005114
2025-01-17,2025-01-24,0.0192,0.4485,20.0,-0.1,0.0986,0.016833,0.01416,0.013577
2025-01-24,2025-01-31,0.0192,0.4888,3.6165,-0.1,0.1841,0.029322,0.031719,0.026659
2025-01-24,2025-02-07,0.0383,0.5152,1.0128,0.1,0.3375,0.011753,0.007433,0.006993
2025-01-24,2025-02-14,0.0575,0.5124,1.0105,0.1,0.3245,0.007918,0.005748,0.007816
2025-01-24,2025-02-28,0.0958,0.484,1.0176,0.1,0.4159,0.008539,0.004426,0.005192
2025-01-24,2025-03-28,0.1725,0.4828,1.0056,0.1,0.416,0.007037,0.003256,0.003257
2025-01-24,2025-06-27,0.4216,0.4079,1.016,0.1,0.5077,0.005111,0.002705,0.001131
2025-01-31,2025-03-28,0.1533,0.4631,1.0116,-0.1,0.3685,0.007774,0.0043,0.004299
2025-01-31,2025-04-25,0.23,0.4573,1.0173,0.1,0.3814,0.003151,0.00216,0.002149
2025-01-31,2025-02-28,0.0767,0.4544,1.0103,-0.1,0.3211,0.007894,0.004765,0.004765
2025-01-31,2025-06-27,0.4025,0.4089,0.9982,0.1,0.4668,0.005978,0.002403,0.001994
2025-01-31,2025-02-14,0.0383,0.3649,10.2741,-0.1,0.1111,0.003776,0.003806,0.003446
2025-01-31,2025-02-07,0.0192,0.4405,1.8755,-0.1,0.1293,0.010045,0.008003,0.010201
2025-01-31,2025-02-21,0.0575,0.4595,1.0052,-0.1,0.249,0.003335,0.003116,0.003098
2025-02-07,2025-04-25,0.2108,0.4308,1.017,-0.1,0.4099,0.00336,0.005211,0.0031
2025-02-07,2025-03-28,0.1342,0.4856,0.0766,-0.1001,2.0,0.010579,0.004911,0.004911
2025-02-07,2025-06-27,0.3833,0.4485,1.0152,0.1,0.3953,0.003448,0.002091,0.002094
2025-02-07,2025-02-21,0.0383,0.4506,1.0013,0.1,0.213,0.019027,0.007836,0.007674
2025-02-07,2025-02-14,0.0192,0.4537,0.64,0.1,0.1766,0.011108,0.012676,0.01134
2025-02-07,2025-02-28,0.0575,0.462,1.0031,-0.1,0.2436,0.007209,0.00471,0.004704
2025-02-14,2025-02-21,0.0192,0.3213,19.8634,-0.0999,0.0674,0.007269,0.007632,0.007165
2025-02-14,2025-02-28,0.0383,0.4216,1.0037,0.1,0.2259,0.008093,0.008427,0.008399
2025-02-14,2025-03-07,0.0575,0.4393,1.005,0.1,0.2321,0.006076,0.006589,0.003889
2025-02-14,2025-03-28,0.115,0.4541,1.0092,-0.1,0.308,0.005707,0.005282,0.007584
2025-02-14,2025-04-25,0.1916,0.4412,1.0033,0.1,0.3758,0.0047,0.004322,0.00436
2025-02-14,2025-06-27,0.3641,0.4546,1.0153,-0.1,0.3785,0.00687,0.001657,0.001666
2025-02-21,2025-04-25,0.1725,0.4294,1.0088,-0.1,0.3288,0.003725,0.003812,0.003817
2025-02-21,2025-03-28,0.0958,0.4154,1.0087,-0.1,0.2984,0.006859,0.006244,0.006244
2025-02-21,2025-06-27,0.345,0.4315,1.0154,0.1,0.3855,0.002909,0.00138,0.001127
2025-02-21,2025-03-07,0.0383,0.4054,0.5956,0.1,0.2023,0.011585,0.010464,0.010434
2025-02-21,2025-02-28,0.0192,0.3241,6.2212,-0.1,0.1148,0.014067,0.014939,0.013651
2025-02-21,2025-03-14,0.0575,0.4159,1.0022,-0.1,0.1866,0.005844,0.004537,0.004386
2025-02-28,2025-03-07,0.0192,0.4553,15.7229,0.0999,0.1101,0.026906,0.025919,0.022157
2025-02-28,2025-03-14,0.0383,0.3768,20.0,-0.0993,0.0962,0.022632,0.017221,0.015594
2025-02-28,2025-03-21,0.0575,0.4926,1.0004,-0.1,0.2316,0.031466,0.013109,0.013075
2025-02-28,2025-03-28,0.0767,0.3783,9.0194,-0.1012,0.1355,0.037646,0.013892,0.013892
2025-02-28,2025-04-25,0.1533,0.4691,1.0031,-0.1,0.244,0.010164,0.007129,0.007131
2025-02-28,2025-05-30,0.2491,0.4136,1.0125,-0.1,0.3717,0.004326,0.00437,0.00437
2025-02-28,2025-06-27,0.3258,0.4456,1.0125,0.1,0.3314,0.004603,0.0043,0.004328
2025-03-07,2025-06-27,0.3066,0.4015,0.999,-0.1,0.4408,0.002272,0.002003,0.002005
2025-03-07,2025-05-30,0.23,0.4443,1.016,0.1,0.366,0.011756,0.010642,0.007096
2025-03-07,2025-04-25,0.1342,0.4751,1.0066,-0.1,0.2925,0.012665,0.008489,0.008443
2025-03-07,2025-03-21,0.0383,0.5152,1.0025,0.1,0.303,0.01714,0.018702,0.016983
2025-03-07,2025-03-14,0.0192,0.4146,20.0,-0.0995,0.1099,0.025035,0.026177,0.025994
2025-03-07,2025-03-28,0.0575,0.4877,1.002,-0.1,0.3096,0.018244,0.009363,0.009392
2025-03-14,2025-03-21,0.0192,0.5133,0.2758,0.1,0.2295,0.017194,0.013156,0.008695
2025-03-14,2025-03-28,0.0383,0.4992,0.0431,-0.1006,2.0,0.03006,0.010518,0.010519
2025-03-14,2025-04-04,0.0575,0.4994,0.9995,0.1,0.1775,0.007344,0.003958,0.003589
2025-03-14,2025-04-25,0.115,0.4827,1.0039,-0.1,0.2526,0.009439,0.003342,0.003343
2025-03-14,2025-05-30,0.2108,0.4709,1.0195,-0.1,0.3002,0.003594,0.004298,0.002972
2025-03-14,2025-06-27,0.2875,0.4358,1.0155,-0.1,0.3835,0.001032,0.001451,0.000908
2025-03-21,2025-05-30,0.1916,0.415,1.0048,-0.1,0.3209,0.00227,0.003323,0.003342
2025-03-21,2025-04-25,0.0958,0.4298,1.0049,-0.1,0.2495,0.003659,0.003885,0.005977
2025-03-21,2025-06-27,0.2683,0.3989,1.0125,-0.1,0.3711,0.006738,0.002285,0.002285
2025-03-21,2025-04-04,0.0383,0.4274,1.0039,-0.1,0.2125,0.004869,0.005664,0.005657
2025-03-21,2025-03-28,0.0192,0.3865,4.6921,0.1001,0.1118,0.011639,0.008082,0.006834
2025-03-21,2025-04-11,0.0575,0.4223,1.0053,0.1,0.2325,0.004324,0.003598,0.003593
2025-03-28,2025-04-04,0.0192,0.4233,7.7825,0.1022,0.0992,0.055234,0.020219,0.009863
2025-03-28,2025-04-11,0.0383,0.4461,1.0006,0.1,0.1666,0.012944,0.006191,0.006192
2025-03-28,2025-04-18,0.0575,0.4279,1.0016,0.1,0.1864,0.009708,0.006024,0.00629
2025-03-28,2025-04-25,0.0767,0.4402,1.0025,0.1,0.2203,0.013943,0.011254,0.010888
2025-03-28,2025-05-30,0.1725,0.4217,1.0032,-0.1,0.2933,0.008432,0.00428,0.004309
2025-03-28,2025-06-27,0.2491,0.3758,0.9954,-0.1,0.3951,0.011818,0.002967,0.002969
2025-04-04,2025-06-27,0.23,0.4526,1.011,-0.1,0.2924,0.016814,0.005876,0.00454
2025-04-04,2025-05-30,0.1533,0.4893,1.0027,0.1,0.1754,0.008743,0.008919,0.007892
2025-04-04,2025-04-18,0.0383,0.5044,0.9977,0.1,0.1339,0.019697,0.009956,0.009141
2025-04-04,2025-04-11,0.0192,0.4704,19.2605,-0.0978,0.0648,0.061628,0.022005,0.022031
2025-04-04,2025-04-25,0.0575,0.4893,0.9981,-0.1,0.1854,0.012436,0.007979,0.007024
2025-04-11,2025-04-18,0.0192,0.5344,0.9936,-0.1,0.1484,0.019247,0.011191,0.011167
2025-04-11,2025-04-25,0.0383,0.4991,0.9997,0.1,0.2465,0.011687,0.00707,0.007067
2025-04-11,2025-05-02,0.0575,0.4827,1.0053,-0.1,0.2359,0.005711,0.007956,0.005612
2025-04-11,2025-05-30,0.1342,0.4551,1.0074,0.1,0.3008,0.007046,0.005507,0.005943
2025-04-11,2025-06-27,0.2108,0.4335,1.0142,0.1,0.3469,0.007476,0.004475,0.003311
2025-04-11,2025-09-26,0.46,0.49,1.0069,-0.1,0.2385,0.005059,0.003465,0.003482
2025-04-18,2025-06-27,0.1916,0.4193,1.0062,-0.1,0.3126,0.003751,0.003524,0.003524
2025-04-18,2025-05-09,0.0575,0.4,1.0052,0.1,0.2374,0.005566,0.005545,0.005546
2025-04-18,2025-05-30,0.115,0.4184,1.006,0.1,0.2683,0.003166,0.005424,0.002953
2025-04-18,2025-04-25,0.0192,0.3615,2.5233,0.1,0.1408,0.017305,0.021306,0.01234
2025-04-18,2025-05-02,0.0383,0.3874,1.0046,0.1,0.2236,0.007032,0.00568,0.006341
2025-04-25,2025-05-02,0.0192,0.3775,3.6688,-0.1,0.138,0.010151,0.014342,0.010943
2025-04-25,2025-05-09,0.0383,0.4004,1.007,-0.1,0.2508,0.008952,0.009897,0.009792
2025-04-25,2025-05-16,0.0575,0.4111,1.0072,0.1,0.261,0.008619,0.008201,0.008191
2025-04-25,2025-05-30,0.0958,0.4001,1.0087,0.1,0.3061,0.009474,0.007584,0.007584
2025-04-25,2025-06-27,0.1725,0.3959,1.0064,0.1,0.3442,0.007175,0.004853,0.004853
2025-04-25,2025-07-25,0.2491,0.3806,1.014,0.1,0.3929,0.004142,0.001903,0.001919
2025-04-25,2025-09-26,0.4216,0.3361,1.0114,-0.1,0.4557,0.004485,0.001959,0.002348
2025-05-02,2025-09-26,0.4025,0.363,0.9991,-0.1,0.4206,0.003061,0.003859,0.003822
2025-05-02,2025-07-25,0.23,0.3767,1.0109,-0.1,0.3903,0.004437,0.003791,0.003799
2025-05-02,2025-06-27,0.1533,0.399,1.0095,0.1,0.3208,0.006981,0.003231,0.003221
2025-05-02,2025-05-30,0.0767,0.3993,1.0067,0.1,0.273,0.014176,0.009285,0.009285
2025-05-02,2025-05-16,0.0383,0.3493,5.646,-0.0999,0.1281,0.008771,0.009634,0.007078
2025-05-02,2025-05-09,0.0192,0.3857,1.0028,-0.1,0.2004,0.012585,0.018106,0.009748
2025-05-02,2025-05-23,0.0575,0.4011,1.0072,0.1,0.2599,0.011858,0.008805,0.008714
2025-05-09,2025-05-16,0.0192,0.3858,1.9976,0.1,0.169,0.011039,0.014621,0.013041
2025-05-09,2025-05-23,0.0383,0.4013,1.0049,-0.1,0.216,0.008244,0.004284,0.004286
2025-05-09,2025-05-30,0.0575,0.3809,1.0061,-0.1,0.2816,0.014775,0.015441,0.015441
2025-05-09,2025-06-27,0.1342,0.3879,1.0055,-0.1,0.3057,0.004978,0.005897,0.005897
2025-05-09,2025-07-25,0.2108,0.3826,1.0111,-0.1,0.3467,0.003557,0.006105,0.002958
2025-05-09,2025-09-26,0.3833,0.3469,0.9993,0.1,0.4221,0.005178,0.00088,0.000843
2025-05-16,2025-07-25,0.1916,0.3662,1.0094,0.1,0.3151,0.002139,0.00152,0.001521
2025-05-16,2025-09-26,0.3641,0.3555,0.9987,-0.1,0.37,0.003536,0.002012,0.0019
2025-05-16,2025-06-27,0.115,0.3577,1.0065,0.1,0.2824,0.00712,0.006957,0.006957
2025-05-16,2025-05-23,0.0192,0.3268,1.861,-0.1,0.1392,0.010699,0.012424,0.010722
2025-05-16,2025-05-30,0.0383,0.2813,7.3513,0.1001,0.1093,0.007244,0.006432,0.006451
2025-05-16,2025-06-06,0.0575,0.3593,1.0049,-0.1,0.222,0.006617,0.002635,0.002628
2025-05-23,2025-06-06,0.0383,0.4209,1.0059,-0.1,0.2353,0.011051,0.006943,0.006943
2025-05-23,2025-06-13,0.0575,0.4155,1.0074,0.1,0.2707,0.005951,0.00537,0.004306
2025-05-23,2025-06-27,0.0958,0.4135,1.0066,0.1,0.2791,0.011888,0.01083,0.01083
2025-05-23,2025-07-25,0.1725,0.4071,1.0116,0.1,0.3192,0.003927,0.003249,0.003249
2025-05-23,2025-09-26,0.345,0.3865,1.0121,-0.1,0.3576,0.003454,0.002459,0.001575
2025-05-30,2025-06-06,0.0192,0.3837,0.4629,-0.1,0.2206,0.017133,0.021712,0.008605
2025-05-30,2025-06-13,0.0383,0.3874,1.0022,0.1,0.1869,0.006729,0.008313,0.005461
2025-05-30,2025-06-20,0.0575,0.3956,1.0032,0.1,0.206,0.007583,0.007277,0.007298
2025-05-30,2025-06-27,0.0767,0.3897,1.0059,0.1,0.2489,0.010867,0.009109,0.009109
2025-05-30,2025-07-25,0.1533,0.3928,1.0067,-0.1,0.2723,0.00492,0.003291,0.003292
2025-05-30,2025-08-29,0.2491,0.4041,1.0081,-0.1,0.2617,0.005691,0.005644,0.005649
2025-05-30,2025-09-26,0.3258,0.3724,1.0061,0.1,0.331,0.003178,0.002145,0.002146
2025-06-06,2025-08-29,0.23,0.3753,1.0071,0.1,0.2649,0.004287,0.00402,0.004034
2025-06-06,2025-07-25,0.1342,0.366,1.0048,-0.1,0.26,0.00537,0.005178,0.005166
2025-06-06,2025-09-26,0.3066,0.3512,1.0089,0.1,0.3283,0.003481,0.00455,0.003283
2025-06-06,2025-06-20,0.0383,0.3656,1.0015,-0.1,0.1644,0.010054,0.007852,0.018141
2025-06-06,2025-06-13,0.0192,0.3473,1.2119,0.1,0.1519,0.010893,0.015591,0.008343
2025-06-06,2025-06-27,0.0575,0.3825,0.0323,0.0999,2.0,0.013146,0.017131,0.017131
2025-06-13,2025-09-26,0.2875,0.3439,0.9995,0.1,0.3237,0.002821,0.002351,0.002351
2025-06-13,2025-08-29,0.2108,0.3692,1.0065,-0.1,0.2546,0.005854,0.002393,0.002394
2025-06-13,2025-07-25,0.115,0.3706,1.004,0.1,0.2161,0.005934,0.005502,0.005467
2025-06-13,2025-06-20,0.0192,0.363,2.5537,-0.1,0.1341,0.01958,0.018492,0.01291
2025-06-13,2025-06-27,0.0383,0.3624,1.0026,-0.1,0.1897,0.009396,0.011714,0.006186
2025-06-13,2025-07-04,0.0575,0.3657,1.001,-0.1,0.1608,0.01117,0.006469,0.006459
2025-06-20,2025-06-27,0.0192,0.3522,1.193,0.1,0.1499,0.029929,0.026302,0.026298
2025-06-20,2025-07-04,0.0383,0.3371,1.0036,0.1,0.2,0.009226,0.007849,0.006196
2025-06-20,2025-07-25,0.0958,0.3711,1.0007,0.1,0.1558,0.009837,0.004601,0.004882
2025-06-20,2025-08-29,0.1916,0.3792,1.0025,-0.1,0.1891,0.002391,0.002572,0.00138
2025-06-20,2025-09-26,0.2683,0.3836,1.0045,-0.1,0.2136,0.001734,0.000792,0.00081
2025-06-20,2025-07-11,0.0575,0.3538,1.0005,0.1,0.1493,0.00716,0.005067,0.007673
2025-06-27,2025-07-04,0.0192,0.3038,0.5746,-0.1,0.2001,0.009594,0.024487,0.007937
2025-06-27,2025-07-11,0.0383,0.318,1.001,-0.1,0.1622,0.007351,0.003147,0.003771
2025-06-27,2025-07-18,0.0575,0.3231,1.0016,-0.1,0.1721,0.012576,0.005362,0.007597
2025-06-27,2025-07-25,0.0767,0.3353,1.002,0.1,0.1799,0.007422,0.004968,0.00496
2025-06-27,2025-08-29,0.1725,0.3523,1.0031,0.1,0.1989,0.002987,0.002264,0.002225
2025-06-27,2025-09-26,0.2491,0.3399,0.9987,0.1,0.2669,0.001917,0.005647,0.001678
2025-07-04,2025-12-26,0.4791,0.3482,1.0052,0.1,0.2885,0.001443,0.001402,0.001445
2025-07-04,2025-09-26,0.23,0.3236,0.9987,0.1,0.3041,0.009894,0.003967,0.003967
2025-07-04,2025-08-29,0.1533,0.3427,1.0033,-0.1,0.2241,0.00434,0.004086,0.003976
2025-07-04,2025-07-18,0.0383,0.3028,1.0026,-0.1,0.1796,0.011981,0.003567,0.003541
2025-07-04,2025-07-11,0.0192,0.2854,2.1072,-0.1,0.1334,0.016815,0.024729,0.007396
2025-07-04,2025-07-25,0.0575,0.3265,1.002,0.1,0.183,0.010396,0.007501,0.0066
2025-07-11,2025-09-26,0.2108,0.3298,1.0042,-0.1,0.2991,0.005767,0.006324,0.006326
2025-07-11,2025-08-29,0.1342,0.3426,1.0034,0.1,0.22,0.004475,0.00424,0.00424
2025-07-11,2025-12-26,0.46,0.3332,1.0076,0.1,0.3265,0.004168,0.003323,0.003324
2025-07-11,2025-07-25,0.0383,0.3047,3.9801,-0.1,0.1263,0.028054,0.021405,0.021405
2025-07-11,2025-07-18,0.0192,0.3302,3.5281,0.0997,0.1113,0.018622,0.020847,0.020847
2025-07-11,2025-08-01,0.0575,0.3466,1.0011,0.1,0.1575,0.00625,0.004828,0.004929
2025-07-18,2025-07-25,0.0192,0.2802,6.6244,-0.1,0.1156,0.032148,0.027127,0.023286
2025-07-18,2025-08-01,0.0383,0.2921,5.8731,0.1,0.1156,0.013737,0.012066,0.036079
2025-07-18,2025-08-08,0.0575,0.3512,1.0027,0.1,0.188,0.009413,0.007576,0.007246
2025-07-18,2025-08-29,0.115,0.3251,1.0032,0.1,0.2522,0.007215,0.005196,0.005196
2025-07-18,2025-09-26,0.1916,0.348,1.0036,-0.1,0.2203,0.013492,0.006338,0.0043
2025-07-18,2025-12-26,0.4408,0.3353,1.0063,0.1,0.3114,0.004732,0.001987,0.001987
2025-07-25,2025-09-26,0.1725,0.3877,0.0492,-0.0999,2.0,0.012956,0.00412,0.004121
2025-07-25,2025-10-31,0.2683,0.3682,1.0071,-0.1,0.2669,0.003332,0.002744,0.002713
2025-07-25,2025-08-29,0.0958,0.3714,0.0492,-0.0985,2.0,0.022707,0.00818,0.008181
2025-07-25,2025-12-26,0.4216,0.3528,1.009,-0.1,0.3256,0.003125,0.00302,0.00302
2025-07-25,2025-08-08,0.0383,0.3569,1.0021,0.1,0.18,0.010874,0.007853,0.007815
2025-07-25,2025-08-01,0.0192,0.3243,2.7917,-0.1,0.1579,0.006733,0.02013,0.007808
2025-07-25,2025-08-15,0.0575,0.3634,1.0016,-0.1,0.1716,0.01075,0.00486,0.015785
2025-08-01,2025-08-08,0.0192,0.3007,3.4939,-0.1,0.1091,0.014539,0.014109,0.011496
2025-08-01,2025-08-15,0.0383,0.3267,0.363,-0.1,0.2086,0.006432,0.009809,0.006428
2025-08-01,2025-08-22,0.0575,0.2763,4.3766,-0.1,0.1094,0.013296,0.007601,0.007585
2025-08-01,2025-08-29,0.0767,0.3333,1.0008,0.1,0.1617,0.011728,0.005353,0.005093
2025-08-01,2025-09-26,0.1533,0.3666,0.0354,-0.1,2.0,0.015472,0.00524,0.00524
2025-08-01,2025-10-31,0.2491,0.3794,1.0027,0.1,0.1837,0.002043,0.001937,0.00197
2025-08-01,2025-12-26,0.4025,0.3591,1.006,0.1,0.2917,0.005431,0.001849,0.001849
2025-08-08,2025-12-26,0.3833,0.321,1.0044,-0.1,0.3183,0.003983,0.002903,0.002903
2025-08-08,2025-10-31,0.23,0.3387,1.0023,0.1,0.2053,0.001589,0.001801,0.001537
2025-08-08,2025-09-26,0.1342,0.3175,1.0013,-0.1,0.1767,0.004712,0.003321,0.004424
2025-08-08,2025-08-22,0.0383,0.2777,0.9992,-0.1,0.143,0.005684,0.008799,0.005905
2025-08-08,2025-08-15,0.0192,0.258,4.4092,-0.1,0.0843,0.026727,0.019965,0.019965
2025-08-08,2025-08-29,0.0575,0.2901,1.0,0.1,0.1501,0.012029,0.004766,0.00469
2025-08-15,2025-08-22,0.0192,0.2952,0.6027,-0.1,0.1426,0.01084,0.019147,0.01182
2025-08-15,2025-08-29,0.0383,0.2942,2.6565,-0.0999,0.1133,0.028367,0.008913,0.005761
2025-08-15,2025-09-05,0.0575,0.3075,0.9998,0.1,0.1495,0.01006,0.006968,0.006532
2025-08-15,2025-09-26,0.115,0.3072,1.0029,0.1,0.2059,0.021001,0.005327,0.005327
2025-08-15,2025-10-31,0.2108,0.331,1.0028,0.1,0.1961,0.007721,0.008026,0.004322
2025-08-15,2025-12-26,0.3641,0.36,1.0023,0.1,0.2391,0.004661,0.00207,0.002074
2025-08-22,2025-10-31,0.1916,0.3128,1.0012,-0.1,0.1951,0.0043,0.002662,0.00265
2025-08-22,2025-09-26,0.0958,0.2532,4.2175,-0.1001,0.1258,0.01159,0.005462,0.005459
2025-08-22,2025-12-26,0.345,0.3598,1.0032,0.1,0.1954,0.005859,0.005087,0.001714
2025-08-22,2025-09-05,0.0383,0.3265,0.0208,0.1,2.0,0.016102,0.014323,0.01145
2025-08-22,2025-08-29,0.0192,0.3125,2.7333,0.1,0.1564,0.021081,0.028195,0.02523
2025-08-22,2025-09-12,0.0575,0.3093,1.0018,0.1,0.1688,0.031817,0.008225,0.008368
2025-08-29,2025-12-26,0.3258,0.3274,0.9995,-0.1,0.2748,0.014363,0.001082,0.001083
2025-08-29,2025-10-31,0.1725,0.3646,0.9998,-0.1,0.1145,0.00871,0.005188,0.005188
2025-08-29,2025-09-26,0.0767,0.3641,0.0262,0.1001,2.0,0.023588,0.01127,0.01127
2025-08-29,2025-11-28,0.2491,0.3451,1.0037,-0.1,0.2147,0.016115,0.003624,0.003625
2025-08-29,2025-09-12,0.0383,0.3481,0.0495,0.1,0.7412,0.011068,0.007505,0.00455
2025-08-29,2025-09-05,0.0192,0.3447,0.2999,-0.1,0.2322,0.015827,0.027185,0.013312
2025-08-29,2025-09-19,0.0575,0.3466,0.9996,0.1,0.1395,0.016797,0.007389,0.00715
2025-09-05,2025-09-12,0.0192,0.3669,0.1192,0.1,0.3425,0.026429,0.019455,0.011578
2025-09-05,2025-09-19,0.0383,0.3469,0.9987,0.1,0.1191,0.012624,0.005995,0.006029
2025-09-05,2025-09-26,0.0575,0.3415,0.0223,0.1,2.0,0.022629,0.007724,0.007711
2025-09-05,2025-10-31,0.1533,0.3677,1.0102,0.1,0.0243,0.011379,0.004268,0.003608
2025-09-05,2025-11-28,0.23,0.3393,0.0563,0.1,2.0,0.01057,0.007675,0.007675
2025-09-05,2025-12-26,0.3066,0.3616,0.0469,0.1,2.0,0.011327,0.002565,0.002565
2025-09-12,2025-11-28,0.2108,0.3311,1.0016,-0.1,0.1766,0.003739,0.002047,0.00205
2025-09-12,2025-10-31,0.1342,0.3189,0.9999,0.1,0.1462,0.006621,0.002215,0.00225
2025-09-12,2025-12-26,0.2875,0.3379,1.0037,0.1,0.2198,0.008692,0.001137,0.001157
2025-09-12,2025-09-26,0.0383,0.2961,1.0007,0.1,0.1634,0.018745,0.009715,0.009721
2025-09-12,2025-09-19,0.0192,0.3061,1.0008,-0.1,0.1537,0.022946,0.016428,0.015558
2025-09-12,2025-10-03,0.0575,0.2853,1.0016,0.1,0.1902,0.010132,0.003639,0.003793
2025-09-19,2025-10-03,0.0383,0.2749,1.0003,0.1,0.1581,0.008285,0.003982,0.003655
2025-09-19,2025-10-10,0.0575,0.269,1.0025,0.1,0.2001,0.01288,0.002774,0.003094
2025-09-19,2025-10-31,0.115,0.2948,1.001,0.1,0.1731,0.006776,0.004176,0.004038
2025-09-19,2025-11-28,0.1916,0.308,1.0024,0.1,0.2013,0.004199,0.001968,0.001973
2025-09-19,2025-12-26,0.2683,0.3266,1.0027,0.1,0.2194,0.002034,0.002447,0.000312
2025-09-26,2025-12-26,0.2491,0.3238,0.9994,-0.1,0.2677,0.022661,0.002313,0.002333
2025-09-26,2025-11-28,0.1725,0.3394,0.0491,0.1,1.7825,0.018689,0.003278,0.003279
2025-09-26,2025-10-31,0.0958,0.3262,1.0007,-0.1,0.159,0.021039,0.004471,0.004471
2025-09-26,2025-10-17,0.0575,0.321,0.9997,0.1,0.1393,0.01854,0.00406,0.005851
2025-09-26,2025-10-03,0.0192,0.3146,0.9992,-0.1,0.1303,0.022563,0.014041,0.009795
2025-09-26,2025-10-10,0.0383,0.3295,0.0177,0.1,2.0,0.011223,0.012557,0.006835
2025-10-03,2025-10-10,0.0192,0.3216,1.0023,-0.1,0.167,0.025602,0.017921,0.017921
2025-10-03,2025-10-17,0.0383,0.308,1.0054,0.1,0.2381,0.010281,0.017017,0.008591
2025-10-03,2025-10-24,0.0575,0.3091,1.0022,-0.1,0.219,0.004658,0.00439,0.004663
2025-10-03,2025-10-31,0.0767,0.3228,1.0035,-0.1,0.2148,0.011445,0.007882,0.00687
2025-10-03,2025-11-28,0.1533,0.3267,1.0035,-0.1,0.2362,0.013075,0.005793,0.005793
2025-10-03,2025-12-26,0.23,0.3326,1.0046,0.1,0.2584,0.009644,0.002303,0.002309
2025-10-03,2026-03-27,0.4791,0.3307,1.0058,-0.1,0.302,0.007845,0.001696,0.001697
2025-10-10,2025-12-26,0.2108,0.4407,1.0111,-0.1,0.014,0.03609,0.021159,0.021142
2025-10-10,2025-11-28,0.1342,0.4079,1.0,-0.1,0.1326,0.03452,0.02294,0.022939
2025-10-10,2026-03-27,0.46,0.4462,1.0105,0.1,0.0171,0.011898,0.007053,0.007039
2025-10-10,2025-10-24,0.0383,0.4334,1.0007,-0.1,0.0042,0.078504,0.051563,0.051563
2025-10-10,2025-10-31,0.0575,0.4754,0.9991,0.1,0.0064,0.068581,0.049391,0.049252
2025-10-10,2025-10-17,0.0192,0.5466,0.9918,-0.1,0.0039,0.167724,0.081817,0.058361
2025-10-17,2025-10-24,0.0192,0.4848,0.1082,0.1001,0.3421,0.046813,0.033949,0.021053
2025-10-17,2025-10-31,0.0383,0.4458,0.9981,0.1,0.2101,0.033082,0.013725,0.01168
2025-10-17,2025-11-07,0.0575,0.4723,0.9942,0.1,0.0103,0.031201,0.004388,0.004348
2025-10-17,2025-11-28,0.115,0.4095,1.0044,-0.1,0.2539,0.026231,0.004938,0.00467
2025-10-17,2025-12-26,0.1916,0.4741,1.0249,-0.1,0.0371,0.020205,0.004779,0.00488
2025-10-17,2026-03-27,0.4408,0.4714,0.9978,0.1,0.0673,0.004748,0.003141,0.003125
2025-10-24,2025-12-26,0.1725,0.39,1.005,0.1,0.2432,0.018923,0.003279,0.003283
2025-10-24,2026-03-27,0.4216,0.4524,0.9989,0.1,0.0855,0.005088,0.001814,0.001306
2025-10-24,2025-11-28,0.0958,0.4091,0.0359,-0.1001,2.0,0.019952,0.004999,0.004344
2025-10-24,2025-11-07,0.0383,0.4176,0.9947,-0.1,0.0086,0.018876,0.006114,0.005928
2025-10-24,2025-11-14,0.0575,0.4178,0.9923,0.1,0.0221,0.011876,0.008472,0.006268
2025-10-31,2025-11-07,0.0192,0.3787,0.0417,0.1,2.0,0.035604,0.030891,0.024498
2025-10-31,2025-11-14,0.0383,0.3674,1.0011,-0.1,0.1683,0.03321,0.027323,0.026514
2025-10-31,2025-11-21,0.0575,0.3595,1.0041,0.1,0.2597,0.023381,0.004247,0.004049
2025-10-31,2025-11-28,0.0767,0.3886,0.034,0.0995,2.0,0.029583,0.022859,0.020556
2025-10-31,2025-12-26,0.1533,0.4239,1.0,0.1,0.1078,0.072106,0.060828,0.060828
2025-10-31,2026-01-30,0.2491,0.3807,0.0767,0.1,1.9577,0.015739,0.001348,0.001355
2025-10-31,2026-03-27,0.4025,0.2982,1.0059,0.1,0.3958,0.015678,0.000594,0.000594
2025-11-07,2025-12-26,0.1342,0.414,1.0013,-0.1,0.1771,0.035702,0.021635,0.021634
2025-11-07,2026-01-30,0.23,0.3936,1.0051,-0.1,0.2208,0.003733,0.002155,0.002171
2025-11-07,2026-03-27,0.3833,0.4583,0.999,-0.1,0.0488,0.006953,0.002104,0.002108
2025-11-07,2025-11-28,0.0575,0.3829,1.0029,0.1,0.2144,0.017725,0.013953,0.013953
2025-11-07,2025-11-14,0.0192,0.4968,0.0146,-0.0995,2.0,0.171449,0.149545,0.159921
2025-11-07,2025-11-21,0.0383,0.4143,0.0217,0.1,2.0,0.014506,0.009054,0.00904
2025-11-14,2025-11-21,0.0192,0.4462,2.5343,-0.1,0.1546,0.031865,0.02867,0.024304
2025-11-14,2025-11-28,0.0383,0.4242,1.0008,-0.1,0.2088,0.02334,0.015223,0.012856
2025-11-14,2025-12-05,0.0575,0.4244,1.0013,-0.1,0.1838,0.016284,0.010485,0.010316
2025-11-14,2025-12-26,0.115,0.4087,1.0038,-0.1,0.2541,0.034861,0.013745,0.013745
2025-11-14,2026-01-30,0.2108,0.4662,1.0304,0.1,0.0288,0.012483,0.005629,0.005683
2025-11-14,2026-03-27,0.3641,0.4759,1.0319,0.1,0.0237,0.010055,0.002796,0.002801
2025-11-21,2026-03-27,0.345,0.5234,1.0096,-0.1,0.0278,0.016302,0.002922,0.002922
2025-11-21,2026-01-30,0.1916,0.5231,0.9974,0.1,0.0157,0.014728,0.014728,0.006327
2025-11-21,2025-12-26,0.0958,0.553,1.0127,-0.1,0.0144,0.02933,0.009105,0.009104
2025-11-21,2025-12-05,0.0383,0.5542,0.9833,-0.1,0.2045,0.032257,0.022739,0.022739
2025-11-21,2025-11-28,0.0192,0.5956,2.7919,0.1,0.1654,0.051561,0.030346,0.025539
2025-11-21,2025-12-12,0.0575,0.5623,0.9987,0.1,0.1019,0.031995,0.010721,0.010746
2025-11-28,2025-12-05,0.0192,0.3902,1.508,-0.1,0.1471,0.025015,0.019273,0.008809
2025-11-28,2025-12-12,0.0383,0.4098,1.011,-0.1,0.298,0.032893,0.007475,0.007719
2025-11-28,2025-12-19,0.0575,0.4229,1.0039,-0.1,0.2114,0.017045,0.003866,0.003631
2025-11-28,2025-12-26,0.0767,0.4174,1.0027,-0.1,0.2233,0.030722,0.009662,0.009658
2025-11-28,2026-01-30,0.1725,0.4573,1.0086,0.1,0.0196,0.014965,0.004515,0.004302
2025-11-28,2026-02-27,0.2491,0.4609,1.018,-0.1,0.0375,0.009786,0.003293,0.003215
2025-11-28,2026-03-27,0.3258,0.4738,1.0181,-0.1,0.0278,0.017765,0.003408,0.003411
2025-12-05,2026-02-27,0.23,0.4461,1.0228,0.1,0.0185,0.010944,0.00247,0.002359
2025-12-05,2026-03-27,0.3066,0.4518,1.025,0.1,0.0181,0.011258,0.000791,0.000786
2025-12-05,2026-01-30,0.1533,0.4327,0.0236,0.0998,1.9829,0.035547,0.004189,0.00419
2025-12-05,2025-12-12,0.0192,0.468,1.0015,0.1,0.1723,0.023076,0.008986,0.006561
2025-12-05,2025-12-19,0.0383,0.4488,1.0008,0.1,0.1612,0.025122,0.008914,0.008792
2025-12-05,2025-12-26,0.0575,0.4492,0.9984,-0.1,0.1378,0.025632,0.005788,0.005456
2025-12-12,2025-12-19,0.0192,0.4062,3.2752,-0.1,0.1102,0.041355,0.016055,0.009933
2025-12-12,2025-12-26,0.0383,0.3458,6.098,-0.1,0.1103,0.034073,0.011209,0.011189
2025-12-12,2026-01-02,0.0575,0.4109,1.002,0.1,0.0112,0.008635,0.002399,0.002486
2025-12-12,2026-01-30,0.1342,0.3982,1.0009,0.1,0.1575,0.030033,0.002601,0.002601
2025-12-12,2026-02-27,0.2108,0.4235,1.0014,0.1,0.0153,0.009013,0.002538,0.002587
2025-12-12,2026-03-27,0.2875,0.4385,1.0034,-0.1,0.0211,0.017279,0.001548,0.001548
2025-12-19,2026-03-27,0.2683,0.4459,1.0279,0.1,0.0203,0.006773,0.00072,0.000743
2025-12-19,2026-02-27,0.1916,0.4412,1.0018,0.1,0.0182,0.007809,0.002004,0.001968
2025-12-19,2026-01-30,0.115,0.4127,1.002,-0.1,0.1901,0.023686,0.00352,0.003649
2025-12-19,2026-01-02,0.0383,0.4071,1.0027,0.1,0.1893,0.021468,0.005693,0.005413
2025-12-19,2026-01-09,0.0575,0.4232,0.999,-0.1,0.1162,0.009153,0.004341,0.005077
2025-12-26,2026-01-02,0.0192,0.3506,1.0021,0.1,0.1801,0.007193,0.015856,0.007351
2025-12-26,2026-01-09,0.0383,0.3587,1.0,0.1,0.1413,0.007375,0.005066,0.004266
2025-12-26,2026-01-16,0.0575,0.392,0.9951,0.1,0.0164,0.011593,0.009095,0.005337
2025-12-26,2026-01-30,0.0958,0.3567,1.0033,0.1,0.2128,0.02107,0.004161,0.004157
2025-12-26,2026-02-27,0.1725,0.4063,1.0035,0.1,0.0381,0.009632,0.003742,0.003799
2025-12-26,2026-03-27,0.2491,0.3425,1.0011,0.1,0.2676,0.0225,0.001815,0.001806
2026-01-02,2026-03-27,0.23,0.3949,1.0015,0.1,0.1604,0.006725,0.002006,0.001913
2026-01-02,2026-06-26,0.4791,0.4454,1.0245,-0.1,0.055,0.004931,0.001063,0.001121
2026-01-02,2026-02-27,0.1533,0.3729,1.0037,0.1,0.2116,0.011509,0.002183,0.002307
2026-01-02,2026-01-09,0.0192,0.3771,1.0068,-0.1,0.2282,0.009924,0.041346,0.011753
2026-01-02,2026-01-23,0.0575,0.3768,1.0027,0.1,0.1861,0.004535,0.00705,0.007139
2026-01-02,2026-01-16,0.0383,0.372,1.0045,0.1,0.212,0.003357,0.003492,0.002493
2026-01-02,2026-01-30,0.0767,0.3688,1.0033,-0.1,0.2193,0.010082,0.002981,0.00296
2026-01-09,2026-03-27,0.2108,0.4078,0.9994,-0.1,0.0883,0.008409,0.007162,0.007162
2026-01-09,2026-02-27,0.1342,0.3657,1.0042,0.1,0.2186,0.016535,0.002835,0.002838
2026-01-09,2026-06-26,0.46,0.4466,1.0096,0.1,0.0266,0.00859,0.002599,0.001955
2026-01-09,2026-01-23,0.0383,0.3544,1.0006,-0.1,0.1533,0.007475,0.005022,0.004499
2026-01-09,2026-01-16,0.0192,0.3557,1.0009,-0.1,0.1526,0.03249,0.009135,0.008042
2026-01-09,2026-01-30,0.0575,0.3708,1.0013,0.1,0.1699,0.01687,0.007633,0.007633
2026-01-16,2026-01-23,0.0192,0.3304,1.0033,-0.1,0.186,0.039952,0.02675,0.02601
2026-01-16,2026-01-30,0.0383,0.3556,1.0,-0.1,0.1357,0.018713,0.00956,0.008491
2026-01-16,2026-02-06,0.0575,0.3504,0.9991,0.1,0.1244,0.005473,0.003986,0.00395
2026-01-16,2026-02-27,0.115,0.3509,1.0026,-0.1,0.1856,0.014817,0.004198,0.004225
2026-01-16,2026-03-27,0.1916,0.3421,1.0041,0.1,0.2319,0.014463,0.002659,0.00266
2026-01-16,2026-06-26,0.4408,0.4339,1.0338,0.1,0.0295,0.007176,0.002092,0.001952
2026-01-23,2026-03-27,0.1725,0.3563,1.0006,-0.1,0.1467,0.008712,0.004298,0.00551
2026-01-23,2026-02-27,0.0958,0.3284,1.0021,0.1,0.1834,0.023348,0.00504,0.00504
2026-01-23,2026-06-26,0.4216,0.4239,1.0016,-0.1,0.0383,0.007765,0.002498,0.002509
2026-01-23,2026-02-06,0.0383,0.3413,0.1256,-0.1,0.3341,0.009842,0.01094,0.007829
2026-01-23,2026-02-13,0.0575,0.3346,0.9998,0.1,0.1424,0.009424,0.004416,0.004658
2026-01-30,2026-02-06,0.0192,0.4163,1.0011,0.1,0.1513,0.029674,0.017722,0.013209
2026-01-30,2026-02-13,0.0383,0.4008,0.0172,0.1001,2.0,0.019282,0.012458,0.012391
2026-01-30,2026-02-20,0.0575,0.3914,0.9978,-0.1,0.0843,0.014921,0.007322,0.007599
2026-01-30,2026-02-27,0.0767,0.3578,1.0035,0.1,0.2148,0.032682,0.006359,0.00459
2026-01-30,2026-03-27,0.1533,0.3496,1.0024,0.1,0.2311,0.030918,0.005217,0.005217
2026-01-30,2026-04-24,0.23,0.4089,0.9986,0.1,0.0559,0.016709,0.003088,0.003112
2026-01-30,2026-06-26,0.4025,0.4373,1.001,-0.1,0.0193,0.009417,0.002204,0.002219
2026-02-06,2026-06-26,0.3833,0.5303,1.0387,0.1,0.0197,0.035532,0.009058,0.008907
2026-02-06,2026-04-24,0.2108,0.534,1.0012,0.1,0.0138,0.063843,0.022698,0.022699
2026-02-06,2026-03-27,0.1342,0.569,1.0149,-0.1,0.006,0.080949,0.018452,0.018452
2026-02-06,2026-02-27,0.0575,0.629,0.9843,-0.1,0.0057,0.103223,0.040033,0.036608
2026-02-06,2026-02-13,0.0192,0.7578,0.8777,-0.1,0.0001,0.094822,0.028059,0.027649
2026-02-06,2026-02-20,0.0383,0.6574,0.9585,0.1,0.0007,0.07266,0.028148,0.029629
2026-02-13,2026-02-20,0.0192,0.4849,0.2165,0.1,0.2809,0.042842,0.036414,0.01961
2026-02-13,2026-02-27,0.0383,0.4825,0.0138,-0.1001,1.8161,0.024674,0.012897,0.012299
2026-02-13,2026-03-06,0.0575,0.4859,0.9951,0.1,0.0055,0.02891,0.006321,0.006321
2026-02-13,2026-03-27,0.115,0.4792,1.0109,0.1,0.0087,0.037967,0.003126,0.002789
2026-02-13,2026-04-24,0.1916,0.469,0.998,-0.1,0.0178,0.025023,0.005713,0.005714
2026-02-13,2026-06-26,0.3641,0.3837,0.0956,-0.1001,2.0,0.029755,0.000989,0.000993
2026-02-20,2026-06-26,0.345,0.4648,1.0139,-0.1,0.0278,0.004677,0.00157,0.001584
2026-02-20,2026-04-24,0.1725,0.4641,1.0227,-0.1,0.015,0.014485,0.001981,0.001885
2026-02-20,2026-03-27,0.0958,0.4573,1.0008,-0.1,0.131,0.017451,0.004773,0.00472
2026-02-20,2026-03-06,0.0383,0.4487,1.0007,-0.1,0.1858,0.015301,0.004596,0.004596
2026-02-20,2026-02-27,0.0192,0.4802,0.9928,-0.1,0.2182,0.031788,0.029191,0.009943
2026-02-20,2026-03-13,0.0575,0.4663,0.997,0.1,0.0871,0.011502,0.002661,0.002017
2026-02-27,2026-03-06,0.0192,0.4838,0.0293,-0.0999,1.894,0.030587,0.013981,0.008068
2026-02-27,2026-03-13,0.0383,0.4634,0.9996,-0.1,0.1562,0.023354,0.005586,0.004638
2026-02-27,2026-03-20,0.0575,0.452,1.0001,-0.1,0.1636,0.01246,0.005351,0.005432
2026-02-27,2026-03-27,0.0767,0.4432,0.0624,-0.1001,2.0,0.036541,0.007325,0.004942
2026-02-27,2026-04-24,0.1533,0.4644,1.0177,0.1,0.0105,0.014995,0.004371,0.004194
2026-02-27,2026-05-29,0.2491,0.4687,1.012,0.1,0.0224,0.017772,0.002818,0.00282
2026-02-27,2026-06-26,0.3258,0.4688,1.0255,-0.1,0.0194,0.009933,0.002927,0.002929
2026-03-06,2026-06-26,0.3066,0.5008,1.0082,0.1,0.0214,0.01763,0.001937,0.001937
2026-03-06,2026-05-29,0.23,0.4918,0.9988,0.1,0.0465,0.008358,0.002387,0.002953
2026-03-06,2026-04-24,0.1342,0.5043,1.0053,-0.1,0.0143,0.007866,0.005517,0.001667
2026-03-06,2026-03-20,0.0383,0.5158,1.0011,-0.1,0.1942,0.024354,0.00409,0.00409
2026-03-06,2026-03-27,0.0575,0.5383,0.9994,0.1,0.0577,0.030135,0.007201,0.007022
2026-03-13,2026-05-29,0.2108,0.4987,1.0014,0.1,0.0133,0.020662,0.00434,0.004343
2026-03-13,2026-03-20,0.0192,0.5122,1.0002,0.1,0.1735,0.028377,0.010245,0.009737
2026-03-13,2026-03-27,0.0383,0.5091,0.9985,-0.1,0.2007,0.047539,0.007093,0.00704
2026-03-13,2026-04-03,0.0575,0.5059,0.9938,0.1,0.0085,0.015573,0.001309,0.001709
2026-03-13,2026-04-24,0.115,0.4919,0.9985,-0.1,0.1007,0.026252,0.003058,0.003059
2026-03-13,2026-06-26,0.2875,0.4601,1.0055,-0.1,0.2178,0.01926,0.001745,0.001749
